wikidata_id;baumart_bo;baumart_de;property_id;attribute_name;value;group
Q165145;Quercus robur;Stiel-Eiche;P105;taxonomischer_rang;Art;
Q165145;Quercus robur;Stiel-Eiche;P10906;foliage_type;laubabwerfend;
Q165145;Quercus robur;Stiel-Eiche;P12616;leaf_morphology;lobate leaf blade;
Q165145;Quercus robur;Stiel-Eiche;P12616;leaf_morphology;lobate leaf edge;
Q165145;Quercus robur;Stiel-Eiche;P12616;leaf_morphology;obovate leaf blade;
Q165145;Quercus robur;Stiel-Eiche;P12616;leaf_morphology;sitzendes Blatt;
Q165145;Quercus robur;Stiel-Eiche;P13478;nomenklatorischer_typ_von;Eichen;
Q165145;Quercus robur;Stiel-Eiche;P141;gefaehrdungsstufe_iucn;nicht gefährdet;
Q165145;Quercus robur;Stiel-Eiche;P1420;taxonomische_synonyme;Quercus longaeva;
Q165145;Quercus robur;Stiel-Eiche;P1672;ursprung_von;Eichel;
Q165145;Quercus robur;Stiel-Eiche;P1672;ursprung_von;oakwood from Quercus robur;
Q165145;Quercus robur;Stiel-Eiche;P171;uebergeordnetes_taxon;Eichen;
Q165145;Quercus robur;Stiel-Eiche;P18;bild;http://commons.wikimedia.org/wiki/Special:FilePath/Paprastasis%20azuolas.JPG;
Q165145;Quercus robur;Stiel-Eiche;P181;verbreitungskarte_des_taxons;http://commons.wikimedia.org/wiki/Special:FilePath/Quercus%20robur%20range.svg;
Q165145;Quercus robur;Stiel-Eiche;P225;wissenschaftlicher_name;Quercus robur;
Q165145;Quercus robur;Stiel-Eiche;P279;unterklasse_von;Eichen;
Q165145;Quercus robur;Stiel-Eiche;P31;ist_eine;Heilpflanze;
Q165145;Quercus robur;Stiel-Eiche;P31;ist_eine;Taxon;
Q165145;Quercus robur;Stiel-Eiche;P4000;fruchttyp;Nussfrucht;
Q165145;Quercus robur;Stiel-Eiche;P4214;hoechste_beobachtete_lebensdauer;930.0;
Q165145;Quercus robur;Stiel-Eiche;P5252;winteransicht;http://commons.wikimedia.org/wiki/Special:FilePath/Quercus%20robur%20-%20Stanislav%20Murashkin%20-%20606130821.jpeg;
Q165145;Quercus robur;Stiel-Eiche;P8193;winterhaerte_der_pflanze;5;
Q165145;Quercus robur;Stiel-Eiche;P9714;verbreitungsgebiet;Volksrepublik China;
Q158776;Carpinus betulus;Gemeine Hainbuche;P105;taxonomischer_rang;Art;
Q158776;Carpinus betulus;Gemeine Hainbuche;P10906;foliage_type;laubabwerfend;
Q158776;Carpinus betulus;Gemeine Hainbuche;P141;gefaehrdungsstufe_iucn;nicht gefährdet;
Q158776;Carpinus betulus;Gemeine Hainbuche;P1420;taxonomische_synonyme;Carpinus betulus f. quercifolia;
Q158776;Carpinus betulus;Gemeine Hainbuche;P1420;taxonomische_synonyme;Carpinus betulus var. quercifolia;
Q158776;Carpinus betulus;Gemeine Hainbuche;P1420;taxonomische_synonyme;Carpinus caucasica;
Q158776;Carpinus betulus;Gemeine Hainbuche;P1420;taxonomische_synonyme;Carpinus vulgaris;
Q158776;Carpinus betulus;Gemeine Hainbuche;P1672;ursprung_von;Holz der Gemeinen Hainbuche;
Q158776;Carpinus betulus;Gemeine Hainbuche;P171;uebergeordnetes_taxon;Hainbuchen;
Q158776;Carpinus betulus;Gemeine Hainbuche;P18;bild;http://commons.wikimedia.org/wiki/Special:FilePath/Brohmer-Berge-Rothem%C3%BChl-24-10-2009-30.jpg;
Q158776;Carpinus betulus;Gemeine Hainbuche;P18;bild;http://commons.wikimedia.org/wiki/Special:FilePath/Carpinus%20betulus%20-%20Hunsr%C3%BCck%20001.jpg;
Q158776;Carpinus betulus;Gemeine Hainbuche;P18;bild;http://commons.wikimedia.org/wiki/Special:FilePath/Carpinus%20betulus%20Sturm33.jpg;
Q158776;Carpinus betulus;Gemeine Hainbuche;P181;verbreitungskarte_des_taxons;http://commons.wikimedia.org/wiki/Special:FilePath/Carpinus%20betulus%20range.svg;
Q158776;Carpinus betulus;Gemeine Hainbuche;P225;wissenschaftlicher_name;Carpinus betulus;
Q158776;Carpinus betulus;Gemeine Hainbuche;P31;ist_eine;Taxon;
Q158776;Carpinus betulus;Gemeine Hainbuche;P4000;fruchttyp;Nussfrucht;
Q158785;Acer campestre;Feld-Ahorn;P105;taxonomischer_rang;Art;
Q158785;Acer campestre;Feld-Ahorn;P10906;foliage_type;laubabwerfend;
Q158785;Acer campestre;Feld-Ahorn;P141;gefaehrdungsstufe_iucn;nicht gefährdet;
Q158785;Acer campestre;Feld-Ahorn;P1672;ursprung_von;field maple;
Q158785;Acer campestre;Feld-Ahorn;P171;uebergeordnetes_taxon;Ahorn;
Q158785;Acer campestre;Feld-Ahorn;P18;bild;http://commons.wikimedia.org/wiki/Special:FilePath/Acer%20campestre%20006.jpg;
Q158785;Acer campestre;Feld-Ahorn;P18;bild;http://commons.wikimedia.org/wiki/Special:FilePath/Acer%20campestre%2002%20by-dpc.jpg;
Q158785;Acer campestre;Feld-Ahorn;P18;bild;http://commons.wikimedia.org/wiki/Special:FilePath/Dettaglio%20-%20Aceraceae%20Acer%20campestre%20L.%20Erbario%20Frizzi%20Perugia%20n.%203766.jpg;
Q158785;Acer campestre;Feld-Ahorn;P181;verbreitungskarte_des_taxons;http://commons.wikimedia.org/wiki/Special:FilePath/Acer%20campestre%20range.png;
Q158785;Acer campestre;Feld-Ahorn;P225;wissenschaftlicher_name;Acer campestre;
Q158785;Acer campestre;Feld-Ahorn;P2827;bluetenfarbe;Grün;
Q158785;Acer campestre;Feld-Ahorn;P31;ist_eine;Taxon;
Q158785;Acer campestre;Feld-Ahorn;P3739;bluetenstand;Schirmtraube;
Q158785;Acer campestre;Feld-Ahorn;P3739;bluetenstand;erect infloresence;
Q158785;Acer campestre;Feld-Ahorn;P4000;fruchttyp;Flügelnuss;
Q158785;Acer campestre;Feld-Ahorn;P9714;verbreitungsgebiet;Schweiz;
Q158746;Tilia cordata;Winter-Linde;P105;taxonomischer_rang;Art;
Q158746;Tilia cordata;Winter-Linde;P10906;foliage_type;laubabwerfend;
Q158746;Tilia cordata;Winter-Linde;P1282;openstreetmap_attribut;species=Tilia_cordata;
Q158746;Tilia cordata;Winter-Linde;P141;gefaehrdungsstufe_iucn;nicht gefährdet;
Q158746;Tilia cordata;Winter-Linde;P1672;ursprung_von;Lindenblüte;
Q158746;Tilia cordata;Winter-Linde;P171;uebergeordnetes_taxon;Linde;
Q158746;Tilia cordata;Winter-Linde;P18;bild;http://commons.wikimedia.org/wiki/Special:FilePath/Tilia%20cordata%2C%20Lipa2009.jpg;
Q158746;Tilia cordata;Winter-Linde;P181;verbreitungskarte_des_taxons;http://commons.wikimedia.org/wiki/Special:FilePath/Tilia%20cordata%20range.svg;
Q158746;Tilia cordata;Winter-Linde;P225;wissenschaftlicher_name;Tilia cordata;
Q158746;Tilia cordata;Winter-Linde;P279;unterklasse_von;Nutzpflanze;
Q158746;Tilia cordata;Winter-Linde;P31;ist_eine;Taxon;
Q158746;Tilia cordata;Winter-Linde;P366;verwendung;Gemüse;
Q158746;Tilia cordata;Winter-Linde;P3739;bluetenstand;cyme;
Q158746;Tilia cordata;Winter-Linde;P3739;bluetenstand;erect infloresence;
Q158746;Tilia cordata;Winter-Linde;P3739;bluetenstand;staminodeless florets or flower;
Q158746;Tilia cordata;Winter-Linde;P4000;fruchttyp;Nüsschen;
Q158746;Tilia cordata;Winter-Linde;P462;farbe;Orange;
Q158746;Tilia cordata;Winter-Linde;P5252;winteransicht;http://commons.wikimedia.org/wiki/Special:FilePath/Berlin%20Schillerpark%20lub%202026-02-20%20img01jpg%2005.jpg;
Q158746;Tilia cordata;Winter-Linde;P8193;winterhaerte_der_pflanze;3b;
Q156904;Alnus glutinosa;Schwarz-Erle;P105;taxonomischer_rang;Art;
Q156904;Alnus glutinosa;Schwarz-Erle;P10906;foliage_type;laubabwerfend;
Q156904;Alnus glutinosa;Schwarz-Erle;P141;gefaehrdungsstufe_iucn;nicht gefährdet;
Q156904;Alnus glutinosa;Schwarz-Erle;P1672;ursprung_von;European alder;
Q156904;Alnus glutinosa;Schwarz-Erle;P171;uebergeordnetes_taxon;Erlen;
Q156904;Alnus glutinosa;Schwarz-Erle;P18;bild;http://commons.wikimedia.org/wiki/Special:FilePath/Alnus%20glutinosa%20%28Schwarzerle%29.jpg;
Q156904;Alnus glutinosa;Schwarz-Erle;P18;bild;http://commons.wikimedia.org/wiki/Special:FilePath/Alnus%20glutinosa%20011.jpg;
Q156904;Alnus glutinosa;Schwarz-Erle;P181;verbreitungskarte_des_taxons;http://commons.wikimedia.org/wiki/Special:FilePath/Alnus%20glutinosa%20range.svg;
Q156904;Alnus glutinosa;Schwarz-Erle;P225;wissenschaftlicher_name;Alnus glutinosa;
Q156904;Alnus glutinosa;Schwarz-Erle;P31;ist_eine;Taxon;
Q156904;Alnus glutinosa;Schwarz-Erle;P4000;fruchttyp;Nussfrucht;
Q156904;Alnus glutinosa;Schwarz-Erle;P5252;winteransicht;http://commons.wikimedia.org/wiki/Special:FilePath/Alnus%20glutinosa%20-%20Stanislav%20Murashkin%20-%20604766610.jpeg;
Q156904;Alnus glutinosa;Schwarz-Erle;P5588;invasiv_in;Neuseeland;
Q156904;Alnus glutinosa;Schwarz-Erle;P566;basionym;Betula alnus var. glutinosa;
Q156944;Acer pseudoplatanus;Berg-Ahorn;P105;taxonomischer_rang;Art;
Q156944;Acer pseudoplatanus;Berg-Ahorn;P10906;foliage_type;laubabwerfend;
Q156944;Acer pseudoplatanus;Berg-Ahorn;P141;gefaehrdungsstufe_iucn;nicht gefährdet;
Q156944;Acer pseudoplatanus;Berg-Ahorn;P1672;ursprung_von;Ahornholz;
Q156944;Acer pseudoplatanus;Berg-Ahorn;P171;uebergeordnetes_taxon;Ahorn;
Q156944;Acer pseudoplatanus;Berg-Ahorn;P18;bild;http://commons.wikimedia.org/wiki/Special:FilePath/ID%201211%20Bergahorn%200011.jpg;
Q156944;Acer pseudoplatanus;Berg-Ahorn;P181;verbreitungskarte_des_taxons;http://commons.wikimedia.org/wiki/Special:FilePath/Acer%20pseudoplatanus%20range.svg;
Q156944;Acer pseudoplatanus;Berg-Ahorn;P225;wissenschaftlicher_name;Acer pseudoplatanus;
Q156944;Acer pseudoplatanus;Berg-Ahorn;P279;unterklasse_von;Baum;
Q156944;Acer pseudoplatanus;Berg-Ahorn;P2827;bluetenfarbe;Grün;
Q156944;Acer pseudoplatanus;Berg-Ahorn;P31;ist_eine;Taxon;
Q156944;Acer pseudoplatanus;Berg-Ahorn;P3739;bluetenstand;Rispe;
Q156944;Acer pseudoplatanus;Berg-Ahorn;P3739;bluetenstand;Traube;
Q156944;Acer pseudoplatanus;Berg-Ahorn;P3739;bluetenstand;pendulous infloresence;
Q156944;Acer pseudoplatanus;Berg-Ahorn;P4000;fruchttyp;Flügelnuss;
Q26745;Acer platanoides;Spitz-Ahorn;P105;taxonomischer_rang;Art;
Q26745;Acer platanoides;Spitz-Ahorn;P10906;foliage_type;laubabwerfend;
Q26745;Acer platanoides;Spitz-Ahorn;P141;gefaehrdungsstufe_iucn;nicht gefährdet;
Q26745;Acer platanoides;Spitz-Ahorn;P1672;ursprung_von;Ahornholz;
Q26745;Acer platanoides;Spitz-Ahorn;P1672;ursprung_von;Norway maple;
Q26745;Acer platanoides;Spitz-Ahorn;P1672;ursprung_von;acerin;
Q26745;Acer platanoides;Spitz-Ahorn;P171;uebergeordnetes_taxon;Ahorn;
Q26745;Acer platanoides;Spitz-Ahorn;P18;bild;http://commons.wikimedia.org/wiki/Special:FilePath/2020%20year.%20Herbarium.%20Acer%20platanoides.%20img-012.jpg;
Q26745;Acer platanoides;Spitz-Ahorn;P18;bild;http://commons.wikimedia.org/wiki/Special:FilePath/Ahornbluete.jpg;
Q26745;Acer platanoides;Spitz-Ahorn;P18;bild;http://commons.wikimedia.org/wiki/Special:FilePath/Spitz-Ahorn%28mbo%29.jpg;
Q26745;Acer platanoides;Spitz-Ahorn;P181;verbreitungskarte_des_taxons;http://commons.wikimedia.org/wiki/Special:FilePath/Acer%20platanoides%20range.svg;
Q26745;Acer platanoides;Spitz-Ahorn;P225;wissenschaftlicher_name;Acer platanoides;
Q26745;Acer platanoides;Spitz-Ahorn;P2827;bluetenfarbe;Gelb;
Q26745;Acer platanoides;Spitz-Ahorn;P31;ist_eine;Taxon;
Q26745;Acer platanoides;Spitz-Ahorn;P3739;bluetenstand;Schirmtraube;
Q26745;Acer platanoides;Spitz-Ahorn;P3739;bluetenstand;erect infloresence;
Q26745;Acer platanoides;Spitz-Ahorn;P4000;fruchttyp;Flügelnuss;
Q26745;Acer platanoides;Spitz-Ahorn;P443;aussprache_audiodatei;http://commons.wikimedia.org/wiki/Special:FilePath/LL-Q150%20%28fra%29-Fabricio%20Cardenas%20%28Culex%29-%C3%A9rable%20plane.wav;
Q26745;Acer platanoides;Spitz-Ahorn;P9714;verbreitungsgebiet;Volksrepublik China;
Q156895;Betula pendula;Sand-Birke;P105;taxonomischer_rang;Art;
Q156895;Betula pendula;Sand-Birke;P10906;foliage_type;laubabwerfend;
Q156895;Betula pendula;Sand-Birke;P141;gefaehrdungsstufe_iucn;nicht gefährdet;
Q156895;Betula pendula;Sand-Birke;P1672;ursprung_von;Birkenblätter;
Q156895;Betula pendula;Sand-Birke;P1672;ursprung_von;silver birch;
Q156895;Betula pendula;Sand-Birke;P171;uebergeordnetes_taxon;Birken;
Q156895;Betula pendula;Sand-Birke;P18;bild;http://commons.wikimedia.org/wiki/Special:FilePath/Betula%20pendula%20Finland.jpg;
Q156895;Betula pendula;Sand-Birke;P18;bild;http://commons.wikimedia.org/wiki/Special:FilePath/Betula%20pendula%20in%20Sedovo%201.jpg;
Q156895;Betula pendula;Sand-Birke;P18;bild;http://commons.wikimedia.org/wiki/Special:FilePath/Illustration%20Betula%20pendula0.jpg;
Q156895;Betula pendula;Sand-Birke;P181;verbreitungskarte_des_taxons;http://commons.wikimedia.org/wiki/Special:FilePath/Betula%20pendula%20range.svg;
Q156895;Betula pendula;Sand-Birke;P225;wissenschaftlicher_name;Betula pendula;
Q156895;Betula pendula;Sand-Birke;P279;unterklasse_von;Nutzpflanze;
Q156895;Betula pendula;Sand-Birke;P2827;bluetenfarbe;Hexadezimalsystem;
Q156895;Betula pendula;Sand-Birke;P2827;bluetenfarbe;Hänge-Birke;
Q156895;Betula pendula;Sand-Birke;P31;ist_eine;Taxon;
Q156895;Betula pendula;Sand-Birke;P366;verwendung;Heilpflanze;
Q156895;Betula pendula;Sand-Birke;P4000;fruchttyp;Nüsschen;
Q156895;Betula pendula;Sand-Birke;P8193;winterhaerte_der_pflanze;2;
Q156895;Betula pendula;Sand-Birke;P9714;verbreitungsgebiet;Xinjiang;
Q146149;Fagus sylvatica;Rotbuche;P105;taxonomischer_rang;Art;
Q146149;Fagus sylvatica;Rotbuche;P10906;foliage_type;laubabwerfend;
Q146149;Fagus sylvatica;Rotbuche;P141;gefaehrdungsstufe_iucn;nicht gefährdet;
Q146149;Fagus sylvatica;Rotbuche;P1420;taxonomische_synonyme;Fagus comptoniifolia;
Q146149;Fagus sylvatica;Rotbuche;P1672;ursprung_von;European beechnut;
Q146149;Fagus sylvatica;Rotbuche;P1672;ursprung_von;Rotbuchenholz;
Q146149;Fagus sylvatica;Rotbuche;P171;uebergeordnetes_taxon;Buchen;
Q146149;Fagus sylvatica;Rotbuche;P18;bild;http://commons.wikimedia.org/wiki/Special:FilePath/Grib%20skov.jpg;
Q146149;Fagus sylvatica;Rotbuche;P181;verbreitungskarte_des_taxons;http://commons.wikimedia.org/wiki/Special:FilePath/Fagus%20sylvatica%20range.svg;
Q146149;Fagus sylvatica;Rotbuche;P225;wissenschaftlicher_name;Fagus sylvatica;
Q146149;Fagus sylvatica;Rotbuche;P279;unterklasse_von;Nutzpflanze;
Q146149;Fagus sylvatica;Rotbuche;P31;ist_eine;Taxon;
Q146149;Fagus sylvatica;Rotbuche;P366;verwendung;Gemüse;
Q146149;Fagus sylvatica;Rotbuche;P366;verwendung;Nuss;
Q146149;Fagus sylvatica;Rotbuche;P4000;fruchttyp;Nussfrucht;
Q146149;Fagus sylvatica;Rotbuche;P4214;hoechste_beobachtete_lebensdauer;503.0;
Q146149;Fagus sylvatica;Rotbuche;P527;besteht_aus;Blutbuche;
Q146149;Fagus sylvatica;Rotbuche;P527;besteht_aus;Fagus sylvatica f. dawycki;
Q146149;Fagus sylvatica;Rotbuche;P527;besteht_aus;Hänge-Buche;
Q146149;Fagus sylvatica;Rotbuche;P8193;winterhaerte_der_pflanze;4;
Q156907;Fraxinus excelsior;Gemeine Esche;P105;taxonomischer_rang;Art;
Q156907;Fraxinus excelsior;Gemeine Esche;P10906;foliage_type;laubabwerfend;
Q156907;Fraxinus excelsior;Gemeine Esche;P13478;nomenklatorischer_typ_von;Eschen;
Q156907;Fraxinus excelsior;Gemeine Esche;P141;gefaehrdungsstufe_iucn;potenziell gefährdet;
Q156907;Fraxinus excelsior;Gemeine Esche;P1672;ursprung_von;Eschenholz;
Q156907;Fraxinus excelsior;Gemeine Esche;P1672;ursprung_von;Eschensamenöl;
Q156907;Fraxinus excelsior;Gemeine Esche;P1672;ursprung_von;Fraxinus excelsior seed;
Q156907;Fraxinus excelsior;Gemeine Esche;P1672;ursprung_von;gemeine Esche;
Q156907;Fraxinus excelsior;Gemeine Esche;P171;uebergeordnetes_taxon;Eschen;
Q156907;Fraxinus excelsior;Gemeine Esche;P18;bild;http://commons.wikimedia.org/wiki/Special:FilePath/Fraxinus%20excelsior%20001.jpg;
Q156907;Fraxinus excelsior;Gemeine Esche;P18;bild;http://commons.wikimedia.org/wiki/Special:FilePath/Fraxinus%20excelsior.jpg;
Q156907;Fraxinus excelsior;Gemeine Esche;P18;bild;http://commons.wikimedia.org/wiki/Special:FilePath/Illustration%20Fraxinus%20excelsior1.jpg;
Q156907;Fraxinus excelsior;Gemeine Esche;P181;verbreitungskarte_des_taxons;http://commons.wikimedia.org/wiki/Special:FilePath/Fraxinus%20excelsior%20range.svg;
Q156907;Fraxinus excelsior;Gemeine Esche;P225;wissenschaftlicher_name;Fraxinus excelsior;
Q156907;Fraxinus excelsior;Gemeine Esche;P279;unterklasse_von;Baum;
Q156907;Fraxinus excelsior;Gemeine Esche;P279;unterklasse_von;laubabwerfend;
Q156907;Fraxinus excelsior;Gemeine Esche;P31;ist_eine;Taxon;
Q156907;Fraxinus excelsior;Gemeine Esche;P4000;fruchttyp;Flügelnuss;
Q156907;Fraxinus excelsior;Gemeine Esche;P5252;winteransicht;http://commons.wikimedia.org/wiki/Special:FilePath/AskarVinter.jpg;
Q156907;Fraxinus excelsior;Gemeine Esche;P527;besteht_aus;Eschenrinde;
Q133128;Pinus sylvestris;Gemeine Kiefer;P105;taxonomischer_rang;Art;
Q133128;Pinus sylvestris;Gemeine Kiefer;P10906;foliage_type;Immergrüne Pflanze;
Q133128;Pinus sylvestris;Gemeine Kiefer;P13162;referenzabbildung;http://commons.wikimedia.org/wiki/Special:FilePath/A%20description%20of%20the%20genus%20Pinus%20%28Tab.%20I%29%20%287797044884%29.jpg;
Q133128;Pinus sylvestris;Gemeine Kiefer;P13162;referenzabbildung;http://commons.wikimedia.org/wiki/Special:FilePath/Herbarium%20Blackwellianum%20emendatum%20et%20auctum%2C%20id%20est%2C%20Elisabethae%20Blackwell%20collectio%20stirpium%20%28Plate%20190%29%20BHL291523.jpg;
Q133128;Pinus sylvestris;Gemeine Kiefer;P13478;nomenklatorischer_typ_von;Kiefern;
Q133128;Pinus sylvestris;Gemeine Kiefer;P141;gefaehrdungsstufe_iucn;nicht gefährdet;
Q133128;Pinus sylvestris;Gemeine Kiefer;P1672;ursprung_von;Scots pine;
Q133128;Pinus sylvestris;Gemeine Kiefer;P1672;ursprung_von;Waldwolle;
Q133128;Pinus sylvestris;Gemeine Kiefer;P1672;ursprung_von;pine needle oil;
Q133128;Pinus sylvestris;Gemeine Kiefer;P171;uebergeordnetes_taxon;Pinus sect. Pinus;
Q133128;Pinus sylvestris;Gemeine Kiefer;P18;bild;http://commons.wikimedia.org/wiki/Special:FilePath/Pinus%20sylvestris%20Glenmuick.jpg;
Q133128;Pinus sylvestris;Gemeine Kiefer;P181;verbreitungskarte_des_taxons;http://commons.wikimedia.org/wiki/Special:FilePath/Pinus%20sylvestris%20range.svg;
Q133128;Pinus sylvestris;Gemeine Kiefer;P225;wissenschaftlicher_name;Pinus sylvestris;
Q133128;Pinus sylvestris;Gemeine Kiefer;P279;unterklasse_von;Baum;
Q133128;Pinus sylvestris;Gemeine Kiefer;P31;ist_eine;Taxon;
Q133128;Pinus sylvestris;Gemeine Kiefer;P9714;verbreitungsgebiet;Volksrepublik China;
Q156918;Salix alba;Silber-Weide;P105;taxonomischer_rang;Art;
Q156918;Salix alba;Silber-Weide;P10906;foliage_type;laubabwerfend;
Q156918;Salix alba;Silber-Weide;P13478;nomenklatorischer_typ_von;Weiden;
Q156918;Salix alba;Silber-Weide;P141;gefaehrdungsstufe_iucn;nicht gefährdet;
Q156918;Salix alba;Silber-Weide;P171;uebergeordnetes_taxon;Weiden;
Q156918;Salix alba;Silber-Weide;P18;bild;http://commons.wikimedia.org/wiki/Special:FilePath/2015-05-08%20B%C3%BCdingen%20Naturdenkmal%20440.221%20Silber-Weide%20-%200919.jpg;
Q156918;Salix alba;Silber-Weide;P18;bild;http://commons.wikimedia.org/wiki/Special:FilePath/Illustration%20Salix%20alba0.jpg;
Q156918;Salix alba;Silber-Weide;P18;bild;http://commons.wikimedia.org/wiki/Special:FilePath/Salix%20alba%20an%20der%20Isar.jpg;
Q156918;Salix alba;Silber-Weide;P181;verbreitungskarte_des_taxons;http://commons.wikimedia.org/wiki/Special:FilePath/Salix%20alba%20range.svg;
Q156918;Salix alba;Silber-Weide;P225;wissenschaftlicher_name;Salix alba;
Q156918;Salix alba;Silber-Weide;P31;ist_eine;Taxon;
Q156918;Salix alba;Silber-Weide;P366;verwendung;Heilpflanze;
Q156918;Salix alba;Silber-Weide;P4000;fruchttyp;Kapselfrucht;
Q156918;Salix alba;Silber-Weide;P5588;invasiv_in;Australien;
Q156918;Salix alba;Silber-Weide;P9714;verbreitungsgebiet;Autonomes Gebiet Tibet;
Q156918;Salix alba;Silber-Weide;P9714;verbreitungsgebiet;Xinjiang;
Q156831;Tilia platyphyllos;Sommerlinde;P105;taxonomischer_rang;Art;
Q156831;Tilia platyphyllos;Sommerlinde;P10906;foliage_type;laubabwerfend;
Q156831;Tilia platyphyllos;Sommerlinde;P141;gefaehrdungsstufe_iucn;nicht gefährdet;
Q156831;Tilia platyphyllos;Sommerlinde;P1672;ursprung_von;Lindenblüte;
Q156831;Tilia platyphyllos;Sommerlinde;P171;uebergeordnetes_taxon;Linde;
Q156831;Tilia platyphyllos;Sommerlinde;P18;bild;http://commons.wikimedia.org/wiki/Special:FilePath/L%C3%ADpa%20u%20Horn%C3%ADho%20Z%C3%A1blat%C3%AD%20v%20roce%202011%20%281%29.JPG;
Q156831;Tilia platyphyllos;Sommerlinde;P181;verbreitungskarte_des_taxons;http://commons.wikimedia.org/wiki/Special:FilePath/Tilia%20platyphyllos%20range.svg;
Q156831;Tilia platyphyllos;Sommerlinde;P225;wissenschaftlicher_name;Tilia platyphyllos;
Q156831;Tilia platyphyllos;Sommerlinde;P279;unterklasse_von;Nutzpflanze;
Q156831;Tilia platyphyllos;Sommerlinde;P31;ist_eine;Taxon;
Q156831;Tilia platyphyllos;Sommerlinde;P366;verwendung;Gemüse;
Q156831;Tilia platyphyllos;Sommerlinde;P3739;bluetenstand;cyme;
Q156831;Tilia platyphyllos;Sommerlinde;P4000;fruchttyp;Nüsschen;
Q156831;Tilia platyphyllos;Sommerlinde;P4214;hoechste_beobachtete_lebensdauer;700.0;
Q163760;Tilia x vulgaris;Holländische Linde;P105;taxonomischer_rang;Nothospecies;
Q163760;Tilia x vulgaris;Holländische Linde;P10906;foliage_type;laubabwerfend;
Q163760;Tilia x vulgaris;Holländische Linde;P12616;leaf_morphology;asymmetrical leaf blade;
Q163760;Tilia x vulgaris;Holländische Linde;P12616;leaf_morphology;cordate leaf blade;
Q163760;Tilia x vulgaris;Holländische Linde;P12616;leaf_morphology;orbicular leaf blade;
Q163760;Tilia x vulgaris;Holländische Linde;P12616;leaf_morphology;pinnate leaf venation;
Q163760;Tilia x vulgaris;Holländische Linde;P12616;leaf_morphology;rugose leaf;
Q163760;Tilia x vulgaris;Holländische Linde;P12616;leaf_morphology;serrate leaf edge;
Q163760;Tilia x vulgaris;Holländische Linde;P1420;taxonomische_synonyme;Tilia officinarum;
Q163760;Tilia x vulgaris;Holländische Linde;P1420;taxonomische_synonyme;Tilia ×croatica;
Q163760;Tilia x vulgaris;Holländische Linde;P1420;taxonomische_synonyme;Tilia ×eriostylis;
Q163760;Tilia x vulgaris;Holländische Linde;P1531;hybrideltern;Sommer-Linde;
Q163760;Tilia x vulgaris;Holländische Linde;P1531;hybrideltern;Winterlinde;
Q163760;Tilia x vulgaris;Holländische Linde;P1552;charakterisiert_durch;florets per infloresence;
Q163760;Tilia x vulgaris;Holländische Linde;P1672;ursprung_von;European lime wood;
Q163760;Tilia x vulgaris;Holländische Linde;P1672;ursprung_von;Lindenblüte;
Q163760;Tilia x vulgaris;Holländische Linde;P171;uebergeordnetes_taxon;Linde;
Q163760;Tilia x vulgaris;Holländische Linde;P18;bild;http://commons.wikimedia.org/wiki/Special:FilePath/Pr%C3%A6stens%20tr%C3%A6.jpg;
Q163760;Tilia x vulgaris;Holländische Linde;P2043;laenge;0.8;
Q163760;Tilia x vulgaris;Holländische Linde;P2043;laenge;1.8;
Q163760;Tilia x vulgaris;Holländische Linde;P2043;laenge;10.0;
Q163760;Tilia x vulgaris;Holländische Linde;P2043;laenge;7.0;
Q163760;Tilia x vulgaris;Holländische Linde;P2048;hoehe;45.0;
Q163760;Tilia x vulgaris;Holländische Linde;P2049;breite;6.5;
Q163760;Tilia x vulgaris;Holländische Linde;P2049;breite;9.0;
Q163760;Tilia x vulgaris;Holländische Linde;P225;wissenschaftlicher_name;Tilia × europaea;
Q163760;Tilia x vulgaris;Holländische Linde;P2386;durchmesser;8.0;
Q163760;Tilia x vulgaris;Holländische Linde;P279;unterklasse_von;Baum;
Q163760;Tilia x vulgaris;Holländische Linde;P279;unterklasse_von;Nutzpflanze;
Q163760;Tilia x vulgaris;Holländische Linde;P2827;bluetenfarbe;Gelb;
Q163760;Tilia x vulgaris;Holländische Linde;P2827;bluetenfarbe;Grün;
Q163760;Tilia x vulgaris;Holländische Linde;P31;ist_eine;hybrid taxon;
Q163760;Tilia x vulgaris;Holländische Linde;P366;verwendung;Gemüse;
Q163760;Tilia x vulgaris;Holländische Linde;P3739;bluetenstand;cyme;
Q163760;Tilia x vulgaris;Holländische Linde;P3739;bluetenstand;pendulous infloresence;
Q163760;Tilia x vulgaris;Holländische Linde;P462;farbe;Braun;
Q163760;Tilia x vulgaris;Holländische Linde;P462;farbe;Gelb;
Q163760;Tilia x vulgaris;Holländische Linde;P462;farbe;Grün;
Q24853030;Platanus x acerifolia;Gewöhnliche Platane;P105;taxonomischer_rang;Art;
Q24853030;Platanus x acerifolia;Gewöhnliche Platane;P105;taxonomischer_rang;Nothospecies;
Q24853030;Platanus x acerifolia;Gewöhnliche Platane;P10906;foliage_type;laubabwerfend;
Q24853030;Platanus x acerifolia;Gewöhnliche Platane;P12763;taxonomisches_synonym_zu;Ahornblättrige Platane;
Q24853030;Platanus x acerifolia;Gewöhnliche Platane;P1531;hybrideltern;Amerikanische Platane;
Q24853030;Platanus x acerifolia;Gewöhnliche Platane;P1531;hybrideltern;Morgenländische Platane;
Q24853030;Platanus x acerifolia;Gewöhnliche Platane;P171;uebergeordnetes_taxon;Platanen;
Q24853030;Platanus x acerifolia;Gewöhnliche Platane;P18;bild;http://commons.wikimedia.org/wiki/Special:FilePath/London%20Plane%20fruit.png;
Q24853030;Platanus x acerifolia;Gewöhnliche Platane;P225;wissenschaftlicher_name;Platanus ×acerifolia;
Q24853030;Platanus x acerifolia;Gewöhnliche Platane;P31;ist_eine;Hybride;
Q24853030;Platanus x acerifolia;Gewöhnliche Platane;P31;ist_eine;Taxon;
Q24853030;Platanus x acerifolia;Gewöhnliche Platane;P566;basionym;Platanus orientalis var. acerifolia;
Q24853030;Platanus x acerifolia;Gewöhnliche Platane;P9714;verbreitungsgebiet;Fujian;
Q24853030;Platanus x acerifolia;Gewöhnliche Platane;P9714;verbreitungsgebiet;Peking;
Q24853030;Platanus x acerifolia;Gewöhnliche Platane;P9714;verbreitungsgebiet;Volksrepublik China;
Q159565;Salix caprea;Sal-Weide;P105;taxonomischer_rang;Art;
Q159565;Salix caprea;Sal-Weide;P10906;foliage_type;laubabwerfend;
Q159565;Salix caprea;Sal-Weide;P11220;fruchtfarbe;Gelb;
Q159565;Salix caprea;Sal-Weide;P11220;fruchtfarbe;Grün;
Q159565;Salix caprea;Sal-Weide;P11220;fruchtfarbe;Weiß;
Q159565;Salix caprea;Sal-Weide;P141;gefaehrdungsstufe_iucn;nicht gefährdet;
Q159565;Salix caprea;Sal-Weide;P171;uebergeordnetes_taxon;Weiden;
Q159565;Salix caprea;Sal-Weide;P18;bild;http://commons.wikimedia.org/wiki/Special:FilePath/Salix%20caprea8.jpg;
Q159565;Salix caprea;Sal-Weide;P181;verbreitungskarte_des_taxons;http://commons.wikimedia.org/wiki/Special:FilePath/Salix%20caprea%20range.svg;
Q159565;Salix caprea;Sal-Weide;P225;wissenschaftlicher_name;Salix caprea;
Q159565;Salix caprea;Sal-Weide;P2670;enthaelt_elemente_von;Kätzchen;
Q159565;Salix caprea;Sal-Weide;P279;unterklasse_von;Strauch;
Q159565;Salix caprea;Sal-Weide;P2827;bluetenfarbe;Gelb;
Q159565;Salix caprea;Sal-Weide;P2827;bluetenfarbe;Grün;
Q159565;Salix caprea;Sal-Weide;P31;ist_eine;Taxon;
Q159565;Salix caprea;Sal-Weide;P366;verwendung;Heilpflanze;
Q159565;Salix caprea;Sal-Weide;P4000;fruchttyp;Kapselfrucht;
Q159565;Salix caprea;Sal-Weide;P5588;invasiv_in;Australien;
Q159565;Salix caprea;Sal-Weide;P8485;taxon_verbreitungskarte_datenmodelliert;http://commons.wikimedia.org/data/main/Data:Salix+caprea+range.map;
Q159565;Salix caprea;Sal-Weide;P9714;verbreitungsgebiet;Europa;
Q159565;Salix caprea;Sal-Weide;P9714;verbreitungsgebiet;Peking;
Q159565;Salix caprea;Sal-Weide;P9714;verbreitungsgebiet;Russland;
Q159565;Salix caprea;Sal-Weide;P9714;verbreitungsgebiet;Volksrepublik China;
Q159565;Salix caprea;Sal-Weide;P9714;verbreitungsgebiet;Xinjiang;
Q165137;Prunus avium;Vogel-Kirsche;P105;taxonomischer_rang;Art;
Q165137;Prunus avium;Vogel-Kirsche;P10906;foliage_type;laubabwerfend;
Q165137;Prunus avium;Vogel-Kirsche;P141;gefaehrdungsstufe_iucn;nicht gefährdet;
Q165137;Prunus avium;Vogel-Kirsche;P1672;ursprung_von;Frucht der Vogelkirsche;
Q165137;Prunus avium;Vogel-Kirsche;P1672;ursprung_von;Kirsche;
Q165137;Prunus avium;Vogel-Kirsche;P1672;ursprung_von;Kirschkern;
Q165137;Prunus avium;Vogel-Kirsche;P1672;ursprung_von;cherry juice;
Q165137;Prunus avium;Vogel-Kirsche;P1672;ursprung_von;cherry pit oil;
Q165137;Prunus avium;Vogel-Kirsche;P1672;ursprung_von;sweet cherry;
Q165137;Prunus avium;Vogel-Kirsche;P171;uebergeordnetes_taxon;Prunus subg. Cerasus;
Q165137;Prunus avium;Vogel-Kirsche;P18;bild;http://commons.wikimedia.org/wiki/Special:FilePath/314%20Prunus%20avium.jpg;
Q165137;Prunus avium;Vogel-Kirsche;P18;bild;http://commons.wikimedia.org/wiki/Special:FilePath/Prunus%20avium%20fruit.jpg;
Q165137;Prunus avium;Vogel-Kirsche;P18;bild;http://commons.wikimedia.org/wiki/Special:FilePath/S%C3%BC%C3%9Fkirsche%20Prunus%20avium.jpg;
Q165137;Prunus avium;Vogel-Kirsche;P181;verbreitungskarte_des_taxons;http://commons.wikimedia.org/wiki/Special:FilePath/Prunus%20avium%20range.svg;
Q165137;Prunus avium;Vogel-Kirsche;P225;wissenschaftlicher_name;Prunus avium;
Q165137;Prunus avium;Vogel-Kirsche;P279;unterklasse_von;Obstbaum;
Q165137;Prunus avium;Vogel-Kirsche;P279;unterklasse_von;Prunus;
Q165137;Prunus avium;Vogel-Kirsche;P31;ist_eine;Taxon;
Q165137;Prunus avium;Vogel-Kirsche;P4000;fruchttyp;Steinfrucht;
Q165137;Prunus avium;Vogel-Kirsche;P566;basionym;Prunus cerasus var. avium;
Q165137;Prunus avium;Vogel-Kirsche;P6800;sequenced_genome_url;https://plants.ensembl.org/Prunus_avium;
Q165137;Prunus avium;Vogel-Kirsche;P8193;winterhaerte_der_pflanze;3;
Q165137;Prunus avium;Vogel-Kirsche;P9714;verbreitungsgebiet;Autonomes Gebiet Tibet;
Q165137;Prunus avium;Vogel-Kirsche;P9714;verbreitungsgebiet;Europa;
Q157417;Robinia pseudoacacia;Gemeine Robinie;P105;taxonomischer_rang;Art;
Q157417;Robinia pseudoacacia;Gemeine Robinie;P10906;foliage_type;laubabwerfend;
Q157417;Robinia pseudoacacia;Gemeine Robinie;P141;gefaehrdungsstufe_iucn;nicht gefährdet;
Q157417;Robinia pseudoacacia;Gemeine Robinie;P1552;charakterisiert_durch;Stickstofffixierung;
Q157417;Robinia pseudoacacia;Gemeine Robinie;P1552;charakterisiert_durch;wildlife attraction;
Q157417;Robinia pseudoacacia;Gemeine Robinie;P1672;ursprung_von;Black Locust seed;
Q157417;Robinia pseudoacacia;Gemeine Robinie;P1672;ursprung_von;Black Locust wood;
Q157417;Robinia pseudoacacia;Gemeine Robinie;P1672;ursprung_von;Robinienholz;
Q157417;Robinia pseudoacacia;Gemeine Robinie;P171;uebergeordnetes_taxon;Robinien;
Q157417;Robinia pseudoacacia;Gemeine Robinie;P18;bild;http://commons.wikimedia.org/wiki/Special:FilePath/Korina%202011-05-20%20Robinia%20pseudoacacia%203.jpg;
Q157417;Robinia pseudoacacia;Gemeine Robinie;P18;bild;http://commons.wikimedia.org/wiki/Special:FilePath/Villn%C3%B6%C3%9F%20Robinie%20beim%20Mantinghof%20Pardell.jpg;
Q157417;Robinia pseudoacacia;Gemeine Robinie;P181;verbreitungskarte_des_taxons;http://commons.wikimedia.org/wiki/Special:FilePath/Robinia%20pseudoacacia%20distribution%20map.png;
Q157417;Robinia pseudoacacia;Gemeine Robinie;P225;wissenschaftlicher_name;Robinia pseudoacacia;
Q157417;Robinia pseudoacacia;Gemeine Robinie;P2670;enthaelt_elemente_von;Toxin;
Q157417;Robinia pseudoacacia;Gemeine Robinie;P279;unterklasse_von;Giftpflanze;
Q157417;Robinia pseudoacacia;Gemeine Robinie;P279;unterklasse_von;Nutzpflanze;
Q157417;Robinia pseudoacacia;Gemeine Robinie;P279;unterklasse_von;fertilizer tree;
Q157417;Robinia pseudoacacia;Gemeine Robinie;P2827;bluetenfarbe;Weiß;
Q157417;Robinia pseudoacacia;Gemeine Robinie;P31;ist_eine;Taxon;
Q157417;Robinia pseudoacacia;Gemeine Robinie;P3648;natureserve_conservation_status;secure;
Q157417;Robinia pseudoacacia;Gemeine Robinie;P366;verwendung;Aufforstung;
Q157417;Robinia pseudoacacia;Gemeine Robinie;P366;verwendung;Bienentrachtpflanze;
Q157417;Robinia pseudoacacia;Gemeine Robinie;P366;verwendung;Futtermittel;
Q157417;Robinia pseudoacacia;Gemeine Robinie;P366;verwendung;Heilpflanze;
Q157417;Robinia pseudoacacia;Gemeine Robinie;P366;verwendung;Holz;
Q157417;Robinia pseudoacacia;Gemeine Robinie;P366;verwendung;Nahrung;
Q157417;Robinia pseudoacacia;Gemeine Robinie;P366;verwendung;soil retention;
Q157417;Robinia pseudoacacia;Gemeine Robinie;P3739;bluetenstand;Traube;
Q157417;Robinia pseudoacacia;Gemeine Robinie;P5252;winteransicht;http://commons.wikimedia.org/wiki/Special:FilePath/Robinia%20pseudoacacia%20-%20%D0%AE%D1%80%D0%B8%D0%B9%20%D0%94%D0%B0%D0%BD%D0%B8%D0%BB%D0%B5%D0%B2%D1%81%D0%BA%D0%B8%D0%B9%20%28Yuriy%20Danilevsky%29%20-%20604778214.jpeg;
Q157417;Robinia pseudoacacia;Gemeine Robinie;P5588;invasiv_in;Shanghai;
Q157417;Robinia pseudoacacia;Gemeine Robinie;P8193;winterhaerte_der_pflanze;3;
Q157417;Robinia pseudoacacia;Gemeine Robinie;P9714;verbreitungsgebiet;Autonomes Gebiet Tibet;
Q157417;Robinia pseudoacacia;Gemeine Robinie;P9714;verbreitungsgebiet;Fujian;
Q157417;Robinia pseudoacacia;Gemeine Robinie;P9714;verbreitungsgebiet;Peking;
Q157417;Robinia pseudoacacia;Gemeine Robinie;P9714;verbreitungsgebiet;Shanghai;
Q157417;Robinia pseudoacacia;Gemeine Robinie;P9714;verbreitungsgebiet;Tianjin;
Q157417;Robinia pseudoacacia;Gemeine Robinie;P9714;verbreitungsgebiet;Volksrepublik China;
Q148939;Corylus colurna;Baum-Hasel;P105;taxonomischer_rang;Art;
Q148939;Corylus colurna;Baum-Hasel;P10906;foliage_type;laubabwerfend;
Q148939;Corylus colurna;Baum-Hasel;P141;gefaehrdungsstufe_iucn;nicht gefährdet;
Q148939;Corylus colurna;Baum-Hasel;P1672;ursprung_von;Turkish hazelnut;
Q148939;Corylus colurna;Baum-Hasel;P171;uebergeordnetes_taxon;Hasel;
Q148939;Corylus colurna;Baum-Hasel;P18;bild;http://commons.wikimedia.org/wiki/Special:FilePath/TurkHazel.jpg;
Q148939;Corylus colurna;Baum-Hasel;P225;wissenschaftlicher_name;Corylus colurna;
Q148939;Corylus colurna;Baum-Hasel;P279;unterklasse_von;Nutzpflanze;
Q148939;Corylus colurna;Baum-Hasel;P31;ist_eine;Heilpflanze;
Q148939;Corylus colurna;Baum-Hasel;P31;ist_eine;Taxon;
Q148939;Corylus colurna;Baum-Hasel;P366;verwendung;Nuss;
Q148939;Corylus colurna;Baum-Hasel;P4000;fruchttyp;Nussfrucht;
Q148939;Corylus colurna;Baum-Hasel;P8193;winterhaerte_der_pflanze;4;
Q147525;Quercus rubra;Amerikanische Roteiche;P105;taxonomischer_rang;Art;
Q147525;Quercus rubra;Amerikanische Roteiche;P10906;foliage_type;laubabwerfend;
Q147525;Quercus rubra;Amerikanische Roteiche;P12616;leaf_morphology;lobate leaf edge;
Q147525;Quercus rubra;Amerikanische Roteiche;P12616;leaf_morphology;obovate leaf blade;
Q147525;Quercus rubra;Amerikanische Roteiche;P12616;leaf_morphology;ovate leaf blade;
Q147525;Quercus rubra;Amerikanische Roteiche;P141;gefaehrdungsstufe_iucn;nicht gefährdet;
Q147525;Quercus rubra;Amerikanische Roteiche;P1420;taxonomische_synonyme;Quercus borealis;
Q147525;Quercus rubra;Amerikanische Roteiche;P1420;taxonomische_synonyme;Quercus borealis f. flabellata;
Q147525;Quercus rubra;Amerikanische Roteiche;P1420;taxonomische_synonyme;Quercus borealis var. flabellata;
Q147525;Quercus rubra;Amerikanische Roteiche;P1420;taxonomische_synonyme;Quercus borealis var. maxima;
Q147525;Quercus rubra;Amerikanische Roteiche;P1420;taxonomische_synonyme;Quercus coccinea var. ambigua;
Q147525;Quercus rubra;Amerikanische Roteiche;P1420;taxonomische_synonyme;Quercus maxima;
Q147525;Quercus rubra;Amerikanische Roteiche;P1420;taxonomische_synonyme;Quercus rubra f. houbae;
Q147525;Quercus rubra;Amerikanische Roteiche;P1420;taxonomische_synonyme;Quercus rubra f. juvenilis;
Q147525;Quercus rubra;Amerikanische Roteiche;P1420;taxonomische_synonyme;Quercus rubra f. obovata;
Q147525;Quercus rubra;Amerikanische Roteiche;P1420;taxonomische_synonyme;Quercus rubra var. ambigua;
Q147525;Quercus rubra;Amerikanische Roteiche;P1420;taxonomische_synonyme;Quercus rubra var. borealis;
Q147525;Quercus rubra;Amerikanische Roteiche;P1420;taxonomische_synonyme;Quercus rubra var. hispanica;
Q147525;Quercus rubra;Amerikanische Roteiche;P1420;taxonomische_synonyme;Quercus rubra var. latepinnatifida;
Q147525;Quercus rubra;Amerikanische Roteiche;P1420;taxonomische_synonyme;Quercus rubra var. latifolia;
Q147525;Quercus rubra;Amerikanische Roteiche;P1420;taxonomische_synonyme;Quercus rubra var. maxima;
Q147525;Quercus rubra;Amerikanische Roteiche;P1420;taxonomische_synonyme;Quercus rubra var. ramosissima;
Q147525;Quercus rubra;Amerikanische Roteiche;P1420;taxonomische_synonyme;Quercus rubra var. subserrata;
Q147525;Quercus rubra;Amerikanische Roteiche;P171;uebergeordnetes_taxon;Eichen;
Q147525;Quercus rubra;Amerikanische Roteiche;P18;bild;http://commons.wikimedia.org/wiki/Special:FilePath/Twin%20Sisters%20Trail%20%2814%29%20%2814092717698%29.jpg;
Q147525;Quercus rubra;Amerikanische Roteiche;P181;verbreitungskarte_des_taxons;http://commons.wikimedia.org/wiki/Special:FilePath/Quercus%20rubra%20range%20map%200.png;
Q147525;Quercus rubra;Amerikanische Roteiche;P225;wissenschaftlicher_name;Quercus rubra;
Q147525;Quercus rubra;Amerikanische Roteiche;P31;ist_eine;Taxon;
Q147525;Quercus rubra;Amerikanische Roteiche;P4214;hoechste_beobachtete_lebensdauer;326.0;
Q147525;Quercus rubra;Amerikanische Roteiche;P8193;winterhaerte_der_pflanze;4;
Q165424;Prunus padus;Trauben-Kirsche;P105;taxonomischer_rang;Art;
Q165424;Prunus padus;Trauben-Kirsche;P10906;foliage_type;laubabwerfend;
Q165424;Prunus padus;Trauben-Kirsche;P13162;referenzabbildung;http://commons.wikimedia.org/wiki/Special:FilePath/Bird%20Cherry%20%28Prunus%20Padus%29%20-%20William%20Catto%20-%20ABDAG016200.jpg;
Q165424;Prunus padus;Trauben-Kirsche;P141;gefaehrdungsstufe_iucn;nicht gefährdet;
Q165424;Prunus padus;Trauben-Kirsche;P171;uebergeordnetes_taxon;Prunus;
Q165424;Prunus padus;Trauben-Kirsche;P18;bild;http://commons.wikimedia.org/wiki/Special:FilePath/Bird%20cherry%20tree%201.jpg;
Q165424;Prunus padus;Trauben-Kirsche;P181;verbreitungskarte_des_taxons;http://commons.wikimedia.org/wiki/Special:FilePath/Prunus%20padus%20range.svg;
Q165424;Prunus padus;Trauben-Kirsche;P225;wissenschaftlicher_name;Prunus padus;
Q165424;Prunus padus;Trauben-Kirsche;P2827;bluetenfarbe;Weiß;
Q165424;Prunus padus;Trauben-Kirsche;P31;ist_eine;Taxon;
Q165424;Prunus padus;Trauben-Kirsche;P4000;fruchttyp;Steinfrucht;
Q165424;Prunus padus;Trauben-Kirsche;P5555;schematische_darstellung;http://commons.wikimedia.org/wiki/Special:FilePath/Prunus%20padus%20flowerdiagram.png;
Q165424;Prunus padus;Trauben-Kirsche;P9714;verbreitungsgebiet;Volksrepublik China;
Q165424;Prunus padus;Trauben-Kirsche;P9714;verbreitungsgebiet;Xinjiang;
Q26899;Aesculus hippocastanum;Roßkastanie;P105;taxonomischer_rang;Art;
Q26899;Aesculus hippocastanum;Roßkastanie;P10906;foliage_type;laubabwerfend;
Q26899;Aesculus hippocastanum;Roßkastanie;P13696;taxon_aspect_image;http://commons.wikimedia.org/wiki/Special:FilePath/Aesculus%20hippocastanum%20Kasztanowiec%20zwyczajny%202023-05-05%2004.jpg;
Q26899;Aesculus hippocastanum;Roßkastanie;P13696;taxon_aspect_image;http://commons.wikimedia.org/wiki/Special:FilePath/Aesculus%20hippocastanum%20bark%20Siemianowice%202.jpg;
Q26899;Aesculus hippocastanum;Roßkastanie;P13696;taxon_aspect_image;http://commons.wikimedia.org/wiki/Special:FilePath/Gebarsten%20bolster%20van%20een%20paardenkastanje%20%28Aesculus%29%2013-10-2022%20%28d.j.b.%29%2002.jpg;
Q26899;Aesculus hippocastanum;Roßkastanie;P141;gefaehrdungsstufe_iucn;gefährdet;
Q26899;Aesculus hippocastanum;Roßkastanie;P1420;taxonomische_synonyme;Aesculus castanea;
Q26899;Aesculus hippocastanum;Roßkastanie;P1420;taxonomische_synonyme;Aesculus hippocastanum f. baumanii;
Q26899;Aesculus hippocastanum;Roßkastanie;P1420;taxonomische_synonyme;Aesculus hippocastanum f. beaumanii;
Q26899;Aesculus hippocastanum;Roßkastanie;P1420;taxonomische_synonyme;Aesculus memmingeri;
Q26899;Aesculus hippocastanum;Roßkastanie;P1420;taxonomische_synonyme;Aesculus procera;
Q26899;Aesculus hippocastanum;Roßkastanie;P1420;taxonomische_synonyme;Aesculus septenata;
Q26899;Aesculus hippocastanum;Roßkastanie;P1672;ursprung_von;Aesculus hippocastanum pollen;
Q26899;Aesculus hippocastanum;Roßkastanie;P1672;ursprung_von;Rosskastanie;
Q26899;Aesculus hippocastanum;Roßkastanie;P1672;ursprung_von;Rosskastanienrinde;
Q26899;Aesculus hippocastanum;Roßkastanie;P1672;ursprung_von;Rosskastaniensamen;
Q26899;Aesculus hippocastanum;Roßkastanie;P171;uebergeordnetes_taxon;Rosskastanien;
Q26899;Aesculus hippocastanum;Roßkastanie;P18;bild;http://commons.wikimedia.org/wiki/Special:FilePath/ND%20678.N.59%20Hofers%20Kastanien%20in%20Wettringen.jpg;
Q26899;Aesculus hippocastanum;Roßkastanie;P181;verbreitungskarte_des_taxons;http://commons.wikimedia.org/wiki/Special:FilePath/Aesculus%20hippocastanum%20range.svg;
Q26899;Aesculus hippocastanum;Roßkastanie;P183;endemisch_in;Balkanhalbinsel;
Q26899;Aesculus hippocastanum;Roßkastanie;P225;wissenschaftlicher_name;Aesculus hippocastanum;
Q26899;Aesculus hippocastanum;Roßkastanie;P31;ist_eine;Taxon;
Q26899;Aesculus hippocastanum;Roßkastanie;P366;verwendung;Heilpflanze;
Q26899;Aesculus hippocastanum;Roßkastanie;P366;verwendung;Holz;
Q26899;Aesculus hippocastanum;Roßkastanie;P3739;bluetenstand;Rispe;
Q26899;Aesculus hippocastanum;Roßkastanie;P3741;samenausbreitung;Barochorie;
Q26899;Aesculus hippocastanum;Roßkastanie;P3741;samenausbreitung;Zoochorie;
Q26899;Aesculus hippocastanum;Roßkastanie;P4000;fruchttyp;Kapselfrucht;
Q26899;Aesculus hippocastanum;Roßkastanie;P5252;winteransicht;http://commons.wikimedia.org/wiki/Special:FilePath/Kastanjeboom.jpg;
Q26899;Aesculus hippocastanum;Roßkastanie;P9714;verbreitungsgebiet;Volksrepublik China;
Q27980;Sorbus intermedia;Schwedische Mehlbeere;P105;taxonomischer_rang;Art;
Q27980;Sorbus intermedia;Schwedische Mehlbeere;P10906;foliage_type;laubabwerfend;
Q27980;Sorbus intermedia;Schwedische Mehlbeere;P141;gefaehrdungsstufe_iucn;nicht gefährdet;
Q27980;Sorbus intermedia;Schwedische Mehlbeere;P171;uebergeordnetes_taxon;Mehlbeeren;
Q27980;Sorbus intermedia;Schwedische Mehlbeere;P18;bild;http://commons.wikimedia.org/wiki/Special:FilePath/Sorbus%20intermedia%20Peterburg.jpg;
Q27980;Sorbus intermedia;Schwedische Mehlbeere;P225;wissenschaftlicher_name;Sorbus intermedia;
Q27980;Sorbus intermedia;Schwedische Mehlbeere;P31;ist_eine;Taxon;
Q27980;Sorbus intermedia;Schwedische Mehlbeere;P566;basionym;Pyrus intermedia;
Q18674606;Malus domestica;Kulturapfel;P105;taxonomischer_rang;Art;
Q18674606;Malus domestica;Kulturapfel;P10906;foliage_type;laubabwerfend;
Q18674606;Malus domestica;Kulturapfel;P1282;openstreetmap_attribut;species=Malus_domestica;
Q18674606;Malus domestica;Kulturapfel;P1420;taxonomische_synonyme;Malus communis;
Q18674606;Malus domestica;Kulturapfel;P1420;taxonomische_synonyme;Malus dioica;
Q18674606;Malus domestica;Kulturapfel;P1420;taxonomische_synonyme;Malus frutescens;
Q18674606;Malus domestica;Kulturapfel;P1420;taxonomische_synonyme;Malus paradisiaca;
Q18674606;Malus domestica;Kulturapfel;P1420;taxonomische_synonyme;Malus praecox;
Q18674606;Malus domestica;Kulturapfel;P1420;taxonomische_synonyme;Malus pumila;
Q18674606;Malus domestica;Kulturapfel;P1420;taxonomische_synonyme;Pyrus dioica;
Q18674606;Malus domestica;Kulturapfel;P1420;taxonomische_synonyme;Pyrus malus;
Q18674606;Malus domestica;Kulturapfel;P1672;ursprung_von;Agredolç;
Q18674606;Malus domestica;Kulturapfel;P1672;ursprung_von;Apfel;
Q18674606;Malus domestica;Kulturapfel;P1672;ursprung_von;Apfelkernöl;
Q18674606;Malus domestica;Kulturapfel;P1672;ursprung_von;Apfelschale;
Q18674606;Malus domestica;Kulturapfel;P1672;ursprung_von;apple seed;
Q18674606;Malus domestica;Kulturapfel;P1672;ursprung_von;apple wood;
Q18674606;Malus domestica;Kulturapfel;P171;uebergeordnetes_taxon;Äpfel;
Q18674606;Malus domestica;Kulturapfel;P18;bild;http://commons.wikimedia.org/wiki/Special:FilePath/Tree%20with%20red%20apples%20in%20Barkedal%204.jpg;
Q18674606;Malus domestica;Kulturapfel;P225;wissenschaftlicher_name;Malus domestica;
Q18674606;Malus domestica;Kulturapfel;P279;unterklasse_von;Obstbaum;
Q18674606;Malus domestica;Kulturapfel;P31;ist_eine;Taxon;
Q18674606;Malus domestica;Kulturapfel;P366;verwendung;Aufforstung;
Q18674606;Malus domestica;Kulturapfel;P366;verwendung;Futtermittel;
Q18674606;Malus domestica;Kulturapfel;P366;verwendung;Heilpflanze;
Q18674606;Malus domestica;Kulturapfel;P366;verwendung;Nahrung;
Q18674606;Malus domestica;Kulturapfel;P566;basionym;Pyrus malus var. domestica;
Q18674606;Malus domestica;Kulturapfel;P6800;sequenced_genome_url;https://plants.ensembl.org/Malus_domestica_golden;
Q18674606;Malus domestica;Kulturapfel;P694;ersetztes_synonym;Pyrus praecox;
Q18674606;Malus domestica;Kulturapfel;P8193;winterhaerte_der_pflanze;4;
Q18674606;Malus domestica;Kulturapfel;P9714;verbreitungsgebiet;Europa;
Q18674606;Malus domestica;Kulturapfel;P9714;verbreitungsgebiet;Volksrepublik China;
Q9577526;Acer platanoides 'Globosum';Kugelahorn;P105;taxonomischer_rang;Cultivar;
Q9577526;Acer platanoides 'Globosum';Kugelahorn;P171;uebergeordnetes_taxon;Spitzahorn;
Q9577526;Acer platanoides 'Globosum';Kugelahorn;P18;bild;http://commons.wikimedia.org/wiki/Special:FilePath/Acer%20plat%20Globosum.JPG;
Q9577526;Acer platanoides 'Globosum';Kugelahorn;P225;wissenschaftlicher_name;Acer platanoides 'Globosum';
Q9577526;Acer platanoides 'Globosum';Kugelahorn;P31;ist_eine;Taxon;
Q157641;Alnus incana;Grau-Erle;P105;taxonomischer_rang;Art;
Q157641;Alnus incana;Grau-Erle;P10906;foliage_type;laubabwerfend;
Q157641;Alnus incana;Grau-Erle;P141;gefaehrdungsstufe_iucn;nicht gefährdet;
Q157641;Alnus incana;Grau-Erle;P171;uebergeordnetes_taxon;Erlen;
Q157641;Alnus incana;Grau-Erle;P18;bild;http://commons.wikimedia.org/wiki/Special:FilePath/Alnus%20incana%20003.jpg;
Q157641;Alnus incana;Grau-Erle;P18;bild;http://commons.wikimedia.org/wiki/Special:FilePath/Alnus%20incana%20flowers%20buds.jpg;
Q157641;Alnus incana;Grau-Erle;P181;verbreitungskarte_des_taxons;http://commons.wikimedia.org/wiki/Special:FilePath/Alnus%20incana%20range.svg;
Q157641;Alnus incana;Grau-Erle;P225;wissenschaftlicher_name;Alnus incana;
Q157641;Alnus incana;Grau-Erle;P31;ist_eine;Taxon;
Q157641;Alnus incana;Grau-Erle;P3648;natureserve_conservation_status;secure;
Q157641;Alnus incana;Grau-Erle;P4000;fruchttyp;Nüsschen;
Q157641;Alnus incana;Grau-Erle;P566;basionym;Betula alnus var. incana;
Q159657;Tilia x euchlora;Krim-Linde;P105;taxonomischer_rang;Nothospecies;
Q159657;Tilia x euchlora;Krim-Linde;P10906;foliage_type;laubabwerfend;
Q159657;Tilia x euchlora;Krim-Linde;P1420;taxonomische_synonyme;Tilia ×budensis;
Q159657;Tilia x euchlora;Krim-Linde;P1531;hybrideltern;Tilia dasystyla subsp. dasystyla;
Q159657;Tilia x euchlora;Krim-Linde;P1531;hybrideltern;Winterlinde;
Q159657;Tilia x euchlora;Krim-Linde;P171;uebergeordnetes_taxon;Linde;
Q159657;Tilia x euchlora;Krim-Linde;P18;bild;http://commons.wikimedia.org/wiki/Special:FilePath/Tilia%20euchlora1.JPG;
Q159657;Tilia x euchlora;Krim-Linde;P225;wissenschaftlicher_name;Tilia euchlora;
Q159657;Tilia x euchlora;Krim-Linde;P31;ist_eine;hybrid taxon;
Q159657;Tilia x euchlora;Krim-Linde;P3739;bluetenstand;cyme;
Q159657;Tilia x euchlora;Krim-Linde;P3739;bluetenstand;pendulous infloresence;
Q159657;Tilia x euchlora;Krim-Linde;P3739;bluetenstand;staminodeless florets or flower;
Q145992;Picea abies;Gemeine Fichte;P105;taxonomischer_rang;Art;
Q145992;Picea abies;Gemeine Fichte;P10906;foliage_type;Immergrüne Pflanze;
Q145992;Picea abies;Gemeine Fichte;P141;gefaehrdungsstufe_iucn;nicht gefährdet;
Q145992;Picea abies;Gemeine Fichte;P1672;ursprung_von;Holz der Gemeinen Fichte;
Q145992;Picea abies;Gemeine Fichte;P1672;ursprung_von;Klangholz (Musikinstrumentenbau);
Q145992;Picea abies;Gemeine Fichte;P1672;ursprung_von;spruce beer;
Q145992;Picea abies;Gemeine Fichte;P171;uebergeordnetes_taxon;Fichten;
Q145992;Picea abies;Gemeine Fichte;P18;bild;http://commons.wikimedia.org/wiki/Special:FilePath/Kuusk%20Keila-Paldiski%20rdt%20%C3%A4%C3%A4res.jpg;
Q145992;Picea abies;Gemeine Fichte;P181;verbreitungskarte_des_taxons;http://commons.wikimedia.org/wiki/Special:FilePath/Picea%20abies%20range.svg;
Q145992;Picea abies;Gemeine Fichte;P225;wissenschaftlicher_name;Picea abies;
Q145992;Picea abies;Gemeine Fichte;P279;unterklasse_von;Nutzpflanze;
Q145992;Picea abies;Gemeine Fichte;P31;ist_eine;Taxon;
Q145992;Picea abies;Gemeine Fichte;P3648;natureserve_conservation_status;secure;
Q145992;Picea abies;Gemeine Fichte;P4214;hoechste_beobachtete_lebensdauer;468.0;
Q145992;Picea abies;Gemeine Fichte;P566;basionym;Pinus abies;
Q115916785;Carpinus betulus 'Fastigiata';Säulenhainbuche;P105;taxonomischer_rang;Cultivar;
Q115916785;Carpinus betulus 'Fastigiata';Säulenhainbuche;P171;uebergeordnetes_taxon;Hainbuche;
Q115916785;Carpinus betulus 'Fastigiata';Säulenhainbuche;P225;wissenschaftlicher_name;Carpinus betulus 'Fastigiata';
Q115916785;Carpinus betulus 'Fastigiata';Säulenhainbuche;P31;ist_eine;Cultivar;
Q115916785;Carpinus betulus 'Fastigiata';Säulenhainbuche;P31;ist_eine;Taxon;
Q146198;Sorbus aucuparia;Gemeine Eberesche;P105;taxonomischer_rang;Art;
Q146198;Sorbus aucuparia;Gemeine Eberesche;P10906;foliage_type;laubabwerfend;
Q146198;Sorbus aucuparia;Gemeine Eberesche;P12766;fungiert_als_basionym_von;Pyrus aucuparia;
Q146198;Sorbus aucuparia;Gemeine Eberesche;P141;gefaehrdungsstufe_iucn;nicht gefährdet;
Q146198;Sorbus aucuparia;Gemeine Eberesche;P1672;ursprung_von;Vogelbeere;
Q146198;Sorbus aucuparia;Gemeine Eberesche;P171;uebergeordnetes_taxon;Mehlbeeren;
Q146198;Sorbus aucuparia;Gemeine Eberesche;P18;bild;http://commons.wikimedia.org/wiki/Special:FilePath/Rowan%20berries.JPG;
Q146198;Sorbus aucuparia;Gemeine Eberesche;P18;bild;http://commons.wikimedia.org/wiki/Special:FilePath/Rowan%20tree%2020081002b.jpg;
Q146198;Sorbus aucuparia;Gemeine Eberesche;P18;bild;http://commons.wikimedia.org/wiki/Special:FilePath/Sorbus-aucuparia.JPG;
Q146198;Sorbus aucuparia;Gemeine Eberesche;P181;verbreitungskarte_des_taxons;http://commons.wikimedia.org/wiki/Special:FilePath/Sorbus%20aucuparia%20range.svg;
Q146198;Sorbus aucuparia;Gemeine Eberesche;P225;wissenschaftlicher_name;Sorbus aucuparia;
Q146198;Sorbus aucuparia;Gemeine Eberesche;P279;unterklasse_von;Nutzpflanze;
Q146198;Sorbus aucuparia;Gemeine Eberesche;P31;ist_eine;Taxon;
Q146198;Sorbus aucuparia;Gemeine Eberesche;P3648;natureserve_conservation_status;secure;
Q146198;Sorbus aucuparia;Gemeine Eberesche;P4000;fruchttyp;Apfelfrucht;
Q146198;Sorbus aucuparia;Gemeine Eberesche;P443;aussprache_audiodatei;http://commons.wikimedia.org/wiki/Special:FilePath/LL-Q150%20%28fra%29-Fabricio%20Cardenas%20%28BiblioCanet66%29-sorbier%20des%20oiseleurs.wav;
Q146198;Sorbus aucuparia;Gemeine Eberesche;P8193;winterhaerte_der_pflanze;3;
Q145954;Pinus nigra;Schwarz-Kiefer;P105;taxonomischer_rang;Art;
Q145954;Pinus nigra;Schwarz-Kiefer;P10906;foliage_type;Immergrüne Pflanze;
Q145954;Pinus nigra;Schwarz-Kiefer;P141;gefaehrdungsstufe_iucn;nicht gefährdet;
Q145954;Pinus nigra;Schwarz-Kiefer;P1672;ursprung_von;Pinus nigra wood;
Q145954;Pinus nigra;Schwarz-Kiefer;P171;uebergeordnetes_taxon;Pinus sect. Pinus;
Q145954;Pinus nigra;Schwarz-Kiefer;P18;bild;http://commons.wikimedia.org/wiki/Special:FilePath/Schwarzkiefer.jpg;
Q145954;Pinus nigra;Schwarz-Kiefer;P181;verbreitungskarte_des_taxons;http://commons.wikimedia.org/wiki/Special:FilePath/Pinus%20nigra%20map.png;
Q145954;Pinus nigra;Schwarz-Kiefer;P225;wissenschaftlicher_name;Pinus nigra;
Q145954;Pinus nigra;Schwarz-Kiefer;P31;ist_eine;Taxon;
Q145954;Pinus nigra;Schwarz-Kiefer;P527;besteht_aus;Pinus nigra f. seneriana;
Q145954;Pinus nigra;Schwarz-Kiefer;P527;besteht_aus;Pinus nigra subsp. dalmatica;
Q145954;Pinus nigra;Schwarz-Kiefer;P527;besteht_aus;Pinus nigra subsp. laricio;
Q145954;Pinus nigra;Schwarz-Kiefer;P527;besteht_aus;Pinus nigra subsp. pallasiana;
Q145954;Pinus nigra;Schwarz-Kiefer;P527;besteht_aus;Pinus nigra subsp. salzmannii;
Q145954;Pinus nigra;Schwarz-Kiefer;P527;besteht_aus;Österreichische Schwarzkiefer;
Q145954;Pinus nigra;Schwarz-Kiefer;P9714;verbreitungsgebiet;Volksrepublik China;
Q158301;Acer saccharinum;Silber-Ahorn;P105;taxonomischer_rang;Art;
Q158301;Acer saccharinum;Silber-Ahorn;P10906;foliage_type;laubabwerfend;
Q158301;Acer saccharinum;Silber-Ahorn;P141;gefaehrdungsstufe_iucn;nicht gefährdet;
Q158301;Acer saccharinum;Silber-Ahorn;P171;uebergeordnetes_taxon;Ahorn;
Q158301;Acer saccharinum;Silber-Ahorn;P18;bild;http://commons.wikimedia.org/wiki/Special:FilePath/Acer%20saccharinum%20Grimes%20Farm%201.jpg;
Q158301;Acer saccharinum;Silber-Ahorn;P18;bild;http://commons.wikimedia.org/wiki/Special:FilePath/Silver%20maple%20flowers%20%28Canal%20Dr%29.JPG;
Q158301;Acer saccharinum;Silber-Ahorn;P181;verbreitungskarte_des_taxons;http://commons.wikimedia.org/wiki/Special:FilePath/Acer%20saccharinum%20range%20map.svg;
Q158301;Acer saccharinum;Silber-Ahorn;P225;wissenschaftlicher_name;Acer saccharinum;
Q158301;Acer saccharinum;Silber-Ahorn;P2827;bluetenfarbe;Gelb;
Q158301;Acer saccharinum;Silber-Ahorn;P2827;bluetenfarbe;Grün;
Q158301;Acer saccharinum;Silber-Ahorn;P31;ist_eine;Taxon;
Q158301;Acer saccharinum;Silber-Ahorn;P3648;natureserve_conservation_status;secure;
Q158301;Acer saccharinum;Silber-Ahorn;P3739;bluetenstand;Schirmtraube;
Q130256726;Prunus serrulata 'Kanzan';Japanische Zierkirsche;P105;taxonomischer_rang;Cultivar;
Q130256726;Prunus serrulata 'Kanzan';Japanische Zierkirsche;P171;uebergeordnetes_taxon;Japanische Blütenkirsche;
Q130256726;Prunus serrulata 'Kanzan';Japanische Zierkirsche;P225;wissenschaftlicher_name;Prunus serrulata 'Kanzan';
Q130256726;Prunus serrulata 'Kanzan';Japanische Zierkirsche;P31;ist_eine;Taxon;
Q469652;Liquidambar styraciflua;Amberbaum;P105;taxonomischer_rang;Art;
Q469652;Liquidambar styraciflua;Amberbaum;P10906;foliage_type;laubabwerfend;
Q469652;Liquidambar styraciflua;Amberbaum;P141;gefaehrdungsstufe_iucn;nicht gefährdet;
Q469652;Liquidambar styraciflua;Amberbaum;P1672;ursprung_von;Liquidambar styraciflua resin;
Q469652;Liquidambar styraciflua;Amberbaum;P1672;ursprung_von;styrax smell;
Q469652;Liquidambar styraciflua;Amberbaum;P1672;ursprung_von;sweetgum;
Q469652;Liquidambar styraciflua;Amberbaum;P171;uebergeordnetes_taxon;Amberbäume;
Q469652;Liquidambar styraciflua;Amberbaum;P18;bild;http://commons.wikimedia.org/wiki/Special:FilePath/Liquidambar%20styraciflua%20-%20La%20Hulpe%20%281%29.JPG;
Q469652;Liquidambar styraciflua;Amberbaum;P18;bild;http://commons.wikimedia.org/wiki/Special:FilePath/Liquidambar-otonno-20071028-1.jpg;
Q469652;Liquidambar styraciflua;Amberbaum;P181;verbreitungskarte_des_taxons;http://commons.wikimedia.org/wiki/Special:FilePath/Liquidambar%20styraciflua%20range%20map%203.png;
Q469652;Liquidambar styraciflua;Amberbaum;P225;wissenschaftlicher_name;Liquidambar styraciflua;
Q469652;Liquidambar styraciflua;Amberbaum;P31;ist_eine;Taxon;
Q469652;Liquidambar styraciflua;Amberbaum;P4000;fruchttyp;Kapselfrucht;
Q469652;Liquidambar styraciflua;Amberbaum;P9714;verbreitungsgebiet;Volksrepublik China;
Q158608;Quercus petraea;Trauben-Eiche;P105;taxonomischer_rang;Art;
Q158608;Quercus petraea;Trauben-Eiche;P10906;foliage_type;laubabwerfend;
Q158608;Quercus petraea;Trauben-Eiche;P141;gefaehrdungsstufe_iucn;nicht gefährdet;
Q158608;Quercus petraea;Trauben-Eiche;P1420;taxonomische_synonyme;Quercus sessiliflora;
Q158608;Quercus petraea;Trauben-Eiche;P1672;ursprung_von;Eichenrinde;
Q158608;Quercus petraea;Trauben-Eiche;P1672;ursprung_von;sessile oak wood;
Q158608;Quercus petraea;Trauben-Eiche;P171;uebergeordnetes_taxon;Eichen;
Q158608;Quercus petraea;Trauben-Eiche;P18;bild;http://commons.wikimedia.org/wiki/Special:FilePath/Quercus%20petraea%2002.jpg;
Q158608;Quercus petraea;Trauben-Eiche;P181;verbreitungskarte_des_taxons;http://commons.wikimedia.org/wiki/Special:FilePath/Quercus%20petraea%20range.svg;
Q158608;Quercus petraea;Trauben-Eiche;P225;wissenschaftlicher_name;Quercus petraea;
Q158608;Quercus petraea;Trauben-Eiche;P31;ist_eine;Taxon;
Q158608;Quercus petraea;Trauben-Eiche;P4214;hoechste_beobachtete_lebensdauer;866.0;
Q158608;Quercus petraea;Trauben-Eiche;P566;basionym;Quercus robur var. petraea;
Q158608;Quercus petraea;Trauben-Eiche;P8193;winterhaerte_der_pflanze;4;
Q46871;Juglans regia;Walnuß;P105;taxonomischer_rang;Art;
Q46871;Juglans regia;Walnuß;P10906;foliage_type;laubabwerfend;
Q46871;Juglans regia;Walnuß;P1282;openstreetmap_attribut;species=Juglans_regia;
Q46871;Juglans regia;Walnuß;P141;gefaehrdungsstufe_iucn;nicht gefährdet;
Q46871;Juglans regia;Walnuß;P1672;ursprung_von;Europäisches Walnussholz;
Q46871;Juglans regia;Walnuß;P1672;ursprung_von;Walnuss;
Q46871;Juglans regia;Walnuß;P1672;ursprung_von;Walnussblätter;
Q46871;Juglans regia;Walnuß;P1672;ursprung_von;Walnussöl;
Q46871;Juglans regia;Walnuß;P1672;ursprung_von;grüne Walnüsse;
Q46871;Juglans regia;Walnuß;P171;uebergeordnetes_taxon;Walnüsse;
Q46871;Juglans regia;Walnuß;P18;bild;http://commons.wikimedia.org/wiki/Special:FilePath/%D8%AF%D8%B1%D8%AE%D8%AA%D8%A7%D9%86%20%DA%A9%D9%87%D9%86%D8%B3%D8%A7%D9%84%20%DA%AF%D8%B1%D8%AF%D9%88%20%D8%AF%D8%B1%20%D8%B1%D9%88%D8%B3%D8%AA%D8%A7%DB%8C%20%D8%AC%D9%87%D8%A7%D9%86%20%D8%B9%DA%A9%D8%B3%20%D8%A7%D8%B2%20%D8%A7%D8%AD%D9%85%D8%AF%20%D9%86%DB%8C%DA%A9%20%DA%AF%D9%81%D8%AA%D8%A7%D8%B1%201391.jpg;
Q46871;Juglans regia;Walnuß;P18;bild;http://commons.wikimedia.org/wiki/Special:FilePath/Juglans%20regia%20Echte%20Walnussfrucht%201.jpg;
Q46871;Juglans regia;Walnuß;P18;bild;http://commons.wikimedia.org/wiki/Special:FilePath/Noix%20en%20automne%20-%20walnuts.JPG;
Q46871;Juglans regia;Walnuß;P18;bild;http://commons.wikimedia.org/wiki/Special:FilePath/Walnut%20forest%20in%20Arslanbab.jpg;
Q46871;Juglans regia;Walnuß;P181;verbreitungskarte_des_taxons;http://commons.wikimedia.org/wiki/Special:FilePath/Juglans%20regia%20range.svg;
Q46871;Juglans regia;Walnuß;P225;wissenschaftlicher_name;Juglans regia;
Q46871;Juglans regia;Walnuß;P279;unterklasse_von;Baum;
Q46871;Juglans regia;Walnuß;P279;unterklasse_von;Nutzpflanze;
Q46871;Juglans regia;Walnuß;P31;ist_eine;Taxon;
Q46871;Juglans regia;Walnuß;P366;verwendung;Aufforstung;
Q46871;Juglans regia;Walnuß;P366;verwendung;Farbstoff;
Q46871;Juglans regia;Walnuß;P366;verwendung;Gemüse;
Q46871;Juglans regia;Walnuß;P366;verwendung;Heilpflanze;
Q46871;Juglans regia;Walnuß;P366;verwendung;Holz;
Q46871;Juglans regia;Walnuß;P443;aussprache_audiodatei;http://commons.wikimedia.org/wiki/Special:FilePath/De-Echte%20Walnuss.ogg;
Q46871;Juglans regia;Walnuß;P443;aussprache_audiodatei;http://commons.wikimedia.org/wiki/Special:FilePath/Fr-noyer%20commun.ogg;
Q46871;Juglans regia;Walnuß;P443;aussprache_audiodatei;http://commons.wikimedia.org/wiki/Special:FilePath/LL-Q150%20%28fra%29-Guilhelma-noyer%20commun.wav;
Q46871;Juglans regia;Walnuß;P443;aussprache_audiodatei;http://commons.wikimedia.org/wiki/Special:FilePath/LL-Q5137%20%28guj%29-Sushant%20savla-%E0%AA%85%E0%AA%96%E0%AA%B0%E0%AB%8B%E0%AA%9F.wav;
Q46871;Juglans regia;Walnuß;P6000;wasserfussabdruck;4918.0;
Q46871;Juglans regia;Walnuß;P6800;sequenced_genome_url;https://plants.ensembl.org/Juglans_regia;
Q46871;Juglans regia;Walnuß;P8193;winterhaerte_der_pflanze;3;
Q46871;Juglans regia;Walnuß;P9714;verbreitungsgebiet;Autonomes Gebiet Tibet;
Q46871;Juglans regia;Walnuß;P9714;verbreitungsgebiet;Fujian;
Q46871;Juglans regia;Walnuß;P9714;verbreitungsgebiet;Guangdong;
Q46871;Juglans regia;Walnuß;P9714;verbreitungsgebiet;Peking;
Q46871;Juglans regia;Walnuß;P9714;verbreitungsgebiet;Volksrepublik China;
Q46871;Juglans regia;Walnuß;P9714;verbreitungsgebiet;Xinjiang;
Q46871;Juglans regia;Walnuß;P989;audiodatei_eines_gesprochenen_texts;http://commons.wikimedia.org/wiki/Special:FilePath/Nl-okkernoot-article.ogg;
Q179729;Taxus baccata;Gemeine Eibe;P105;taxonomischer_rang;Art;
Q179729;Taxus baccata;Gemeine Eibe;P10906;foliage_type;Immergrüne Pflanze;
Q179729;Taxus baccata;Gemeine Eibe;P12766;fungiert_als_basionym_von;Taxus canadensis var. adpressa;
Q179729;Taxus baccata;Gemeine Eibe;P1325;externe_daten;https://www.gbif.org/dataset/93725bf2-6ada-47f9-bd5e-0e679e3d245e;
Q179729;Taxus baccata;Gemeine Eibe;P13696;taxon_aspect_image;http://commons.wikimedia.org/wiki/Special:FilePath/Taxus%20baccata%20bark%20Siemianowice%202.jpg;
Q179729;Taxus baccata;Gemeine Eibe;P141;gefaehrdungsstufe_iucn;nicht gefährdet;
Q179729;Taxus baccata;Gemeine Eibe;P1672;ursprung_von;Eibenholz;
Q179729;Taxus baccata;Gemeine Eibe;P171;uebergeordnetes_taxon;Eiben;
Q179729;Taxus baccata;Gemeine Eibe;P18;bild;http://commons.wikimedia.org/wiki/Special:FilePath/Taxus%20baccata%20tree.jpg;
Q179729;Taxus baccata;Gemeine Eibe;P181;verbreitungskarte_des_taxons;http://commons.wikimedia.org/wiki/Special:FilePath/Taxus%20baccata%20range.svg;
Q179729;Taxus baccata;Gemeine Eibe;P225;wissenschaftlicher_name;Taxus baccata;
Q179729;Taxus baccata;Gemeine Eibe;P31;ist_eine;Taxon;
Q179729;Taxus baccata;Gemeine Eibe;P366;verwendung;Heilpflanze;
Q179729;Taxus baccata;Gemeine Eibe;P5841;gefaehrdungsstatus_in_der_rote_liste_der_gefaehrdeten_arten_der_tschechischen_republik;gefährdet;
Q179729;Taxus baccata;Gemeine Eibe;P8193;winterhaerte_der_pflanze;USDA-Klimazone 6;
Q179729;Taxus baccata;Gemeine Eibe;P8592;luftbild;http://commons.wikimedia.org/wiki/Special:FilePath/Coed%20yw%20Owrtyn%2C%20Wrecsam%20-%20Overton%20yew%20trees%2C%20Overton%20conservation%20area%2Cnr%20Wrexham%2C%20Wales%20-%2020%20trees%20up%20to%202%2C000%20years%20old%2001.jpg;
Q179729;Taxus baccata;Gemeine Eibe;P9714;verbreitungsgebiet;Myanmar;
Q179729;Taxus baccata;Gemeine Eibe;P989;audiodatei_eines_gesprochenen_texts;http://commons.wikimedia.org/wiki/Special:FilePath/Als-Iibe-Artikel.ogg;
Q190545;Prunus species;Kirsche;P105;taxonomischer_rang;Gattung;
Q190545;Prunus species;Kirsche;P1672;ursprung_von;Arabinsäure;
Q190545;Prunus species;Kirsche;P1672;ursprung_von;Bittermandelöl;
Q190545;Prunus species;Kirsche;P1672;ursprung_von;Kirschbaumholz;
Q190545;Prunus species;Kirsche;P1672;ursprung_von;Prunus wood;
Q190545;Prunus species;Kirsche;P171;uebergeordnetes_taxon;Amygdaleae;
Q190545;Prunus species;Kirsche;P18;bild;http://commons.wikimedia.org/wiki/Special:FilePath/.00%203019%20Japanische%20Bl%C3%BCtenkirsche%20%28Prunus%20serrulata%29.jpg;
Q190545;Prunus species;Kirsche;P18;bild;http://commons.wikimedia.org/wiki/Special:FilePath/Fr%C3%BChling%20bl%C3%BChender%20Kirschenbaum.jpg;
Q190545;Prunus species;Kirsche;P18;bild;http://commons.wikimedia.org/wiki/Special:FilePath/Prunus-domestica.JPG;
Q190545;Prunus species;Kirsche;P225;wissenschaftlicher_name;Prunus;
Q190545;Prunus species;Kirsche;P279;unterklasse_von;Baum;
Q190545;Prunus species;Kirsche;P279;unterklasse_von;Laubbaum;
Q190545;Prunus species;Kirsche;P31;ist_eine;Taxon;
Q190545;Prunus species;Kirsche;P4000;fruchttyp;Steinfrucht;
Q190545;Prunus species;Kirsche;P427;nomenklatorischer_typ;Pflaume;
Q161511;Crataegus monogyna;Eingriffliger Weißdorn;P105;taxonomischer_rang;Art;
Q161511;Crataegus monogyna;Eingriffliger Weißdorn;P10906;foliage_type;laubabwerfend;
Q161511;Crataegus monogyna;Eingriffliger Weißdorn;P12766;fungiert_als_basionym_von;Mespilus monogyna;
Q161511;Crataegus monogyna;Eingriffliger Weißdorn;P141;gefaehrdungsstufe_iucn;nicht gefährdet;
Q161511;Crataegus monogyna;Eingriffliger Weißdorn;P1672;ursprung_von;Hagedorn-Blütenknospen;
Q161511;Crataegus monogyna;Eingriffliger Weißdorn;P171;uebergeordnetes_taxon;Weißdorne;
Q161511;Crataegus monogyna;Eingriffliger Weißdorn;P18;bild;http://commons.wikimedia.org/wiki/Special:FilePath/%28MHNT%29%20Crataegus%20monogyna%20-%20flowers%20and%20buds.jpg;
Q161511;Crataegus monogyna;Eingriffliger Weißdorn;P18;bild;http://commons.wikimedia.org/wiki/Special:FilePath/COI00062738%20-%20Crataegus%20brevispina%20-%20Willkomm%2C%20Heinrich%20Moritz%20-%20592.jpg;
Q161511;Crataegus monogyna;Eingriffliger Weißdorn;P18;bild;http://commons.wikimedia.org/wiki/Special:FilePath/Crataegus%20monogyna%20-%20Common%20hawthorn.jpg;
Q161511;Crataegus monogyna;Eingriffliger Weißdorn;P225;wissenschaftlicher_name;Crataegus monogyna;
Q161511;Crataegus monogyna;Eingriffliger Weißdorn;P31;ist_eine;Taxon;
Q161511;Crataegus monogyna;Eingriffliger Weißdorn;P4000;fruchttyp;Apfelfrucht;
Q146048;Larix decidua;Europäische Lärche;P105;taxonomischer_rang;Art;
Q146048;Larix decidua;Europäische Lärche;P10906;foliage_type;laubabwerfend;
Q146048;Larix decidua;Europäische Lärche;P141;gefaehrdungsstufe_iucn;nicht gefährdet;
Q146048;Larix decidua;Europäische Lärche;P171;uebergeordnetes_taxon;Lärchen;
Q146048;Larix decidua;Europäische Lärche;P18;bild;http://commons.wikimedia.org/wiki/Special:FilePath/2014-07-03%20Larix%20decidua%20cone%20%26%20foliage%2C%20Valle%20di%20Cogne%2C%20Italian%20Alps.jpg;
Q146048;Larix decidua;Europäische Lärche;P18;bild;http://commons.wikimedia.org/wiki/Special:FilePath/Larix%20decidua%20Aletschwald.jpg;
Q146048;Larix decidua;Europäische Lärche;P181;verbreitungskarte_des_taxons;http://commons.wikimedia.org/wiki/Special:FilePath/Larix%20decidua%20range.svg;
Q146048;Larix decidua;Europäische Lärche;P225;wissenschaftlicher_name;Larix decidua;
Q146048;Larix decidua;Europäische Lärche;P31;ist_eine;Taxon;
Q146048;Larix decidua;Europäische Lärche;P3648;natureserve_conservation_status;secure;
Q165321;Prunus serrulata;Japanische Blüten-Kirsche;P105;taxonomischer_rang;Art;
Q165321;Prunus serrulata;Japanische Blüten-Kirsche;P10906;foliage_type;laubabwerfend;
Q165321;Prunus serrulata;Japanische Blüten-Kirsche;P13162;referenzabbildung;http://commons.wikimedia.org/wiki/Special:FilePath/Naturalis%20Biodiversity%20Center%20-%20RMNH.ART.362-Prunus%20persica-Prunus%20pendula-Prunus%20jamasakura-Prunus%20subhirtella-Prunus%20buergeriana-Prunus%20leveilleana-Y%C5%ABshi%20Ishizaki-%20Cock%20Blomhoff%20Collection%20-pencil%20drawing-water%20colour.jpg;
Q165321;Prunus serrulata;Japanische Blüten-Kirsche;P171;uebergeordnetes_taxon;Prunus subg. Cerasus;
Q165321;Prunus serrulata;Japanische Blüten-Kirsche;P18;bild;http://commons.wikimedia.org/wiki/Special:FilePath/Cerisier%20du%20Japon%20Prunus%20serrulata.jpg;
Q165321;Prunus serrulata;Japanische Blüten-Kirsche;P225;wissenschaftlicher_name;Prunus serrulata;
Q165321;Prunus serrulata;Japanische Blüten-Kirsche;P2827;bluetenfarbe;hellrosa;
Q165321;Prunus serrulata;Japanische Blüten-Kirsche;P31;ist_eine;Taxon;
Q165321;Prunus serrulata;Japanische Blüten-Kirsche;P8193;winterhaerte_der_pflanze;5;
Q165321;Prunus serrulata;Japanische Blüten-Kirsche;P9714;verbreitungsgebiet;Guangdong;
Q165321;Prunus serrulata;Japanische Blüten-Kirsche;P9714;verbreitungsgebiet;Peking;
Q165321;Prunus serrulata;Japanische Blüten-Kirsche;P9714;verbreitungsgebiet;Tianjin;
Q165321;Prunus serrulata;Japanische Blüten-Kirsche;P9714;verbreitungsgebiet;Volksrepublik China;
Q165137;Prunus avium Aggregat;Hauskirsche;P105;taxonomischer_rang;Art;
Q165137;Prunus avium Aggregat;Hauskirsche;P10906;foliage_type;laubabwerfend;
Q165137;Prunus avium Aggregat;Hauskirsche;P141;gefaehrdungsstufe_iucn;nicht gefährdet;
Q165137;Prunus avium Aggregat;Hauskirsche;P1672;ursprung_von;Frucht der Vogelkirsche;
Q165137;Prunus avium Aggregat;Hauskirsche;P1672;ursprung_von;Kirsche;
Q165137;Prunus avium Aggregat;Hauskirsche;P1672;ursprung_von;Kirschkern;
Q165137;Prunus avium Aggregat;Hauskirsche;P1672;ursprung_von;cherry juice;
Q165137;Prunus avium Aggregat;Hauskirsche;P1672;ursprung_von;cherry pit oil;
Q165137;Prunus avium Aggregat;Hauskirsche;P1672;ursprung_von;sweet cherry;
Q165137;Prunus avium Aggregat;Hauskirsche;P171;uebergeordnetes_taxon;Prunus subg. Cerasus;
Q165137;Prunus avium Aggregat;Hauskirsche;P18;bild;http://commons.wikimedia.org/wiki/Special:FilePath/314%20Prunus%20avium.jpg;
Q165137;Prunus avium Aggregat;Hauskirsche;P18;bild;http://commons.wikimedia.org/wiki/Special:FilePath/Prunus%20avium%20fruit.jpg;
Q165137;Prunus avium Aggregat;Hauskirsche;P18;bild;http://commons.wikimedia.org/wiki/Special:FilePath/S%C3%BC%C3%9Fkirsche%20Prunus%20avium.jpg;
Q165137;Prunus avium Aggregat;Hauskirsche;P181;verbreitungskarte_des_taxons;http://commons.wikimedia.org/wiki/Special:FilePath/Prunus%20avium%20range.svg;
Q165137;Prunus avium Aggregat;Hauskirsche;P225;wissenschaftlicher_name;Prunus avium;
Q165137;Prunus avium Aggregat;Hauskirsche;P279;unterklasse_von;Obstbaum;
Q165137;Prunus avium Aggregat;Hauskirsche;P279;unterklasse_von;Prunus;
Q165137;Prunus avium Aggregat;Hauskirsche;P31;ist_eine;Taxon;
Q165137;Prunus avium Aggregat;Hauskirsche;P4000;fruchttyp;Steinfrucht;
Q165137;Prunus avium Aggregat;Hauskirsche;P566;basionym;Prunus cerasus var. avium;
Q165137;Prunus avium Aggregat;Hauskirsche;P6800;sequenced_genome_url;https://plants.ensembl.org/Prunus_avium;
Q165137;Prunus avium Aggregat;Hauskirsche;P8193;winterhaerte_der_pflanze;3;
Q165137;Prunus avium Aggregat;Hauskirsche;P9714;verbreitungsgebiet;Autonomes Gebiet Tibet;
Q165137;Prunus avium Aggregat;Hauskirsche;P9714;verbreitungsgebiet;Europa;
Q25356;Populus species;Pappel;P105;taxonomischer_rang;Gattung;
Q25356;Populus species;Pappel;P1672;ursprung_von;Pappelholz;
Q25356;Populus species;Pappel;P171;uebergeordnetes_taxon;Weidengewächse;
Q25356;Populus species;Pappel;P18;bild;http://commons.wikimedia.org/wiki/Special:FilePath/202304%20Poplar.svg;
Q25356;Populus species;Pappel;P18;bild;http://commons.wikimedia.org/wiki/Special:FilePath/Illustration%20Populus%20nigra0.jpg;
Q25356;Populus species;Pappel;P18;bild;http://commons.wikimedia.org/wiki/Special:FilePath/Populus-trichocarpa.JPG;
Q25356;Populus species;Pappel;P18;bild;http://commons.wikimedia.org/wiki/Special:FilePath/PopulusNigra3.jpg;
Q25356;Populus species;Pappel;P225;wissenschaftlicher_name;Populus;
Q25356;Populus species;Pappel;P279;unterklasse_von;Baum;
Q25356;Populus species;Pappel;P31;ist_eine;Taxon;
Q25356;Populus species;Pappel;P4000;fruchttyp;Kapselfrucht;
Q163760;Tilia x intermedia 'Pallida';Kaiserlinde;P105;taxonomischer_rang;Nothospecies;
Q163760;Tilia x intermedia 'Pallida';Kaiserlinde;P10906;foliage_type;laubabwerfend;
Q163760;Tilia x intermedia 'Pallida';Kaiserlinde;P12616;leaf_morphology;asymmetrical leaf blade;
Q163760;Tilia x intermedia 'Pallida';Kaiserlinde;P12616;leaf_morphology;cordate leaf blade;
Q163760;Tilia x intermedia 'Pallida';Kaiserlinde;P12616;leaf_morphology;orbicular leaf blade;
Q163760;Tilia x intermedia 'Pallida';Kaiserlinde;P12616;leaf_morphology;pinnate leaf venation;
Q163760;Tilia x intermedia 'Pallida';Kaiserlinde;P12616;leaf_morphology;rugose leaf;
Q163760;Tilia x intermedia 'Pallida';Kaiserlinde;P12616;leaf_morphology;serrate leaf edge;
Q163760;Tilia x intermedia 'Pallida';Kaiserlinde;P1420;taxonomische_synonyme;Tilia officinarum;
Q163760;Tilia x intermedia 'Pallida';Kaiserlinde;P1420;taxonomische_synonyme;Tilia ×croatica;
Q163760;Tilia x intermedia 'Pallida';Kaiserlinde;P1420;taxonomische_synonyme;Tilia ×eriostylis;
Q163760;Tilia x intermedia 'Pallida';Kaiserlinde;P1531;hybrideltern;Sommer-Linde;
Q163760;Tilia x intermedia 'Pallida';Kaiserlinde;P1531;hybrideltern;Winterlinde;
Q163760;Tilia x intermedia 'Pallida';Kaiserlinde;P1552;charakterisiert_durch;florets per infloresence;
Q163760;Tilia x intermedia 'Pallida';Kaiserlinde;P1672;ursprung_von;European lime wood;
Q163760;Tilia x intermedia 'Pallida';Kaiserlinde;P1672;ursprung_von;Lindenblüte;
Q163760;Tilia x intermedia 'Pallida';Kaiserlinde;P171;uebergeordnetes_taxon;Linde;
Q163760;Tilia x intermedia 'Pallida';Kaiserlinde;P18;bild;http://commons.wikimedia.org/wiki/Special:FilePath/Pr%C3%A6stens%20tr%C3%A6.jpg;
Q163760;Tilia x intermedia 'Pallida';Kaiserlinde;P2043;laenge;0.8;
Q163760;Tilia x intermedia 'Pallida';Kaiserlinde;P2043;laenge;1.8;
Q163760;Tilia x intermedia 'Pallida';Kaiserlinde;P2043;laenge;10.0;
Q163760;Tilia x intermedia 'Pallida';Kaiserlinde;P2043;laenge;7.0;
Q163760;Tilia x intermedia 'Pallida';Kaiserlinde;P2048;hoehe;45.0;
Q163760;Tilia x intermedia 'Pallida';Kaiserlinde;P2049;breite;6.5;
Q163760;Tilia x intermedia 'Pallida';Kaiserlinde;P2049;breite;9.0;
Q163760;Tilia x intermedia 'Pallida';Kaiserlinde;P225;wissenschaftlicher_name;Tilia × europaea;
Q163760;Tilia x intermedia 'Pallida';Kaiserlinde;P2386;durchmesser;8.0;
Q163760;Tilia x intermedia 'Pallida';Kaiserlinde;P279;unterklasse_von;Baum;
Q163760;Tilia x intermedia 'Pallida';Kaiserlinde;P279;unterklasse_von;Nutzpflanze;
Q163760;Tilia x intermedia 'Pallida';Kaiserlinde;P2827;bluetenfarbe;Gelb;
Q163760;Tilia x intermedia 'Pallida';Kaiserlinde;P2827;bluetenfarbe;Grün;
Q163760;Tilia x intermedia 'Pallida';Kaiserlinde;P31;ist_eine;hybrid taxon;
Q163760;Tilia x intermedia 'Pallida';Kaiserlinde;P366;verwendung;Gemüse;
Q163760;Tilia x intermedia 'Pallida';Kaiserlinde;P3739;bluetenstand;cyme;
Q163760;Tilia x intermedia 'Pallida';Kaiserlinde;P3739;bluetenstand;pendulous infloresence;
Q163760;Tilia x intermedia 'Pallida';Kaiserlinde;P462;farbe;Braun;
Q163760;Tilia x intermedia 'Pallida';Kaiserlinde;P462;farbe;Gelb;
Q163760;Tilia x intermedia 'Pallida';Kaiserlinde;P462;farbe;Grün;
Q156800;Metasequoia glyptostroboides;Urwelt-Mammutbaum;P105;taxonomischer_rang;Art;
Q156800;Metasequoia glyptostroboides;Urwelt-Mammutbaum;P13162;referenzabbildung;http://commons.wikimedia.org/wiki/Special:FilePath/Infotafel%20R%C3%B6hrensee%2049.jpg;
Q156800;Metasequoia glyptostroboides;Urwelt-Mammutbaum;P13162;referenzabbildung;http://commons.wikimedia.org/wiki/Special:FilePath/Olomouc-Lazce%2C%20metasekvoje%20%C4%8D%C3%ADnsk%C3%A1%2C%20tabulka.jpg;
Q156800;Metasequoia glyptostroboides;Urwelt-Mammutbaum;P141;gefaehrdungsstufe_iucn;gefährdete Tierarten;
Q156800;Metasequoia glyptostroboides;Urwelt-Mammutbaum;P18;bild;http://commons.wikimedia.org/wiki/Special:FilePath/Metasequoia%20Glyptostroboides2.jpg;
Q156800;Metasequoia glyptostroboides;Urwelt-Mammutbaum;P225;wissenschaftlicher_name;Metasequoia glyptostroboides;
Q156800;Metasequoia glyptostroboides;Urwelt-Mammutbaum;P31;ist_eine;Lazarus-Effekt;
Q156800;Metasequoia glyptostroboides;Urwelt-Mammutbaum;P31;ist_eine;Taxon;
Q156800;Metasequoia glyptostroboides;Urwelt-Mammutbaum;P366;verwendung;Aufforstung;
Q156800;Metasequoia glyptostroboides;Urwelt-Mammutbaum;P366;verwendung;Heilpflanze;
Q156800;Metasequoia glyptostroboides;Urwelt-Mammutbaum;P366;verwendung;Holz;
Q156800;Metasequoia glyptostroboides;Urwelt-Mammutbaum;P366;verwendung;Nahrung;
Q156800;Metasequoia glyptostroboides;Urwelt-Mammutbaum;P9714;verbreitungsgebiet;Fujian;
Q156800;Metasequoia glyptostroboides;Urwelt-Mammutbaum;P9714;verbreitungsgebiet;Guangdong;
Q156800;Metasequoia glyptostroboides;Urwelt-Mammutbaum;P9714;verbreitungsgebiet;Peking;
Q147064;Populus nigra;Schwarz-Pappel;P105;taxonomischer_rang;Art;
Q147064;Populus nigra;Schwarz-Pappel;P10906;foliage_type;laubabwerfend;
Q147064;Populus nigra;Schwarz-Pappel;P141;gefaehrdungsstufe_iucn;keine ausreichenden Daten;
Q147064;Populus nigra;Schwarz-Pappel;P1672;ursprung_von;black poplar wood;
Q147064;Populus nigra;Schwarz-Pappel;P171;uebergeordnetes_taxon;Pappeln;
Q147064;Populus nigra;Schwarz-Pappel;P18;bild;http://commons.wikimedia.org/wiki/Special:FilePath/Populus%20nigra%20kz02.jpg;
Q147064;Populus nigra;Schwarz-Pappel;P18;bild;http://commons.wikimedia.org/wiki/Special:FilePath/Populus%20nigra%20kz03.jpg;
Q147064;Populus nigra;Schwarz-Pappel;P18;bild;http://commons.wikimedia.org/wiki/Special:FilePath/Populus%20nigra%20kz1.jpg;
Q147064;Populus nigra;Schwarz-Pappel;P18;bild;http://commons.wikimedia.org/wiki/Special:FilePath/Populus%20nigra.Italica.01.jpg;
Q147064;Populus nigra;Schwarz-Pappel;P181;verbreitungskarte_des_taxons;http://commons.wikimedia.org/wiki/Special:FilePath/Populus%20nigra%20range.svg;
Q147064;Populus nigra;Schwarz-Pappel;P225;wissenschaftlicher_name;Populus nigra;
Q147064;Populus nigra;Schwarz-Pappel;P31;ist_eine;Heilpflanze;
Q147064;Populus nigra;Schwarz-Pappel;P31;ist_eine;Taxon;
Q147064;Populus nigra;Schwarz-Pappel;P366;verwendung;Heilpflanze;
Q147064;Populus nigra;Schwarz-Pappel;P4000;fruchttyp;Kapselfrucht;
Q147064;Populus nigra;Schwarz-Pappel;P5841;gefaehrdungsstatus_in_der_rote_liste_der_gefaehrdeten_arten_der_tschechischen_republik;data deficient;
Q147064;Populus nigra;Schwarz-Pappel;P9714;verbreitungsgebiet;Fujian;
Q147064;Populus nigra;Schwarz-Pappel;P9714;verbreitungsgebiet;Volksrepublik China;
Q147064;Populus nigra;Schwarz-Pappel;P9714;verbreitungsgebiet;Xinjiang;
Q161421;Fraxinus ornus;Blumen-Esche;P105;taxonomischer_rang;Art;
Q161421;Fraxinus ornus;Blumen-Esche;P10906;foliage_type;laubabwerfend;
Q161421;Fraxinus ornus;Blumen-Esche;P141;gefaehrdungsstufe_iucn;nicht gefährdet;
Q161421;Fraxinus ornus;Blumen-Esche;P171;uebergeordnetes_taxon;Eschen;
Q161421;Fraxinus ornus;Blumen-Esche;P18;bild;http://commons.wikimedia.org/wiki/Special:FilePath/%28MHNT%29%20Fraxinus%20ornus%20-%20Flowers%20-%20Fronton%20%28Haute-Garonne%29.jpg;
Q161421;Fraxinus ornus;Blumen-Esche;P18;bild;http://commons.wikimedia.org/wiki/Special:FilePath/COI00055913%20-%20Fraxinus%20ornus%20-%20Studniczka%2C%20Carl%20-%20s.n..jpg;
Q161421;Fraxinus ornus;Blumen-Esche;P18;bild;http://commons.wikimedia.org/wiki/Special:FilePath/Flowering%20Ash%20Larousse%20Extracted.png;
Q161421;Fraxinus ornus;Blumen-Esche;P18;bild;http://commons.wikimedia.org/wiki/Special:FilePath/Fraxinu%20ornus%20-%20Jasen%20%281%29.jpg;
Q161421;Fraxinus ornus;Blumen-Esche;P18;bild;http://commons.wikimedia.org/wiki/Special:FilePath/Fraxinus%20ornus%20JPG2.jpg;
Q161421;Fraxinus ornus;Blumen-Esche;P181;verbreitungskarte_des_taxons;http://commons.wikimedia.org/wiki/Special:FilePath/Fraxinus%20ornus%20range.svg;
Q161421;Fraxinus ornus;Blumen-Esche;P225;wissenschaftlicher_name;Fraxinus ornus;
Q161421;Fraxinus ornus;Blumen-Esche;P31;ist_eine;Heilpflanze;
Q161421;Fraxinus ornus;Blumen-Esche;P31;ist_eine;Taxon;
Q161421;Fraxinus ornus;Blumen-Esche;P4000;fruchttyp;Flügelnuss;
Q163779;Aesculus x carnea;Rotblühende Roßkastanie;P105;taxonomischer_rang;Art;
Q163779;Aesculus x carnea;Rotblühende Roßkastanie;P105;taxonomischer_rang;Nothospecies;
Q163779;Aesculus x carnea;Rotblühende Roßkastanie;P10906;foliage_type;laubabwerfend;
Q163779;Aesculus x carnea;Rotblühende Roßkastanie;P1282;openstreetmap_attribut;species=Aesculus × carnea;
Q163779;Aesculus x carnea;Rotblühende Roßkastanie;P1420;taxonomische_synonyme;Aesculus ×plantierensis;
Q163779;Aesculus x carnea;Rotblühende Roßkastanie;P1531;hybrideltern;Gewöhnliche Rosskastanie;
Q163779;Aesculus x carnea;Rotblühende Roßkastanie;P1531;hybrideltern;Rote Rosskastanie;
Q163779;Aesculus x carnea;Rotblühende Roßkastanie;P171;uebergeordnetes_taxon;Rosskastanien;
Q163779;Aesculus x carnea;Rotblühende Roßkastanie;P18;bild;http://commons.wikimedia.org/wiki/Special:FilePath/Aesculus%20carnea%20BotGartenMuenster%20PurpurKastanie%206685.jpg;
Q163779;Aesculus x carnea;Rotblühende Roßkastanie;P225;wissenschaftlicher_name;Aesculus × carnea;
Q163779;Aesculus x carnea;Rotblühende Roßkastanie;P2827;bluetenfarbe;Rosa;
Q163779;Aesculus x carnea;Rotblühende Roßkastanie;P31;ist_eine;Hybride;
Q163779;Aesculus x carnea;Rotblühende Roßkastanie;P31;ist_eine;Taxon;
Q163779;Aesculus x carnea;Rotblühende Roßkastanie;P3739;bluetenstand;Rispe;
Q149332;Pyrus communis;Holz-Birne;P105;taxonomischer_rang;Art;
Q149332;Pyrus communis;Holz-Birne;P171;uebergeordnetes_taxon;Birnen;
Q149332;Pyrus communis;Holz-Birne;P18;bild;http://commons.wikimedia.org/wiki/Special:FilePath/B%C5%99en%C4%8D%C3%A1k%2025042015%2006.JPG;
Q149332;Pyrus communis;Holz-Birne;P18;bild;http://commons.wikimedia.org/wiki/Special:FilePath/Reitter-Abel%20Holzarten%20T021.jpg;
Q149332;Pyrus communis;Holz-Birne;P18;bild;http://commons.wikimedia.org/wiki/Special:FilePath/Rosaceae%20-%20Pyrus%20pyraster%20-%20Perastro-1.JPG;
Q149332;Pyrus communis;Holz-Birne;P225;wissenschaftlicher_name;Pyrus pyraster;
Q149332;Pyrus communis;Holz-Birne;P31;ist_eine;Taxon;
Q149332;Pyrus communis;Holz-Birne;P566;basionym;Pyrus communis var. pyraster;
Q149332;Pyrus communis;Holz-Birne;P5841;gefaehrdungsstatus_in_der_rote_liste_der_gefaehrdeten_arten_der_tschechischen_republik;near threatened;
Q147498;Ulmus glabra;Berg-Ulme;P105;taxonomischer_rang;Art;
Q147498;Ulmus glabra;Berg-Ulme;P10906;foliage_type;laubabwerfend;
Q147498;Ulmus glabra;Berg-Ulme;P141;gefaehrdungsstufe_iucn;keine ausreichenden Daten;
Q147498;Ulmus glabra;Berg-Ulme;P1420;taxonomische_synonyme;Ulmus campestris;
Q147498;Ulmus glabra;Berg-Ulme;P1420;taxonomische_synonyme;Ulmus sukaczevii;
Q147498;Ulmus glabra;Berg-Ulme;P171;uebergeordnetes_taxon;Ulmen;
Q147498;Ulmus glabra;Berg-Ulme;P18;bild;http://commons.wikimedia.org/wiki/Special:FilePath/RN%20Ulmus%20glabra%20%28alnarp%20sweden%29.jpg;
Q147498;Ulmus glabra;Berg-Ulme;P18;bild;http://commons.wikimedia.org/wiki/Special:FilePath/Ulmus%20glabra%20seed%2001.jpg;
Q147498;Ulmus glabra;Berg-Ulme;P181;verbreitungskarte_des_taxons;http://commons.wikimedia.org/wiki/Special:FilePath/Ulmus%20glabra%20range.svg;
Q147498;Ulmus glabra;Berg-Ulme;P225;wissenschaftlicher_name;Ulmus glabra;
Q147498;Ulmus glabra;Berg-Ulme;P279;unterklasse_von;Baum;
Q147498;Ulmus glabra;Berg-Ulme;P31;ist_eine;Taxon;
Q147498;Ulmus glabra;Berg-Ulme;P4000;fruchttyp;Flügelnuss;
Q2379170;Quercus robur 'Fastigiata';Pyramiden-Eiche;P105;taxonomischer_rang;Cultivar;
Q2379170;Quercus robur 'Fastigiata';Pyramiden-Eiche;P171;uebergeordnetes_taxon;Stieleiche;
Q2379170;Quercus robur 'Fastigiata';Pyramiden-Eiche;P18;bild;http://commons.wikimedia.org/wiki/Special:FilePath/Grafenegg%20-%20Schlosspark%20-%20S%C3%A4uleneiche.jpg;
Q2379170;Quercus robur 'Fastigiata';Pyramiden-Eiche;P18;bild;http://commons.wikimedia.org/wiki/Special:FilePath/P%C3%BCramiidtamm%20Tartu%20Jaani%20kiriku%20taga.JPG;
Q2379170;Quercus robur 'Fastigiata';Pyramiden-Eiche;P225;wissenschaftlicher_name;Quercus robur ʽFastigiata’;
Q2379170;Quercus robur 'Fastigiata';Pyramiden-Eiche;P31;ist_eine;Taxon;
Q1137143;Tsuga canadensis;Kanadische Hemlocktanne;P105;taxonomischer_rang;Art;
Q1137143;Tsuga canadensis;Kanadische Hemlocktanne;P141;gefaehrdungsstufe_iucn;potenziell gefährdet;
Q1137143;Tsuga canadensis;Kanadische Hemlocktanne;P1672;ursprung_von;eastern hemlock;
Q1137143;Tsuga canadensis;Kanadische Hemlocktanne;P171;uebergeordnetes_taxon;Tsuga sect. Tsuga;
Q1137143;Tsuga canadensis;Kanadische Hemlocktanne;P18;bild;http://commons.wikimedia.org/wiki/Special:FilePath/Tsuga%20canadensis%20morton.jpg;
Q1137143;Tsuga canadensis;Kanadische Hemlocktanne;P181;verbreitungskarte_des_taxons;http://commons.wikimedia.org/wiki/Special:FilePath/Tsuga%20canadensis%20range%20map%201.png;
Q1137143;Tsuga canadensis;Kanadische Hemlocktanne;P225;wissenschaftlicher_name;Tsuga canadensis;
Q1137143;Tsuga canadensis;Kanadische Hemlocktanne;P31;ist_eine;Taxon;
Q1137143;Tsuga canadensis;Kanadische Hemlocktanne;P3648;natureserve_conservation_status;apparently secure;
Q1137143;Tsuga canadensis;Kanadische Hemlocktanne;P4214;hoechste_beobachtete_lebensdauer;555.0;
Q1137143;Tsuga canadensis;Kanadische Hemlocktanne;P566;basionym;Pinus canadensis;
Q1138533;Parrotia persica;Parrotie;P105;taxonomischer_rang;Art;
Q1138533;Parrotia persica;Parrotie;P10906;foliage_type;laubabwerfend;
Q1138533;Parrotia persica;Parrotie;P171;uebergeordnetes_taxon;Parrotia;
Q1138533;Parrotia persica;Parrotie;P18;bild;http://commons.wikimedia.org/wiki/Special:FilePath/%D8%A8%D8%B1%DA%AF%20%D8%AF%D8%B1%D8%AE%D8%AA%20%D8%A7%D9%86%D8%AC%DB%8C%D9%84%DB%8C%20%D8%AF%D8%B1%20%D8%A7%D8%B1%D8%AF%DB%8C%D8%A8%D9%87%D8%B4%D8%AA%20%D9%85%D8%A7%D9%87.jpg;
Q1138533;Parrotia persica;Parrotie;P18;bild;http://commons.wikimedia.org/wiki/Special:FilePath/%D8%AF%D8%B1%D8%AE%D8%AA%20%D8%A7%D9%86%D8%AC%DB%8C%D9%84%DB%8C.jpg;
Q1138533;Parrotia persica;Parrotie;P225;wissenschaftlicher_name;Parrotia persica;
Q1138533;Parrotia persica;Parrotie;P31;ist_eine;Taxon;
Q1138533;Parrotia persica;Parrotie;P4000;fruchttyp;Kapselfrucht;
Q1138533;Parrotia persica;Parrotie;P566;basionym;Hamamelis persica;
Q157960;Sorbus aria;Mehlbeere;P105;taxonomischer_rang;Art;
Q157960;Sorbus aria;Mehlbeere;P10906;foliage_type;laubabwerfend;
Q157960;Sorbus aria;Mehlbeere;P12763;taxonomisches_synonym_zu;Aria edulis;
Q157960;Sorbus aria;Mehlbeere;P141;gefaehrdungsstufe_iucn;nicht gefährdet;
Q157960;Sorbus aria;Mehlbeere;P1672;ursprung_von;Mehlbeere;
Q157960;Sorbus aria;Mehlbeere;P171;uebergeordnetes_taxon;Mehlbeeren;
Q157960;Sorbus aria;Mehlbeere;P18;bild;http://commons.wikimedia.org/wiki/Special:FilePath/Sorbus%20aria-3420.jpg;
Q157960;Sorbus aria;Mehlbeere;P18;bild;http://commons.wikimedia.org/wiki/Special:FilePath/Sorbus%20aria.jpg;
Q157960;Sorbus aria;Mehlbeere;P181;verbreitungskarte_des_taxons;http://commons.wikimedia.org/wiki/Special:FilePath/Sorbus%20aria%20range.svg;
Q157960;Sorbus aria;Mehlbeere;P225;wissenschaftlicher_name;Sorbus aria;
Q157960;Sorbus aria;Mehlbeere;P31;ist_eine;Taxon;
Q157960;Sorbus aria;Mehlbeere;P566;basionym;Crataegus aria;
Q157960;Sorbus aria;Mehlbeere;P5841;gefaehrdungsstatus_in_der_rote_liste_der_gefaehrdeten_arten_der_tschechischen_republik;gefährdet;
Q161253;Quercus palustris;Sumpf-Eiche;P105;taxonomischer_rang;Art;
Q161253;Quercus palustris;Sumpf-Eiche;P141;gefaehrdungsstufe_iucn;nicht gefährdet;
Q161253;Quercus palustris;Sumpf-Eiche;P171;uebergeordnetes_taxon;Eichen;
Q161253;Quercus palustris;Sumpf-Eiche;P18;bild;http://commons.wikimedia.org/wiki/Special:FilePath/Pin%20oak%20quercus%20palustris.jpg;
Q161253;Quercus palustris;Sumpf-Eiche;P18;bild;http://commons.wikimedia.org/wiki/Special:FilePath/Quercus%20palustris%20001.jpg;
Q161253;Quercus palustris;Sumpf-Eiche;P225;wissenschaftlicher_name;Quercus palustris;
Q161253;Quercus palustris;Sumpf-Eiche;P31;ist_eine;Taxon;
Q161253;Quercus palustris;Sumpf-Eiche;P8193;winterhaerte_der_pflanze;4;
Q161702;Amelanchier lamarckii;Kupfer-Felsenbirne;P105;taxonomischer_rang;Nothospecies;
Q161702;Amelanchier lamarckii;Kupfer-Felsenbirne;P13162;referenzabbildung;http://commons.wikimedia.org/wiki/Special:FilePath/Amelanchier%20canadensis%20%E2%80%94%20Flora%20Batava%20%E2%80%94%20Volume%20v14.jpg;
Q161702;Amelanchier lamarckii;Kupfer-Felsenbirne;P1531;hybrideltern;Amelanchier arborea;
Q161702;Amelanchier lamarckii;Kupfer-Felsenbirne;P1531;hybrideltern;Amelanchier laevis;
Q161702;Amelanchier lamarckii;Kupfer-Felsenbirne;P171;uebergeordnetes_taxon;Felsenbirnen;
Q161702;Amelanchier lamarckii;Kupfer-Felsenbirne;P18;bild;http://commons.wikimedia.org/wiki/Special:FilePath/Busch%20Jakobsberg.jpg;
Q161702;Amelanchier lamarckii;Kupfer-Felsenbirne;P225;wissenschaftlicher_name;Amelanchier × lamarckii;
Q161702;Amelanchier lamarckii;Kupfer-Felsenbirne;P31;ist_eine;hybrid taxon;
Q161702;Amelanchier lamarckii;Kupfer-Felsenbirne;P8193;winterhaerte_der_pflanze;4;
Q9578905;Acer pseudoplatanus 'Purpurascens';Rotblättrige Sorte des Berg-Ahorn;P105;taxonomischer_rang;Varietät;
Q9578905;Acer pseudoplatanus 'Purpurascens';Rotblättrige Sorte des Berg-Ahorn;P171;uebergeordnetes_taxon;Bergahorn;
Q9578905;Acer pseudoplatanus 'Purpurascens';Rotblättrige Sorte des Berg-Ahorn;P225;wissenschaftlicher_name;Acer pseudoplatanus var. purpurascens;
Q9578905;Acer pseudoplatanus 'Purpurascens';Rotblättrige Sorte des Berg-Ahorn;P31;ist_eine;Taxon;
Q146269;Populus alba;Weiß-Pappel;P105;taxonomischer_rang;Art;
Q146269;Populus alba;Weiß-Pappel;P10906;foliage_type;laubabwerfend;
Q146269;Populus alba;Weiß-Pappel;P141;gefaehrdungsstufe_iucn;nicht gefährdet;
Q146269;Populus alba;Weiß-Pappel;P1672;ursprung_von;white poplar wood;
Q146269;Populus alba;Weiß-Pappel;P171;uebergeordnetes_taxon;Pappeln;
Q146269;Populus alba;Weiß-Pappel;P18;bild;http://commons.wikimedia.org/wiki/Special:FilePath/Populus%20alba%2C%20Czajecice%2C%2020060812%201358.jpg;
Q146269;Populus alba;Weiß-Pappel;P181;verbreitungskarte_des_taxons;http://commons.wikimedia.org/wiki/Special:FilePath/Populus%20alba%20range.svg;
Q146269;Populus alba;Weiß-Pappel;P225;wissenschaftlicher_name;Populus alba;
Q146269;Populus alba;Weiß-Pappel;P2713;schnittansicht;http://commons.wikimedia.org/wiki/Special:FilePath/Populus%20alba%20cross%20section%20Marki.JPG;
Q146269;Populus alba;Weiß-Pappel;P31;ist_eine;Taxon;
Q146269;Populus alba;Weiß-Pappel;P366;verwendung;Heilpflanze;
Q146269;Populus alba;Weiß-Pappel;P443;aussprache_audiodatei;http://commons.wikimedia.org/wiki/Special:FilePath/De-Silberpappel.ogg;
Q146269;Populus alba;Weiß-Pappel;P9714;verbreitungsgebiet;Autonomes Gebiet Tibet;
Q146269;Populus alba;Weiß-Pappel;P9714;verbreitungsgebiet;Fujian;
Q146269;Populus alba;Weiß-Pappel;P9714;verbreitungsgebiet;Peking;
Q146269;Populus alba;Weiß-Pappel;P9714;verbreitungsgebiet;Volksrepublik China;
Q146269;Populus alba;Weiß-Pappel;P9714;verbreitungsgebiet;Xinjiang;
Q156687;Pseudotsuga menziesii;Küsten-Douglasie;P105;taxonomischer_rang;Art;
Q156687;Pseudotsuga menziesii;Küsten-Douglasie;P141;gefaehrdungsstufe_iucn;nicht gefährdet;
Q156687;Pseudotsuga menziesii;Küsten-Douglasie;P1672;ursprung_von;Douglas fir cone;
Q156687;Pseudotsuga menziesii;Küsten-Douglasie;P1672;ursprung_von;Douglas fir resin;
Q156687;Pseudotsuga menziesii;Küsten-Douglasie;P1672;ursprung_von;Douglas-fir wood;
Q156687;Pseudotsuga menziesii;Küsten-Douglasie;P171;uebergeordnetes_taxon;Douglasien;
Q156687;Pseudotsuga menziesii;Küsten-Douglasie;P18;bild;http://commons.wikimedia.org/wiki/Special:FilePath/Pseudotsuga%20menziesii%207456.JPG;
Q156687;Pseudotsuga menziesii;Küsten-Douglasie;P181;verbreitungskarte_des_taxons;http://commons.wikimedia.org/wiki/Special:FilePath/Pseudotsuga%20menziesii%20levila.png;
Q156687;Pseudotsuga menziesii;Küsten-Douglasie;P225;wissenschaftlicher_name;Pseudotsuga menziesii;
Q156687;Pseudotsuga menziesii;Küsten-Douglasie;P2713;schnittansicht;http://commons.wikimedia.org/wiki/Special:FilePath/A%20timeline%20is%20spaced%20out%20on%20a%20slice%20of%20an%20old-growth%20tree.%20%28ab0f4656-a6b2-4e16-bd8b-413ff61ea5d2%29.JPEG;
Q156687;Pseudotsuga menziesii;Küsten-Douglasie;P279;unterklasse_von;evergreen tree;
Q156687;Pseudotsuga menziesii;Küsten-Douglasie;P31;ist_eine;Taxon;
Q156687;Pseudotsuga menziesii;Küsten-Douglasie;P3648;natureserve_conservation_status;secure;
Q156687;Pseudotsuga menziesii;Küsten-Douglasie;P4214;hoechste_beobachtete_lebensdauer;1350.0;
Q156687;Pseudotsuga menziesii;Küsten-Douglasie;P566;basionym;Abies menziesii;
Q156687;Pseudotsuga menziesii;Küsten-Douglasie;P9714;verbreitungsgebiet;Nordkalifornien;
Q156687;Pseudotsuga menziesii;Küsten-Douglasie;P9714;verbreitungsgebiet;Volksrepublik China;
Q156687;Pseudotsuga menziesii;Küsten-Douglasie;P9714;verbreitungsgebiet;West-Washington;
Q156687;Pseudotsuga menziesii;Küsten-Douglasie;P9714;verbreitungsgebiet;Western Oregon;
Q526549;Cercidiphyllum japonicum;Katsurabaum;P105;taxonomischer_rang;Art;
Q526549;Cercidiphyllum japonicum;Katsurabaum;P10906;foliage_type;laubabwerfend;
Q526549;Cercidiphyllum japonicum;Katsurabaum;P13162;referenzabbildung;http://commons.wikimedia.org/wiki/Special:FilePath/Addisonia%20-%20colored%20illustrations%20and%20popular%20descriptions%20of%20plants%20%281916-%281964%29%29%20%2816565551177%29.jpg;
Q526549;Cercidiphyllum japonicum;Katsurabaum;P141;gefaehrdungsstufe_iucn;nicht gefährdet;
Q526549;Cercidiphyllum japonicum;Katsurabaum;P171;uebergeordnetes_taxon;Kuchenbäume;
Q526549;Cercidiphyllum japonicum;Katsurabaum;P18;bild;http://commons.wikimedia.org/wiki/Special:FilePath/Great%20katsura%20of%20wachi01s3000.jpg;
Q526549;Cercidiphyllum japonicum;Katsurabaum;P181;verbreitungskarte_des_taxons;http://commons.wikimedia.org/wiki/Special:FilePath/Distribution.cercidiphyllum.japonicum.png;
Q526549;Cercidiphyllum japonicum;Katsurabaum;P225;wissenschaftlicher_name;Cercidiphyllum japonicum;
Q526549;Cercidiphyllum japonicum;Katsurabaum;P31;ist_eine;Taxon;
Q526549;Cercidiphyllum japonicum;Katsurabaum;P366;verwendung;Heilpflanze;
Q526549;Cercidiphyllum japonicum;Katsurabaum;P366;verwendung;Holz;
Q526549;Cercidiphyllum japonicum;Katsurabaum;P9714;verbreitungsgebiet;Volksrepublik China;
Q18674606;Malus sylvestris Aggregat;Hausapfel;P105;taxonomischer_rang;Art;
Q18674606;Malus sylvestris Aggregat;Hausapfel;P10906;foliage_type;laubabwerfend;
Q18674606;Malus sylvestris Aggregat;Hausapfel;P1282;openstreetmap_attribut;species=Malus_domestica;
Q18674606;Malus sylvestris Aggregat;Hausapfel;P1420;taxonomische_synonyme;Malus communis;
Q18674606;Malus sylvestris Aggregat;Hausapfel;P1420;taxonomische_synonyme;Malus dioica;
Q18674606;Malus sylvestris Aggregat;Hausapfel;P1420;taxonomische_synonyme;Malus frutescens;
Q18674606;Malus sylvestris Aggregat;Hausapfel;P1420;taxonomische_synonyme;Malus paradisiaca;
Q18674606;Malus sylvestris Aggregat;Hausapfel;P1420;taxonomische_synonyme;Malus praecox;
Q18674606;Malus sylvestris Aggregat;Hausapfel;P1420;taxonomische_synonyme;Malus pumila;
Q18674606;Malus sylvestris Aggregat;Hausapfel;P1420;taxonomische_synonyme;Pyrus dioica;
Q18674606;Malus sylvestris Aggregat;Hausapfel;P1420;taxonomische_synonyme;Pyrus malus;
Q18674606;Malus sylvestris Aggregat;Hausapfel;P1672;ursprung_von;Agredolç;
Q18674606;Malus sylvestris Aggregat;Hausapfel;P1672;ursprung_von;Apfel;
Q18674606;Malus sylvestris Aggregat;Hausapfel;P1672;ursprung_von;Apfelkernöl;
Q18674606;Malus sylvestris Aggregat;Hausapfel;P1672;ursprung_von;Apfelschale;
Q18674606;Malus sylvestris Aggregat;Hausapfel;P1672;ursprung_von;apple seed;
Q18674606;Malus sylvestris Aggregat;Hausapfel;P1672;ursprung_von;apple wood;
Q18674606;Malus sylvestris Aggregat;Hausapfel;P171;uebergeordnetes_taxon;Äpfel;
Q18674606;Malus sylvestris Aggregat;Hausapfel;P18;bild;http://commons.wikimedia.org/wiki/Special:FilePath/Tree%20with%20red%20apples%20in%20Barkedal%204.jpg;
Q18674606;Malus sylvestris Aggregat;Hausapfel;P225;wissenschaftlicher_name;Malus domestica;
Q18674606;Malus sylvestris Aggregat;Hausapfel;P279;unterklasse_von;Obstbaum;
Q18674606;Malus sylvestris Aggregat;Hausapfel;P31;ist_eine;Taxon;
Q18674606;Malus sylvestris Aggregat;Hausapfel;P366;verwendung;Aufforstung;
Q18674606;Malus sylvestris Aggregat;Hausapfel;P366;verwendung;Futtermittel;
Q18674606;Malus sylvestris Aggregat;Hausapfel;P366;verwendung;Heilpflanze;
Q18674606;Malus sylvestris Aggregat;Hausapfel;P366;verwendung;Nahrung;
Q18674606;Malus sylvestris Aggregat;Hausapfel;P566;basionym;Pyrus malus var. domestica;
Q18674606;Malus sylvestris Aggregat;Hausapfel;P6800;sequenced_genome_url;https://plants.ensembl.org/Malus_domestica_golden;
Q18674606;Malus sylvestris Aggregat;Hausapfel;P694;ersetztes_synonym;Pyrus praecox;
Q18674606;Malus sylvestris Aggregat;Hausapfel;P8193;winterhaerte_der_pflanze;4;
Q18674606;Malus sylvestris Aggregat;Hausapfel;P9714;verbreitungsgebiet;Europa;
Q18674606;Malus sylvestris Aggregat;Hausapfel;P9714;verbreitungsgebiet;Volksrepublik China;
Q121749;Pterocarya fraxinifolia;Kaukasische Flügelnuß;P105;taxonomischer_rang;Art;
Q121749;Pterocarya fraxinifolia;Kaukasische Flügelnuß;P10906;foliage_type;laubabwerfend;
Q121749;Pterocarya fraxinifolia;Kaukasische Flügelnuß;P1282;openstreetmap_attribut;species=Pterocarya_fraxinifolia;
Q121749;Pterocarya fraxinifolia;Kaukasische Flügelnuß;P13696;taxon_aspect_image;http://commons.wikimedia.org/wiki/Special:FilePath/Pterocarya%20fraxinifolia%20bark%20Zabrze.jpg;
Q121749;Pterocarya fraxinifolia;Kaukasische Flügelnuß;P141;gefaehrdungsstufe_iucn;gefährdet;
Q121749;Pterocarya fraxinifolia;Kaukasische Flügelnuß;P171;uebergeordnetes_taxon;Flügelnüsse;
Q121749;Pterocarya fraxinifolia;Kaukasische Flügelnuß;P18;bild;http://commons.wikimedia.org/wiki/Special:FilePath/Pterocarya%20fraxinifolia%20JPG3a.jpg;
Q121749;Pterocarya fraxinifolia;Kaukasische Flügelnuß;P225;wissenschaftlicher_name;Pterocarya fraxinifolia;
Q121749;Pterocarya fraxinifolia;Kaukasische Flügelnuß;P31;ist_eine;Taxon;
Q121749;Pterocarya fraxinifolia;Kaukasische Flügelnuß;P566;basionym;Juglans fraxinifolia;
Q44120;Prunus domestica;Kultur-Pflaume;P105;taxonomischer_rang;Art;
Q44120;Prunus domestica;Kultur-Pflaume;P10906;foliage_type;laubabwerfend;
Q44120;Prunus domestica;Kultur-Pflaume;P13162;referenzabbildung;http://commons.wikimedia.org/wiki/Special:FilePath/La%20botanique%20de%20J.J.%20Rousseau%20%28Plate%2043%29%20BHL6164739.jpg;
Q44120;Prunus domestica;Kultur-Pflaume;P141;gefaehrdungsstufe_iucn;keine ausreichenden Daten;
Q44120;Prunus domestica;Kultur-Pflaume;P1420;taxonomische_synonyme;Prunus domestica var. juliana;
Q44120;Prunus domestica;Kultur-Pflaume;P1672;ursprung_von;plum wood;
Q44120;Prunus domestica;Kultur-Pflaume;P171;uebergeordnetes_taxon;Prunus subg. Prunus;
Q44120;Prunus domestica;Kultur-Pflaume;P176;hersteller;Indien;
Q44120;Prunus domestica;Kultur-Pflaume;P176;hersteller;Serbien;
Q44120;Prunus domestica;Kultur-Pflaume;P176;hersteller;Volksrepublik China;
Q44120;Prunus domestica;Kultur-Pflaume;P18;bild;http://commons.wikimedia.org/wiki/Special:FilePath/Fruits%20Prunus%20domestica.jpg;
Q44120;Prunus domestica;Kultur-Pflaume;P18;bild;http://commons.wikimedia.org/wiki/Special:FilePath/Owoce%20%C5%9Aliwka.jpg;
Q44120;Prunus domestica;Kultur-Pflaume;P18;bild;http://commons.wikimedia.org/wiki/Special:FilePath/Prunus%20domestica%20pruim%20%27Opal%27%20flowers.jpg;
Q44120;Prunus domestica;Kultur-Pflaume;P18;bild;http://commons.wikimedia.org/wiki/Special:FilePath/Serbian%20genuine.jpg;
Q44120;Prunus domestica;Kultur-Pflaume;P225;wissenschaftlicher_name;Prunus domestica;
Q44120;Prunus domestica;Kultur-Pflaume;P279;unterklasse_von;Obst;
Q44120;Prunus domestica;Kultur-Pflaume;P279;unterklasse_von;Obstbaum;
Q44120;Prunus domestica;Kultur-Pflaume;P31;ist_eine;Taxon;
Q44120;Prunus domestica;Kultur-Pflaume;P366;verwendung;Heilpflanze;
Q44120;Prunus domestica;Kultur-Pflaume;P4000;fruchttyp;Steinfrucht;
Q44120;Prunus domestica;Kultur-Pflaume;P443;aussprache_audiodatei;http://commons.wikimedia.org/wiki/Special:FilePath/LL-Q150%20%28fra%29-Guilhelma-prunier.wav;
Q44120;Prunus domestica;Kultur-Pflaume;P8193;winterhaerte_der_pflanze;4;
Q129018;Prunus spinosa;Schlehe;P105;taxonomischer_rang;Art;
Q129018;Prunus spinosa;Schlehe;P11220;fruchtfarbe;Blau;
Q129018;Prunus spinosa;Schlehe;P141;gefaehrdungsstufe_iucn;nicht gefährdet;
Q129018;Prunus spinosa;Schlehe;P1672;ursprung_von;Schlehdorn;
Q129018;Prunus spinosa;Schlehe;P1672;ursprung_von;sloe juice;
Q129018;Prunus spinosa;Schlehe;P171;uebergeordnetes_taxon;Prunus;
Q129018;Prunus spinosa;Schlehe;P18;bild;http://commons.wikimedia.org/wiki/Special:FilePath/Closeup%20of%20blackthorn%20aka%20sloe%20aka%20prunus%20spinosa%20sweden%2020050924.jpg;
Q129018;Prunus spinosa;Schlehe;P18;bild;http://commons.wikimedia.org/wiki/Special:FilePath/Prunus%20spinosa%20130403.jpg;
Q129018;Prunus spinosa;Schlehe;P18;bild;http://commons.wikimedia.org/wiki/Special:FilePath/Sch%C3%B6necker%20Schweiz%20001.jpg;
Q129018;Prunus spinosa;Schlehe;P181;verbreitungskarte_des_taxons;http://commons.wikimedia.org/wiki/Special:FilePath/Prunus%20spinosa%20range.svg;
Q129018;Prunus spinosa;Schlehe;P225;wissenschaftlicher_name;Prunus spinosa;
Q129018;Prunus spinosa;Schlehe;P31;ist_eine;Taxon;
Q129018;Prunus spinosa;Schlehe;P366;verwendung;Heilpflanze;
Q129018;Prunus spinosa;Schlehe;P4000;fruchttyp;Steinfrucht;
Q158642;Cornus mas;Kornelkirsche;P105;taxonomischer_rang;Art;
Q158642;Cornus mas;Kornelkirsche;P10906;foliage_type;laubabwerfend;
Q158642;Cornus mas;Kornelkirsche;P12763;taxonomisches_synonym_zu;Cornus mascula;
Q158642;Cornus mas;Kornelkirsche;P13478;nomenklatorischer_typ_von;Hartriegel;
Q158642;Cornus mas;Kornelkirsche;P1382;teilweise_uebereinstimmend_mit;Cornus mascula;
Q158642;Cornus mas;Kornelkirsche;P141;gefaehrdungsstufe_iucn;nicht gefährdet;
Q158642;Cornus mas;Kornelkirsche;P1672;ursprung_von;Kornellkirsche;
Q158642;Cornus mas;Kornelkirsche;P171;uebergeordnetes_taxon;Hartriegel;
Q158642;Cornus mas;Kornelkirsche;P18;bild;http://commons.wikimedia.org/wiki/Special:FilePath/CornusMas%20Fruits%2001.jpg;
Q158642;Cornus mas;Kornelkirsche;P18;bild;http://commons.wikimedia.org/wiki/Special:FilePath/Gele%20kornoelje%2027-08-2005%2015.12.06.JPG;
Q158642;Cornus mas;Kornelkirsche;P181;verbreitungskarte_des_taxons;http://commons.wikimedia.org/wiki/Special:FilePath/Cornus%20mas%20range.svg;
Q158642;Cornus mas;Kornelkirsche;P225;wissenschaftlicher_name;Cornus mas;
Q158642;Cornus mas;Kornelkirsche;P279;unterklasse_von;Nutzpflanze;
Q158642;Cornus mas;Kornelkirsche;P31;ist_eine;Taxon;
Q158642;Cornus mas;Kornelkirsche;P366;verwendung;Holz;
Q158642;Cornus mas;Kornelkirsche;P366;verwendung;Kornellkirsche;
Q158642;Cornus mas;Kornelkirsche;P4000;fruchttyp;Steinfrucht;
Q158642;Cornus mas;Kornelkirsche;P8193;winterhaerte_der_pflanze;4;
Q76971;Betula papyrifera;Papier-Birke;P105;taxonomischer_rang;Art;
Q76971;Betula papyrifera;Papier-Birke;P10906;foliage_type;laubabwerfend;
Q76971;Betula papyrifera;Papier-Birke;P141;gefaehrdungsstufe_iucn;nicht gefährdet;
Q76971;Betula papyrifera;Papier-Birke;P1672;ursprung_von;paper birch;
Q76971;Betula papyrifera;Papier-Birke;P171;uebergeordnetes_taxon;Birken;
Q76971;Betula papyrifera;Papier-Birke;P18;bild;http://commons.wikimedia.org/wiki/Special:FilePath/Grand%20Beach%20Provincial%20Park%2C%20Manitoba%20%28481751%29%20%289448100060%29.jpg;
Q76971;Betula papyrifera;Papier-Birke;P181;verbreitungskarte_des_taxons;http://commons.wikimedia.org/wiki/Special:FilePath/Betula%20papyrifera%20range%20map.jpg;
Q76971;Betula papyrifera;Papier-Birke;P225;wissenschaftlicher_name;Betula papyrifera;
Q76971;Betula papyrifera;Papier-Birke;P31;ist_eine;Taxon;
Q76971;Betula papyrifera;Papier-Birke;P3648;natureserve_conservation_status;secure;
Q76971;Betula papyrifera;Papier-Birke;P8193;winterhaerte_der_pflanze;2;
Q43284;Ginkgo biloba;Ginkgobaum;P105;taxonomischer_rang;Art;
Q43284;Ginkgo biloba;Ginkgobaum;P10906;foliage_type;laubabwerfend;
Q43284;Ginkgo biloba;Ginkgobaum;P141;gefaehrdungsstufe_iucn;gefährdete Tierarten;
Q43284;Ginkgo biloba;Ginkgobaum;P1672;ursprung_von;EGb761;
Q43284;Ginkgo biloba;Ginkgobaum;P1672;ursprung_von;Ginkgo biloba extract;
Q43284;Ginkgo biloba;Ginkgobaum;P1672;ursprung_von;Ginkgoblätter;
Q43284;Ginkgo biloba;Ginkgobaum;P1672;ursprung_von;ginkgo nut;
Q43284;Ginkgo biloba;Ginkgobaum;P171;uebergeordnetes_taxon;Ginkgo;
Q43284;Ginkgo biloba;Ginkgobaum;P18;bild;http://commons.wikimedia.org/wiki/Special:FilePath/GINKGOBAUM-2.jpg;
Q43284;Ginkgo biloba;Ginkgobaum;P18;bild;http://commons.wikimedia.org/wiki/Special:FilePath/Ginkgo%20biloba.%20filare.jpg;
Q43284;Ginkgo biloba;Ginkgobaum;P225;wissenschaftlicher_name;Ginkgo biloba;
Q43284;Ginkgo biloba;Ginkgobaum;P279;unterklasse_von;Baum;
Q43284;Ginkgo biloba;Ginkgobaum;P31;ist_eine;Taxon;
Q43284;Ginkgo biloba;Ginkgobaum;P3648;natureserve_conservation_status;vom Aussterben bedroht;
Q43284;Ginkgo biloba;Ginkgobaum;P366;verwendung;Aufforstung;
Q43284;Ginkgo biloba;Ginkgobaum;P366;verwendung;Heilpflanze;
Q43284;Ginkgo biloba;Ginkgobaum;P366;verwendung;Holz;
Q43284;Ginkgo biloba;Ginkgobaum;P366;verwendung;Nahrung;
Q43284;Ginkgo biloba;Ginkgobaum;P443;aussprache_audiodatei;http://commons.wikimedia.org/wiki/Special:FilePath/LL-Q150%20%28fra%29-Marie-Th%C3%A9r%C3%A8se%20Benatia%20%28BiblioCanet66%29-Ginkgo%20biloba.wav;
Q43284;Ginkgo biloba;Ginkgobaum;P6802;themenverwandtes_bild;http://commons.wikimedia.org/wiki/Special:FilePath/Ginkgo%20biloba%20Larousse%20Extracted.png;
Q43284;Ginkgo biloba;Ginkgobaum;P8026;livertox_likelihood_score;LiverTox toxicity likelihood category E;
Q43284;Ginkgo biloba;Ginkgobaum;P9714;verbreitungsgebiet;Fujian;
Q43284;Ginkgo biloba;Ginkgobaum;P9714;verbreitungsgebiet;Guangdong;
Q43284;Ginkgo biloba;Ginkgobaum;P9714;verbreitungsgebiet;Peking;
Q131113;Ulmus species;Ulme;P105;taxonomischer_rang;Gattung;
Q131113;Ulmus species;Ulme;P13177;homonymous_taxon;Ulmus;
Q131113;Ulmus species;Ulme;P1672;ursprung_von;Ulmenholz;
Q131113;Ulmus species;Ulme;P1672;ursprung_von;burr elm;
Q131113;Ulmus species;Ulme;P171;uebergeordnetes_taxon;Ulmengewächse;
Q131113;Ulmus species;Ulme;P18;bild;http://commons.wikimedia.org/wiki/Special:FilePath/East%20Coker%20elm%2C%202.jpg;
Q131113;Ulmus species;Ulme;P18;bild;http://commons.wikimedia.org/wiki/Special:FilePath/Illustration%20Ulmus%20carpinifolia0.jpg;
Q131113;Ulmus species;Ulme;P225;wissenschaftlicher_name;Ulmus;
Q131113;Ulmus species;Ulme;P279;unterklasse_von;Baum;
Q131113;Ulmus species;Ulme;P31;ist_eine;Taxon;
Q131113;Ulmus species;Ulme;P366;verwendung;Ulmenbaum;
Q131113;Ulmus species;Ulme;P4000;fruchttyp;Nüsschen;
Q131113;Ulmus species;Ulme;P427;nomenklatorischer_typ;Ulmus campestris;
Q886511;Fagus sylvatica 'Purpurea';Blutbuche;P105;taxonomischer_rang;Form;
Q886511;Fagus sylvatica 'Purpurea';Blutbuche;P1672;ursprung_von;Blutbuchenholz;
Q886511;Fagus sylvatica 'Purpurea';Blutbuche;P171;uebergeordnetes_taxon;Rotbuche;
Q886511;Fagus sylvatica 'Purpurea';Blutbuche;P18;bild;http://commons.wikimedia.org/wiki/Special:FilePath/FagusPurpurea052005.jpg;
Q886511;Fagus sylvatica 'Purpurea';Blutbuche;P225;wissenschaftlicher_name;Fagus sylvatica f. purpurea;
Q886511;Fagus sylvatica 'Purpurea';Blutbuche;P31;ist_eine;Taxon;
Q161382;Tilia tomentosa;Silber-Linde;P105;taxonomischer_rang;Art;
Q161382;Tilia tomentosa;Silber-Linde;P10906;foliage_type;laubabwerfend;
Q161382;Tilia tomentosa;Silber-Linde;P141;gefaehrdungsstufe_iucn;nicht gefährdet;
Q161382;Tilia tomentosa;Silber-Linde;P1672;ursprung_von;Silberlindenblüten;
Q161382;Tilia tomentosa;Silber-Linde;P171;uebergeordnetes_taxon;Linde;
Q161382;Tilia tomentosa;Silber-Linde;P18;bild;http://commons.wikimedia.org/wiki/Special:FilePath/Tilia%20tomentosa%201JPG.jpg;
Q161382;Tilia tomentosa;Silber-Linde;P18;bild;http://commons.wikimedia.org/wiki/Special:FilePath/Tilia-tomentosa.JPG;
Q161382;Tilia tomentosa;Silber-Linde;P181;verbreitungskarte_des_taxons;http://commons.wikimedia.org/wiki/Special:FilePath/Tilia%20tomentosa%20range.svg;
Q161382;Tilia tomentosa;Silber-Linde;P225;wissenschaftlicher_name;Tilia tomentosa;
Q161382;Tilia tomentosa;Silber-Linde;P279;unterklasse_von;Linde;
Q161382;Tilia tomentosa;Silber-Linde;P31;ist_eine;Taxon;
Q161382;Tilia tomentosa;Silber-Linde;P3739;bluetenstand;cyme;
Q146110;Populus tremula;Espe;P105;taxonomischer_rang;Art;
Q146110;Populus tremula;Espe;P10906;foliage_type;laubabwerfend;
Q146110;Populus tremula;Espe;P141;gefaehrdungsstufe_iucn;nicht gefährdet;
Q146110;Populus tremula;Espe;P1672;ursprung_von;aspen wood;
Q146110;Populus tremula;Espe;P171;uebergeordnetes_taxon;Pappeln;
Q146110;Populus tremula;Espe;P18;bild;http://commons.wikimedia.org/wiki/Special:FilePath/Ospeholt%20i%20Hurdal.JPG;
Q146110;Populus tremula;Espe;P181;verbreitungskarte_des_taxons;http://commons.wikimedia.org/wiki/Special:FilePath/Populus%20tremula%20range.svg;
Q146110;Populus tremula;Espe;P225;wissenschaftlicher_name;Populus tremula;
Q146110;Populus tremula;Espe;P31;ist_eine;Taxon;
Q146110;Populus tremula;Espe;P4000;fruchttyp;Kapselfrucht;
Q146110;Populus tremula;Espe;P5252;winteransicht;http://commons.wikimedia.org/wiki/Special:FilePath/Populus%20tremula%20-%20Stanislav%20Murashkin%20-%20606131129.jpeg;
Q146110;Populus tremula;Espe;P9714;verbreitungsgebiet;Tianjin;
Q146110;Populus tremula;Espe;P9714;verbreitungsgebiet;Volksrepublik China;
Q146110;Populus tremula;Espe;P9714;verbreitungsgebiet;Xinjiang;
Q158987;Prunus serotina;Spätblühende Trauben-Kirsche;P105;taxonomischer_rang;Art;
Q158987;Prunus serotina;Spätblühende Trauben-Kirsche;P11220;fruchtfarbe;nearly black;
Q158987;Prunus serotina;Spätblühende Trauben-Kirsche;P11220;fruchtfarbe;reddish purple;
Q158987;Prunus serotina;Spätblühende Trauben-Kirsche;P141;gefaehrdungsstufe_iucn;nicht gefährdet;
Q158987;Prunus serotina;Spätblühende Trauben-Kirsche;P1672;ursprung_von;black cherry;
Q158987;Prunus serotina;Spätblühende Trauben-Kirsche;P1672;ursprung_von;smell of black cherry;
Q158987;Prunus serotina;Spätblühende Trauben-Kirsche;P171;uebergeordnetes_taxon;Prunus;
Q158987;Prunus serotina;Spätblühende Trauben-Kirsche;P18;bild;http://commons.wikimedia.org/wiki/Special:FilePath/Amerikaanse%20vogelkers%20Prunus%20serotina%20closeup.jpg;
Q158987;Prunus serotina;Spätblühende Trauben-Kirsche;P181;verbreitungskarte_des_taxons;http://commons.wikimedia.org/wiki/Special:FilePath/Prunus%20serotina%20range%20map%201.png;
Q158987;Prunus serotina;Spätblühende Trauben-Kirsche;P225;wissenschaftlicher_name;Prunus serotina;
Q158987;Prunus serotina;Spätblühende Trauben-Kirsche;P31;ist_eine;Taxon;
Q158987;Prunus serotina;Spätblühende Trauben-Kirsche;P4000;fruchttyp;Steinfrucht;
Q158987;Prunus serotina;Spätblühende Trauben-Kirsche;P5588;invasiv_in;Belgien;
Q158987;Prunus serotina;Spätblühende Trauben-Kirsche;P8193;winterhaerte_der_pflanze;2;
Q18674606;Malus species;Apfel;P105;taxonomischer_rang;Art;
Q18674606;Malus species;Apfel;P10906;foliage_type;laubabwerfend;
Q18674606;Malus species;Apfel;P1282;openstreetmap_attribut;species=Malus_domestica;
Q18674606;Malus species;Apfel;P1420;taxonomische_synonyme;Malus communis;
Q18674606;Malus species;Apfel;P1420;taxonomische_synonyme;Malus dioica;
Q18674606;Malus species;Apfel;P1420;taxonomische_synonyme;Malus frutescens;
Q18674606;Malus species;Apfel;P1420;taxonomische_synonyme;Malus paradisiaca;
Q18674606;Malus species;Apfel;P1420;taxonomische_synonyme;Malus praecox;
Q18674606;Malus species;Apfel;P1420;taxonomische_synonyme;Malus pumila;
Q18674606;Malus species;Apfel;P1420;taxonomische_synonyme;Pyrus dioica;
Q18674606;Malus species;Apfel;P1420;taxonomische_synonyme;Pyrus malus;
Q18674606;Malus species;Apfel;P1672;ursprung_von;Agredolç;
Q18674606;Malus species;Apfel;P1672;ursprung_von;Apfel;
Q18674606;Malus species;Apfel;P1672;ursprung_von;Apfelkernöl;
Q18674606;Malus species;Apfel;P1672;ursprung_von;Apfelschale;
Q18674606;Malus species;Apfel;P1672;ursprung_von;apple seed;
Q18674606;Malus species;Apfel;P1672;ursprung_von;apple wood;
Q18674606;Malus species;Apfel;P171;uebergeordnetes_taxon;Äpfel;
Q18674606;Malus species;Apfel;P18;bild;http://commons.wikimedia.org/wiki/Special:FilePath/Tree%20with%20red%20apples%20in%20Barkedal%204.jpg;
Q18674606;Malus species;Apfel;P225;wissenschaftlicher_name;Malus domestica;
Q18674606;Malus species;Apfel;P279;unterklasse_von;Obstbaum;
Q18674606;Malus species;Apfel;P31;ist_eine;Taxon;
Q18674606;Malus species;Apfel;P366;verwendung;Aufforstung;
Q18674606;Malus species;Apfel;P366;verwendung;Futtermittel;
Q18674606;Malus species;Apfel;P366;verwendung;Heilpflanze;
Q18674606;Malus species;Apfel;P366;verwendung;Nahrung;
Q18674606;Malus species;Apfel;P566;basionym;Pyrus malus var. domestica;
Q18674606;Malus species;Apfel;P6800;sequenced_genome_url;https://plants.ensembl.org/Malus_domestica_golden;
Q18674606;Malus species;Apfel;P694;ersetztes_synonym;Pyrus praecox;
Q18674606;Malus species;Apfel;P8193;winterhaerte_der_pflanze;4;
Q18674606;Malus species;Apfel;P9714;verbreitungsgebiet;Europa;
Q18674606;Malus species;Apfel;P9714;verbreitungsgebiet;Volksrepublik China;
Q26745;Acer platanoides 'Columnaris';Sorte vom Spitz-Ahorn;P105;taxonomischer_rang;Art;
Q26745;Acer platanoides 'Columnaris';Sorte vom Spitz-Ahorn;P10906;foliage_type;laubabwerfend;
Q26745;Acer platanoides 'Columnaris';Sorte vom Spitz-Ahorn;P141;gefaehrdungsstufe_iucn;nicht gefährdet;
Q26745;Acer platanoides 'Columnaris';Sorte vom Spitz-Ahorn;P1672;ursprung_von;Ahornholz;
Q26745;Acer platanoides 'Columnaris';Sorte vom Spitz-Ahorn;P1672;ursprung_von;Norway maple;
Q26745;Acer platanoides 'Columnaris';Sorte vom Spitz-Ahorn;P1672;ursprung_von;acerin;
Q26745;Acer platanoides 'Columnaris';Sorte vom Spitz-Ahorn;P171;uebergeordnetes_taxon;Ahorn;
Q26745;Acer platanoides 'Columnaris';Sorte vom Spitz-Ahorn;P18;bild;http://commons.wikimedia.org/wiki/Special:FilePath/2020%20year.%20Herbarium.%20Acer%20platanoides.%20img-012.jpg;
Q26745;Acer platanoides 'Columnaris';Sorte vom Spitz-Ahorn;P18;bild;http://commons.wikimedia.org/wiki/Special:FilePath/Ahornbluete.jpg;
Q26745;Acer platanoides 'Columnaris';Sorte vom Spitz-Ahorn;P18;bild;http://commons.wikimedia.org/wiki/Special:FilePath/Spitz-Ahorn%28mbo%29.jpg;
Q26745;Acer platanoides 'Columnaris';Sorte vom Spitz-Ahorn;P181;verbreitungskarte_des_taxons;http://commons.wikimedia.org/wiki/Special:FilePath/Acer%20platanoides%20range.svg;
Q26745;Acer platanoides 'Columnaris';Sorte vom Spitz-Ahorn;P225;wissenschaftlicher_name;Acer platanoides;
Q26745;Acer platanoides 'Columnaris';Sorte vom Spitz-Ahorn;P2827;bluetenfarbe;Gelb;
Q26745;Acer platanoides 'Columnaris';Sorte vom Spitz-Ahorn;P31;ist_eine;Taxon;
Q26745;Acer platanoides 'Columnaris';Sorte vom Spitz-Ahorn;P3739;bluetenstand;Schirmtraube;
Q26745;Acer platanoides 'Columnaris';Sorte vom Spitz-Ahorn;P3739;bluetenstand;erect infloresence;
Q26745;Acer platanoides 'Columnaris';Sorte vom Spitz-Ahorn;P4000;fruchttyp;Flügelnuss;
Q26745;Acer platanoides 'Columnaris';Sorte vom Spitz-Ahorn;P443;aussprache_audiodatei;http://commons.wikimedia.org/wiki/Special:FilePath/LL-Q150%20%28fra%29-Fabricio%20Cardenas%20%28Culex%29-%C3%A9rable%20plane.wav;
Q26745;Acer platanoides 'Columnaris';Sorte vom Spitz-Ahorn;P9714;verbreitungsgebiet;Volksrepublik China;
Q1367533;Ostrya carpinifolia;Europäische Hopfenbuche;P105;taxonomischer_rang;Art;
Q1367533;Ostrya carpinifolia;Europäische Hopfenbuche;P10906;foliage_type;laubabwerfend;
Q1367533;Ostrya carpinifolia;Europäische Hopfenbuche;P141;gefaehrdungsstufe_iucn;nicht gefährdet;
Q1367533;Ostrya carpinifolia;Europäische Hopfenbuche;P1420;taxonomische_synonyme;Carpinus ostrya;
Q1367533;Ostrya carpinifolia;Europäische Hopfenbuche;P1672;ursprung_von;European hop hornbeam wood;
Q1367533;Ostrya carpinifolia;Europäische Hopfenbuche;P171;uebergeordnetes_taxon;Hopfenbuchen;
Q1367533;Ostrya carpinifolia;Europäische Hopfenbuche;P18;bild;http://commons.wikimedia.org/wiki/Special:FilePath/Carpini%20Gennargentu.jpg;
Q1367533;Ostrya carpinifolia;Europäische Hopfenbuche;P18;bild;http://commons.wikimedia.org/wiki/Special:FilePath/Ostrya%20carpinifolia%202.jpg;
Q1367533;Ostrya carpinifolia;Europäische Hopfenbuche;P181;verbreitungskarte_des_taxons;http://commons.wikimedia.org/wiki/Special:FilePath/Ostrya%20carpinifolia%20range.svg;
Q1367533;Ostrya carpinifolia;Europäische Hopfenbuche;P225;wissenschaftlicher_name;Ostrya carpinifolia;
Q1367533;Ostrya carpinifolia;Europäische Hopfenbuche;P31;ist_eine;Taxon;
Q1367533;Ostrya carpinifolia;Europäische Hopfenbuche;P4000;fruchttyp;Nüsschen;
Q157624;Betula pubescens;Moor-Birke;P105;taxonomischer_rang;Art;
Q157624;Betula pubescens;Moor-Birke;P10906;foliage_type;laubabwerfend;
Q157624;Betula pubescens;Moor-Birke;P141;gefaehrdungsstufe_iucn;nicht gefährdet;
Q157624;Betula pubescens;Moor-Birke;P1672;ursprung_von;Birkenblätter;
Q157624;Betula pubescens;Moor-Birke;P1672;ursprung_von;downy birch;
Q157624;Betula pubescens;Moor-Birke;P171;uebergeordnetes_taxon;Birken;
Q157624;Betula pubescens;Moor-Birke;P18;bild;http://commons.wikimedia.org/wiki/Special:FilePath/Abedulpubescente.jpg;
Q157624;Betula pubescens;Moor-Birke;P18;bild;http://commons.wikimedia.org/wiki/Special:FilePath/Junger%20Birkenstamm%2C%20noch%20braun.jpg;
Q157624;Betula pubescens;Moor-Birke;P18;bild;http://commons.wikimedia.org/wiki/Special:FilePath/Neuenkirchen%20wei%C3%9Fes%20moor%20birken.JPG;
Q157624;Betula pubescens;Moor-Birke;P181;verbreitungskarte_des_taxons;http://commons.wikimedia.org/wiki/Special:FilePath/Betula%20pubescens%20range.svg;
Q157624;Betula pubescens;Moor-Birke;P225;wissenschaftlicher_name;Betula pubescens;
Q157624;Betula pubescens;Moor-Birke;P279;unterklasse_von;Nutzpflanze;
Q157624;Betula pubescens;Moor-Birke;P31;ist_eine;Taxon;
Q157624;Betula pubescens;Moor-Birke;P4000;fruchttyp;Nüsschen;
Q157624;Betula pubescens;Moor-Birke;P5588;invasiv_in;Schweden;
Q3079266;Pyrus calleriana 'Chanticleer';Chinesische Goldbirne;P105;taxonomischer_rang;Art;
Q3079266;Pyrus calleriana 'Chanticleer';Chinesische Goldbirne;P10906;foliage_type;laubabwerfend;
Q3079266;Pyrus calleriana 'Chanticleer';Chinesische Goldbirne;P11801;visited_by;Bestäuber;
Q3079266;Pyrus calleriana 'Chanticleer';Chinesische Goldbirne;P11801;visited_by;Singvögel;
Q3079266;Pyrus calleriana 'Chanticleer';Chinesische Goldbirne;P138;benannt_nach;Joseph Marie Callery;
Q3079266;Pyrus calleriana 'Chanticleer';Chinesische Goldbirne;P171;uebergeordnetes_taxon;Birnen;
Q3079266;Pyrus calleriana 'Chanticleer';Chinesische Goldbirne;P18;bild;http://commons.wikimedia.org/wiki/Special:FilePath/Pyrus%20calleryana.JPG;
Q3079266;Pyrus calleriana 'Chanticleer';Chinesische Goldbirne;P225;wissenschaftlicher_name;Pyrus calleryana;
Q3079266;Pyrus calleriana 'Chanticleer';Chinesische Goldbirne;P2827;bluetenfarbe;Gelb;
Q3079266;Pyrus calleriana 'Chanticleer';Chinesische Goldbirne;P2827;bluetenfarbe;Weiß;
Q3079266;Pyrus calleriana 'Chanticleer';Chinesische Goldbirne;P31;ist_eine;Taxon;
Q3079266;Pyrus calleriana 'Chanticleer';Chinesische Goldbirne;P366;verwendung;Gemüse;
Q3079266;Pyrus calleriana 'Chanticleer';Chinesische Goldbirne;P366;verwendung;Heilpflanze;
Q3079266;Pyrus calleriana 'Chanticleer';Chinesische Goldbirne;P366;verwendung;Holz;
Q3079266;Pyrus calleriana 'Chanticleer';Chinesische Goldbirne;P366;verwendung;Nahrung;
Q3079266;Pyrus calleriana 'Chanticleer';Chinesische Goldbirne;P366;verwendung;Obst;
Q3079266;Pyrus calleriana 'Chanticleer';Chinesische Goldbirne;P5872;riecht_nach;sperma;
Q3079266;Pyrus calleriana 'Chanticleer';Chinesische Goldbirne;P8193;winterhaerte_der_pflanze;5;
Q3079266;Pyrus calleriana 'Chanticleer';Chinesische Goldbirne;P9714;verbreitungsgebiet;Fujian;
Q3079266;Pyrus calleriana 'Chanticleer';Chinesische Goldbirne;P9714;verbreitungsgebiet;Guangdong;
Q3079266;Pyrus calleriana 'Chanticleer';Chinesische Goldbirne;P9714;verbreitungsgebiet;Shanghai;
Q3079266;Pyrus calleriana 'Chanticleer';Chinesische Goldbirne;P9714;verbreitungsgebiet;Volksrepublik China;
Q3079266;Pyrus calleriana 'Chanticleer';Chinesische Goldbirne;P9714;verbreitungsgebiet;Zhoushan-Inseln;
Q22699;Castanea sativa;Eßkastanie;P105;taxonomischer_rang;Art;
Q22699;Castanea sativa;Eßkastanie;P141;gefaehrdungsstufe_iucn;nicht gefährdet;
Q22699;Castanea sativa;Eßkastanie;P1420;taxonomische_synonyme;Castanea vesca;
Q22699;Castanea sativa;Eßkastanie;P1420;taxonomische_synonyme;Castanea vulgaris;
Q22699;Castanea sativa;Eßkastanie;P1420;taxonomische_synonyme;Fagus castanea;
Q22699;Castanea sativa;Eßkastanie;P1672;ursprung_von;Edelkastanie;
Q22699;Castanea sativa;Eßkastanie;P1672;ursprung_von;Edelkastanienholz;
Q22699;Castanea sativa;Eßkastanie;P1672;ursprung_von;sweet chestnut leaf;
Q22699;Castanea sativa;Eßkastanie;P171;uebergeordnetes_taxon;Kastanien;
Q22699;Castanea sativa;Eßkastanie;P18;bild;http://commons.wikimedia.org/wiki/Special:FilePath/Casta%C3%B1o%20centenario%20%28Castanea%20sativa%29%20%2845032673662%29.jpg;
Q22699;Castanea sativa;Eßkastanie;P18;bild;http://commons.wikimedia.org/wiki/Special:FilePath/Cupuliferae%20Castanea%20sativa%20Lin.%20-%20Erbario%20Frizzi%20n.%202378.jpg;
Q22699;Castanea sativa;Eßkastanie;P18;bild;http://commons.wikimedia.org/wiki/Special:FilePath/Kastanie%20im%20kortscher%20Kastanienhain%20-%20panoramio.jpg;
Q22699;Castanea sativa;Eßkastanie;P18;bild;http://commons.wikimedia.org/wiki/Special:FilePath/Lajen%20Edelkastanie%20Unterbuchfelder%20Lajen%20Ried%20Strasse.jpg;
Q22699;Castanea sativa;Eßkastanie;P18;bild;http://commons.wikimedia.org/wiki/Special:FilePath/Romagne%2086%20Ch%C3%A2taignes%202008.jpg;
Q22699;Castanea sativa;Eßkastanie;P181;verbreitungskarte_des_taxons;http://commons.wikimedia.org/wiki/Special:FilePath/Castanea%20sativa%20range.svg;
Q22699;Castanea sativa;Eßkastanie;P225;wissenschaftlicher_name;Castanea sativa;
Q22699;Castanea sativa;Eßkastanie;P279;unterklasse_von;Nutzpflanze;
Q22699;Castanea sativa;Eßkastanie;P31;ist_eine;Taxon;
Q22699;Castanea sativa;Eßkastanie;P3648;natureserve_conservation_status;secure;
Q22699;Castanea sativa;Eßkastanie;P366;verwendung;Nuss;
Q22699;Castanea sativa;Eßkastanie;P443;aussprache_audiodatei;http://commons.wikimedia.org/wiki/Special:FilePath/De-Edelkastanie.ogg;
Q22699;Castanea sativa;Eßkastanie;P8193;winterhaerte_der_pflanze;5;
Q504004;Ulmus x hollandica;Holländische Ulme;P105;taxonomischer_rang;Nothospecies;
Q504004;Ulmus x hollandica;Holländische Ulme;P1531;hybrideltern;Bergulme;
Q504004;Ulmus x hollandica;Holländische Ulme;P1531;hybrideltern;Feldulme;
Q504004;Ulmus x hollandica;Holländische Ulme;P171;uebergeordnetes_taxon;Ulmen;
Q504004;Ulmus x hollandica;Holländische Ulme;P18;bild;http://commons.wikimedia.org/wiki/Special:FilePath/Huntingdon%20elm.jpg;
Q504004;Ulmus x hollandica;Holländische Ulme;P225;wissenschaftlicher_name;Ulmus ×hollandica;
Q504004;Ulmus x hollandica;Holländische Ulme;P31;ist_eine;hybrid taxon;
Q149622;Populus x canadensis;Kanadische-Hybrid-Pappel;P105;taxonomischer_rang;Nothospecies;
Q149622;Populus x canadensis;Kanadische-Hybrid-Pappel;P1531;hybrideltern;Kanadische Schwarz-Pappel;
Q149622;Populus x canadensis;Kanadische-Hybrid-Pappel;P1531;hybrideltern;Schwarz-Pappel;
Q149622;Populus x canadensis;Kanadische-Hybrid-Pappel;P171;uebergeordnetes_taxon;Pappeln;
Q149622;Populus x canadensis;Kanadische-Hybrid-Pappel;P18;bild;http://commons.wikimedia.org/wiki/Special:FilePath/20140316Pappel2.jpg;
Q149622;Populus x canadensis;Kanadische-Hybrid-Pappel;P18;bild;http://commons.wikimedia.org/wiki/Special:FilePath/Populier%20Populus%20canadensis.jpg;
Q149622;Populus x canadensis;Kanadische-Hybrid-Pappel;P225;wissenschaftlicher_name;Populus × canadensis;
Q149622;Populus x canadensis;Kanadische-Hybrid-Pappel;P31;ist_eine;hybrid taxon;
Q149622;Populus x canadensis;Kanadische-Hybrid-Pappel;P9714;verbreitungsgebiet;Volksrepublik China;
Q159553;Crataegus laevigata;Zweigriffeliger Weißdorn;P105;taxonomischer_rang;Art;
Q159553;Crataegus laevigata;Zweigriffeliger Weißdorn;P10906;foliage_type;laubabwerfend;
Q159553;Crataegus laevigata;Zweigriffeliger Weißdorn;P141;gefaehrdungsstufe_iucn;nicht gefährdet;
Q159553;Crataegus laevigata;Zweigriffeliger Weißdorn;P171;uebergeordnetes_taxon;Weißdorne;
Q159553;Crataegus laevigata;Zweigriffeliger Weißdorn;P18;bild;http://commons.wikimedia.org/wiki/Special:FilePath/Crataegus%20laevigata-flowers.jpg;
Q159553;Crataegus laevigata;Zweigriffeliger Weißdorn;P225;wissenschaftlicher_name;Crataegus laevigata;
Q159553;Crataegus laevigata;Zweigriffeliger Weißdorn;P31;ist_eine;Taxon;
Q159553;Crataegus laevigata;Zweigriffeliger Weißdorn;P566;basionym;Mespilus laevigata;
Q131113;ulmus x hollandica `Lobel`;Holländische Ulme;P105;taxonomischer_rang;Gattung;
Q131113;ulmus x hollandica `Lobel`;Holländische Ulme;P13177;homonymous_taxon;Ulmus;
Q131113;ulmus x hollandica `Lobel`;Holländische Ulme;P1672;ursprung_von;Ulmenholz;
Q131113;ulmus x hollandica `Lobel`;Holländische Ulme;P1672;ursprung_von;burr elm;
Q131113;ulmus x hollandica `Lobel`;Holländische Ulme;P171;uebergeordnetes_taxon;Ulmengewächse;
Q131113;ulmus x hollandica `Lobel`;Holländische Ulme;P18;bild;http://commons.wikimedia.org/wiki/Special:FilePath/East%20Coker%20elm%2C%202.jpg;
Q131113;ulmus x hollandica `Lobel`;Holländische Ulme;P18;bild;http://commons.wikimedia.org/wiki/Special:FilePath/Illustration%20Ulmus%20carpinifolia0.jpg;
Q131113;ulmus x hollandica `Lobel`;Holländische Ulme;P225;wissenschaftlicher_name;Ulmus;
Q131113;ulmus x hollandica `Lobel`;Holländische Ulme;P279;unterklasse_von;Baum;
Q131113;ulmus x hollandica `Lobel`;Holländische Ulme;P31;ist_eine;Taxon;
Q131113;ulmus x hollandica `Lobel`;Holländische Ulme;P366;verwendung;Ulmenbaum;
Q131113;ulmus x hollandica `Lobel`;Holländische Ulme;P4000;fruchttyp;Nüsschen;
Q131113;ulmus x hollandica `Lobel`;Holländische Ulme;P427;nomenklatorischer_typ;Ulmus campestris;
Q157277;Quercus cerris;Zerr-Eiche;P105;taxonomischer_rang;Art;
Q157277;Quercus cerris;Zerr-Eiche;P10906;foliage_type;laubabwerfend;
Q157277;Quercus cerris;Zerr-Eiche;P12616;leaf_morphology;lobate leaf edge;
Q157277;Quercus cerris;Zerr-Eiche;P141;gefaehrdungsstufe_iucn;nicht gefährdet;
Q157277;Quercus cerris;Zerr-Eiche;P1420;taxonomische_synonyme;Quercus aegilops;
Q157277;Quercus cerris;Zerr-Eiche;P1420;taxonomische_synonyme;Quercus ambrozyana;
Q157277;Quercus cerris;Zerr-Eiche;P1420;taxonomische_synonyme;Quercus asplenifolia;
Q157277;Quercus cerris;Zerr-Eiche;P1420;taxonomische_synonyme;Quercus austriaca;
Q157277;Quercus cerris;Zerr-Eiche;P1420;taxonomische_synonyme;Quercus cana;
Q157277;Quercus cerris;Zerr-Eiche;P1420;taxonomische_synonyme;Quercus crinita;
Q157277;Quercus cerris;Zerr-Eiche;P1420;taxonomische_synonyme;Quercus haliphlaeos;
Q157277;Quercus cerris;Zerr-Eiche;P1420;taxonomische_synonyme;Quercus heterophyla;
Q157277;Quercus cerris;Zerr-Eiche;P1420;taxonomische_synonyme;Quercus nicotrae;
Q157277;Quercus cerris;Zerr-Eiche;P1420;taxonomische_synonyme;Quercus raynal;
Q157277;Quercus cerris;Zerr-Eiche;P1420;taxonomische_synonyme;Quercus thracica;
Q157277;Quercus cerris;Zerr-Eiche;P1420;taxonomische_synonyme;Quercus tournefortii;
Q157277;Quercus cerris;Zerr-Eiche;P1672;ursprung_von;Turkey oak wood;
Q157277;Quercus cerris;Zerr-Eiche;P171;uebergeordnetes_taxon;Eichen;
Q157277;Quercus cerris;Zerr-Eiche;P18;bild;http://commons.wikimedia.org/wiki/Special:FilePath/Dettaglio%20Cupuliferae%20Quercus%20cerris%20Lin.%20-%20Erbario%20Frizzi%20Perugia%20n.%20824.jpg;
Q157277;Quercus cerris;Zerr-Eiche;P18;bild;http://commons.wikimedia.org/wiki/Special:FilePath/Quercus%20cerris%204.jpg;
Q157277;Quercus cerris;Zerr-Eiche;P18;bild;http://commons.wikimedia.org/wiki/Special:FilePath/Quercus%20cerris%20folliage.jpg;
Q157277;Quercus cerris;Zerr-Eiche;P225;wissenschaftlicher_name;Quercus cerris;
Q157277;Quercus cerris;Zerr-Eiche;P31;ist_eine;Taxon;
Q157277;Quercus cerris;Zerr-Eiche;P5841;gefaehrdungsstatus_in_der_rote_liste_der_gefaehrdeten_arten_der_tschechischen_republik;data deficient;
Q157277;Quercus cerris;Zerr-Eiche;P8193;winterhaerte_der_pflanze;USDA-Klimazone 6;
Q130467225;Robinia pseudoacacia 'Umbraculifera';Kugelrobinie;P105;taxonomischer_rang;Cultivar;
Q130467225;Robinia pseudoacacia 'Umbraculifera';Kugelrobinie;P171;uebergeordnetes_taxon;Gewöhnliche Robinie;
Q130467225;Robinia pseudoacacia 'Umbraculifera';Kugelrobinie;P225;wissenschaftlicher_name;Robinia pseudoacacia 'Umbraculifera';
Q130467225;Robinia pseudoacacia 'Umbraculifera';Kugelrobinie;P31;ist_eine;Taxon;
Q146281;Pyrus communis Aggregat;Hausbirne;P105;taxonomischer_rang;Art;
Q146281;Pyrus communis Aggregat;Hausbirne;P10906;foliage_type;laubabwerfend;
Q146281;Pyrus communis Aggregat;Hausbirne;P12766;fungiert_als_basionym_von;Pyrus ×dasyphylla;
Q146281;Pyrus communis Aggregat;Hausbirne;P1282;openstreetmap_attribut;species=Pyrus_communis;
Q146281;Pyrus communis Aggregat;Hausbirne;P141;gefaehrdungsstufe_iucn;nicht gefährdet;
Q146281;Pyrus communis Aggregat;Hausbirne;P1672;ursprung_von;Birnbaumholz;
Q146281;Pyrus communis Aggregat;Hausbirne;P1672;ursprung_von;Birne;
Q146281;Pyrus communis Aggregat;Hausbirne;P1672;ursprung_von;Birnensaft;
Q146281;Pyrus communis Aggregat;Hausbirne;P1672;ursprung_von;pear seed;
Q146281;Pyrus communis Aggregat;Hausbirne;P1672;ursprung_von;pear wine broth;
Q146281;Pyrus communis Aggregat;Hausbirne;P171;uebergeordnetes_taxon;Birnen;
Q146281;Pyrus communis Aggregat;Hausbirne;P18;bild;http://commons.wikimedia.org/wiki/Special:FilePath/%28MHNT%29%20Poirier%20Fleurs%20et%20feuilles.jpg;
Q146281;Pyrus communis Aggregat;Hausbirne;P18;bild;http://commons.wikimedia.org/wiki/Special:FilePath/Pears.jpg;
Q146281;Pyrus communis Aggregat;Hausbirne;P225;wissenschaftlicher_name;Pyrus communis;
Q146281;Pyrus communis Aggregat;Hausbirne;P279;unterklasse_von;Obstbaum;
Q146281;Pyrus communis Aggregat;Hausbirne;P279;unterklasse_von;Pflanzen;
Q146281;Pyrus communis Aggregat;Hausbirne;P31;ist_eine;Taxon;
Q146281;Pyrus communis Aggregat;Hausbirne;P3648;natureserve_conservation_status;secure;
Q146281;Pyrus communis Aggregat;Hausbirne;P366;verwendung;Nahrung;
Q146281;Pyrus communis Aggregat;Hausbirne;P443;aussprache_audiodatei;http://commons.wikimedia.org/wiki/Special:FilePath/LL-Q150%20%28fra%29-Guilhelma-poirier%20commun.wav;
Q146281;Pyrus communis Aggregat;Hausbirne;P8193;winterhaerte_der_pflanze;4;
Q146281;Pyrus communis Aggregat;Hausbirne;P9714;verbreitungsgebiet;Volksrepublik China;
Q190545;Prunus x gondouinii 'Schnee';Zierkirsche;P105;taxonomischer_rang;Gattung;
Q190545;Prunus x gondouinii 'Schnee';Zierkirsche;P1672;ursprung_von;Arabinsäure;
Q190545;Prunus x gondouinii 'Schnee';Zierkirsche;P1672;ursprung_von;Bittermandelöl;
Q190545;Prunus x gondouinii 'Schnee';Zierkirsche;P1672;ursprung_von;Kirschbaumholz;
Q190545;Prunus x gondouinii 'Schnee';Zierkirsche;P1672;ursprung_von;Prunus wood;
Q190545;Prunus x gondouinii 'Schnee';Zierkirsche;P171;uebergeordnetes_taxon;Amygdaleae;
Q190545;Prunus x gondouinii 'Schnee';Zierkirsche;P18;bild;http://commons.wikimedia.org/wiki/Special:FilePath/.00%203019%20Japanische%20Bl%C3%BCtenkirsche%20%28Prunus%20serrulata%29.jpg;
Q190545;Prunus x gondouinii 'Schnee';Zierkirsche;P18;bild;http://commons.wikimedia.org/wiki/Special:FilePath/Fr%C3%BChling%20bl%C3%BChender%20Kirschenbaum.jpg;
Q190545;Prunus x gondouinii 'Schnee';Zierkirsche;P18;bild;http://commons.wikimedia.org/wiki/Special:FilePath/Prunus-domestica.JPG;
Q190545;Prunus x gondouinii 'Schnee';Zierkirsche;P225;wissenschaftlicher_name;Prunus;
Q190545;Prunus x gondouinii 'Schnee';Zierkirsche;P279;unterklasse_von;Baum;
Q190545;Prunus x gondouinii 'Schnee';Zierkirsche;P279;unterklasse_von;Laubbaum;
Q190545;Prunus x gondouinii 'Schnee';Zierkirsche;P31;ist_eine;Taxon;
Q190545;Prunus x gondouinii 'Schnee';Zierkirsche;P4000;fruchttyp;Steinfrucht;
Q190545;Prunus x gondouinii 'Schnee';Zierkirsche;P427;nomenklatorischer_typ;Pflaume;
Q10881597;Sophora japonica;Schnurbaum;P105;taxonomischer_rang;Art;
Q10881597;Sophora japonica;Schnurbaum;P10906;foliage_type;laubabwerfend;
Q10881597;Sophora japonica;Schnurbaum;P12766;fungiert_als_basionym_von;Japanischer Schnurbaum;
Q10881597;Sophora japonica;Schnurbaum;P171;uebergeordnetes_taxon;Sophora;
Q10881597;Sophora japonica;Schnurbaum;P18;bild;http://commons.wikimedia.org/wiki/Special:FilePath/Bussy-Saint-Martin-03.JPG;
Q10881597;Sophora japonica;Schnurbaum;P225;wissenschaftlicher_name;Sophora japonica;
Q10881597;Sophora japonica;Schnurbaum;P31;ist_eine;Taxon;
Q10881597;Sophora japonica;Schnurbaum;P366;verwendung;Aufforstung;
Q10881597;Sophora japonica;Schnurbaum;P366;verwendung;Bienentrachtpflanze;
Q10881597;Sophora japonica;Schnurbaum;P366;verwendung;Farbstoff;
Q10881597;Sophora japonica;Schnurbaum;P366;verwendung;Faser;
Q10881597;Sophora japonica;Schnurbaum;P366;verwendung;Futtermittel;
Q10881597;Sophora japonica;Schnurbaum;P366;verwendung;Heilpflanze;
Q10881597;Sophora japonica;Schnurbaum;P366;verwendung;Holz;
Q10881597;Sophora japonica;Schnurbaum;P366;verwendung;Nahrung;
Q10881597;Sophora japonica;Schnurbaum;P9714;verbreitungsgebiet;Volksrepublik China;
Q161360;Chamaecyparis lawsoniana;Lawsons Scheinzypresse;P105;taxonomischer_rang;Art;
Q161360;Chamaecyparis lawsoniana;Lawsons Scheinzypresse;P141;gefaehrdungsstufe_iucn;potenziell gefährdet;
Q161360;Chamaecyparis lawsoniana;Lawsons Scheinzypresse;P1672;ursprung_von;Chamaecyparis lawsoniana wood oil;
Q161360;Chamaecyparis lawsoniana;Lawsons Scheinzypresse;P171;uebergeordnetes_taxon;Scheinzypressen;
Q161360;Chamaecyparis lawsoniana;Lawsons Scheinzypresse;P18;bild;http://commons.wikimedia.org/wiki/Special:FilePath/Chamaecyparis%20lawsoniana%20Siskiyou%20NF%203.jpg;
Q161360;Chamaecyparis lawsoniana;Lawsons Scheinzypresse;P18;bild;http://commons.wikimedia.org/wiki/Special:FilePath/Lawson%27s%20Cypress%2C%20Six%20Rivers%20National%20Forest%2C%20Klamath%2C%20California%201.jpg;
Q161360;Chamaecyparis lawsoniana;Lawsons Scheinzypresse;P18;bild;http://commons.wikimedia.org/wiki/Special:FilePath/Old%20Growth%20Chamaecyparis%20lawsoniana%20-%20Flickr%20-%20theforestprimeval.jpg;
Q161360;Chamaecyparis lawsoniana;Lawsons Scheinzypresse;P181;verbreitungskarte_des_taxons;http://commons.wikimedia.org/wiki/Special:FilePath/Chamaecyparis%20lawsoniana%20range%20map%200.png;
Q161360;Chamaecyparis lawsoniana;Lawsons Scheinzypresse;P183;endemisch_in;Vereinigte Staaten;
Q161360;Chamaecyparis lawsoniana;Lawsons Scheinzypresse;P225;wissenschaftlicher_name;Chamaecyparis lawsoniana;
Q161360;Chamaecyparis lawsoniana;Lawsons Scheinzypresse;P31;ist_eine;Taxon;
Q161360;Chamaecyparis lawsoniana;Lawsons Scheinzypresse;P3648;natureserve_conservation_status;apparently secure;
Q161360;Chamaecyparis lawsoniana;Lawsons Scheinzypresse;P566;basionym;Cupressus lawsoniana;
Q158590;Salix viminalis;Korb-Weide;P105;taxonomischer_rang;Art;
Q158590;Salix viminalis;Korb-Weide;P141;gefaehrdungsstufe_iucn;nicht gefährdet;
Q158590;Salix viminalis;Korb-Weide;P1672;ursprung_von;Flechtarbeit;
Q158590;Salix viminalis;Korb-Weide;P171;uebergeordnetes_taxon;Weiden;
Q158590;Salix viminalis;Korb-Weide;P18;bild;http://commons.wikimedia.org/wiki/Special:FilePath/Salix%20fragilis%20Sturm22.jpg;
Q158590;Salix viminalis;Korb-Weide;P18;bild;http://commons.wikimedia.org/wiki/Special:FilePath/Salix-viminalis.JPG;
Q158590;Salix viminalis;Korb-Weide;P225;wissenschaftlicher_name;Salix viminalis;
Q158590;Salix viminalis;Korb-Weide;P31;ist_eine;Taxon;
Q158590;Salix viminalis;Korb-Weide;P4000;fruchttyp;Kapselfrucht;
Q158590;Salix viminalis;Korb-Weide;P5588;invasiv_in;Australien;
Q158590;Salix viminalis;Korb-Weide;P9714;verbreitungsgebiet;Volksrepublik China;
Q1693676;Crataegus x lavallei;Lavalles Weißdorn;P105;taxonomischer_rang;Nothospecies;
Q1693676;Crataegus x lavallei;Lavalles Weißdorn;P10906;foliage_type;laubabwerfend;
Q1693676;Crataegus x lavallei;Lavalles Weißdorn;P1531;hybrideltern;Crataegus calpodendron;
Q1693676;Crataegus x lavallei;Lavalles Weißdorn;P1531;hybrideltern;Crataegus mexicana;
Q1693676;Crataegus x lavallei;Lavalles Weißdorn;P171;uebergeordnetes_taxon;Weißdorne;
Q1693676;Crataegus x lavallei;Lavalles Weißdorn;P18;bild;http://commons.wikimedia.org/wiki/Special:FilePath/Crataegus%20lavallei%20flowers.jpg;
Q1693676;Crataegus x lavallei;Lavalles Weißdorn;P225;wissenschaftlicher_name;Crataegus × lavalleei;
Q1693676;Crataegus x lavallei;Lavalles Weißdorn;P31;ist_eine;hybrid taxon;
Q130494148;Aesculus hippocastanum 'Baumannii';Nichtfruchtende Roßkastanie;P105;taxonomischer_rang;Cultivar;
Q130494148;Aesculus hippocastanum 'Baumannii';Nichtfruchtende Roßkastanie;P171;uebergeordnetes_taxon;Gewöhnliche Rosskastanie;
Q130494148;Aesculus hippocastanum 'Baumannii';Nichtfruchtende Roßkastanie;P225;wissenschaftlicher_name;Aesculus hippocastanum 'Baumannii';
Q130494148;Aesculus hippocastanum 'Baumannii';Nichtfruchtende Roßkastanie;P31;ist_eine;Taxon;
Q147468;Thuja occidentalis;Abendländischer Lebensbaum;P105;taxonomischer_rang;Art;
Q147468;Thuja occidentalis;Abendländischer Lebensbaum;P141;gefaehrdungsstufe_iucn;nicht gefährdet;
Q147468;Thuja occidentalis;Abendländischer Lebensbaum;P1672;ursprung_von;white cedar;
Q147468;Thuja occidentalis;Abendländischer Lebensbaum;P171;uebergeordnetes_taxon;Lebensbäume;
Q147468;Thuja occidentalis;Abendländischer Lebensbaum;P18;bild;http://commons.wikimedia.org/wiki/Special:FilePath/2013-11-06%20Lac%20Canards%20DDumais%20%2821%29.jpg;
Q147468;Thuja occidentalis;Abendländischer Lebensbaum;P181;verbreitungskarte_des_taxons;http://commons.wikimedia.org/wiki/Special:FilePath/Thuja%20occidentalis%20range%20map.png;
Q147468;Thuja occidentalis;Abendländischer Lebensbaum;P225;wissenschaftlicher_name;Thuja occidentalis;
Q147468;Thuja occidentalis;Abendländischer Lebensbaum;P31;ist_eine;Taxon;
Q147468;Thuja occidentalis;Abendländischer Lebensbaum;P3648;natureserve_conservation_status;secure;
Q147468;Thuja occidentalis;Abendländischer Lebensbaum;P366;verwendung;Aufforstung;
Q147468;Thuja occidentalis;Abendländischer Lebensbaum;P4214;hoechste_beobachtete_lebensdauer;1653.0;
Q147468;Thuja occidentalis;Abendländischer Lebensbaum;P8193;winterhaerte_der_pflanze;3;
Q147468;Thuja occidentalis;Abendländischer Lebensbaum;P9714;verbreitungsgebiet;Fujian;
Q147468;Thuja occidentalis;Abendländischer Lebensbaum;P9714;verbreitungsgebiet;Volksrepublik China;
Q147487;Ulmus minor;Feld-Ulme;P105;taxonomischer_rang;Art;
Q147487;Ulmus minor;Feld-Ulme;P10906;foliage_type;laubabwerfend;
Q147487;Ulmus minor;Feld-Ulme;P141;gefaehrdungsstufe_iucn;keine ausreichenden Daten;
Q147487;Ulmus minor;Feld-Ulme;P1420;taxonomische_synonyme;Ulmus campestris;
Q147487;Ulmus minor;Feld-Ulme;P171;uebergeordnetes_taxon;Ulmen;
Q147487;Ulmus minor;Feld-Ulme;P18;bild;http://commons.wikimedia.org/wiki/Special:FilePath/Blismes%20elm%202007.jpg;
Q147487;Ulmus minor;Feld-Ulme;P18;bild;http://commons.wikimedia.org/wiki/Special:FilePath/Illustration%20Ulmus%20carpinifolia0.jpg;
Q147487;Ulmus minor;Feld-Ulme;P181;verbreitungskarte_des_taxons;http://commons.wikimedia.org/wiki/Special:FilePath/Ulmus%20minor%20range.svg;
Q147487;Ulmus minor;Feld-Ulme;P225;wissenschaftlicher_name;Ulmus minor;
Q147487;Ulmus minor;Feld-Ulme;P31;ist_eine;Taxon;
Q192190;Ilex aquifolium;Stechpalme;P105;taxonomischer_rang;Art;
Q192190;Ilex aquifolium;Stechpalme;P141;gefaehrdungsstufe_iucn;nicht gefährdet;
Q192190;Ilex aquifolium;Stechpalme;P1420;taxonomische_synonyme;Ilex aquifolium Aureomarginata;
Q192190;Ilex aquifolium;Stechpalme;P1672;ursprung_von;European holly;
Q192190;Ilex aquifolium;Stechpalme;P171;uebergeordnetes_taxon;Stechpalmen;
Q192190;Ilex aquifolium;Stechpalme;P18;bild;http://commons.wikimedia.org/wiki/Special:FilePath/Illustration%20Ilex%20aquifolium0.jpg;
Q192190;Ilex aquifolium;Stechpalme;P181;verbreitungskarte_des_taxons;http://commons.wikimedia.org/wiki/Special:FilePath/Ilex%20aquifolium%20range.svg;
Q192190;Ilex aquifolium;Stechpalme;P225;wissenschaftlicher_name;Ilex aquifolium;
Q192190;Ilex aquifolium;Stechpalme;P279;unterklasse_von;Stechpalmen;
Q192190;Ilex aquifolium;Stechpalme;P31;ist_eine;Taxon;
Q192190;Ilex aquifolium;Stechpalme;P3648;natureserve_conservation_status;secure;
Q192190;Ilex aquifolium;Stechpalme;P9714;verbreitungsgebiet;Schweiz;
Q159570;Ailanthus altissima;Götterbaum;P105;taxonomischer_rang;Art;
Q159570;Ailanthus altissima;Götterbaum;P10906;foliage_type;laubabwerfend;
Q159570;Ailanthus altissima;Götterbaum;P1672;ursprung_von;ailanthus wood;
Q159570;Ailanthus altissima;Götterbaum;P171;uebergeordnetes_taxon;Götterbäume;
Q159570;Ailanthus altissima;Götterbaum;P18;bild;http://commons.wikimedia.org/wiki/Special:FilePath/G%C3%B6tterbaum%20%28Ailanthus%20altissima%29.jpg;
Q159570;Ailanthus altissima;Götterbaum;P183;endemisch_in;Taiwan;
Q159570;Ailanthus altissima;Götterbaum;P225;wissenschaftlicher_name;Ailanthus altissima;
Q159570;Ailanthus altissima;Götterbaum;P31;ist_eine;Makrophanerophyten;
Q159570;Ailanthus altissima;Götterbaum;P31;ist_eine;Taxon;
Q159570;Ailanthus altissima;Götterbaum;P366;verwendung;Futtermittel;
Q159570;Ailanthus altissima;Götterbaum;P366;verwendung;Heilpflanze;
Q159570;Ailanthus altissima;Götterbaum;P366;verwendung;Holz;
Q159570;Ailanthus altissima;Götterbaum;P366;verwendung;Nahrung;
Q159570;Ailanthus altissima;Götterbaum;P4000;fruchttyp;Flügelnuss;
Q159570;Ailanthus altissima;Götterbaum;P5588;invasiv_in;Frankreich;
Q159570;Ailanthus altissima;Götterbaum;P5588;invasiv_in;Oregon;
Q159570;Ailanthus altissima;Götterbaum;P566;basionym;Toxicodendron altissimum;
Q159570;Ailanthus altissima;Götterbaum;P5872;riecht_nach;sperma;
Q159570;Ailanthus altissima;Götterbaum;P9714;verbreitungsgebiet;Autonomes Gebiet Tibet;
Q159570;Ailanthus altissima;Götterbaum;P9714;verbreitungsgebiet;Guangdong;
Q159570;Ailanthus altissima;Götterbaum;P9714;verbreitungsgebiet;Peking;
Q159570;Ailanthus altissima;Götterbaum;P9714;verbreitungsgebiet;Tianjin;
Q159570;Ailanthus altissima;Götterbaum;P9714;verbreitungsgebiet;Volksrepublik China;
Q159570;Ailanthus altissima;Götterbaum;P9714;verbreitungsgebiet;Zhoushan-Inseln;
Q104188716;Salix alba 'Tristis';Trauer-Weide;P105;taxonomischer_rang;Cultivar;
Q104188716;Salix alba 'Tristis';Trauer-Weide;P171;uebergeordnetes_taxon;Silber-Weide;
Q104188716;Salix alba 'Tristis';Trauer-Weide;P225;wissenschaftlicher_name;Salix alba ‘Tristis’;
Q104188716;Salix alba 'Tristis';Trauer-Weide;P31;ist_eine;Cultivar;
Q104188716;Salix alba 'Tristis';Trauer-Weide;P9714;verbreitungsgebiet;Volksrepublik China;
Q161166;Acer negundo;Eschen-Ahorn;P105;taxonomischer_rang;Art;
Q161166;Acer negundo;Eschen-Ahorn;P10906;foliage_type;laubabwerfend;
Q161166;Acer negundo;Eschen-Ahorn;P141;gefaehrdungsstufe_iucn;nicht gefährdet;
Q161166;Acer negundo;Eschen-Ahorn;P1420;taxonomische_synonyme;Acer fauriei;
Q161166;Acer negundo;Eschen-Ahorn;P1420;taxonomische_synonyme;Acer fraxinifolium;
Q161166;Acer negundo;Eschen-Ahorn;P1420;taxonomische_synonyme;Acer lobatum;
Q161166;Acer negundo;Eschen-Ahorn;P1420;taxonomische_synonyme;Acer trifoliatum;
Q161166;Acer negundo;Eschen-Ahorn;P1672;ursprung_von;box elder;
Q161166;Acer negundo;Eschen-Ahorn;P171;uebergeordnetes_taxon;Ahorn;
Q161166;Acer negundo;Eschen-Ahorn;P18;bild;http://commons.wikimedia.org/wiki/Special:FilePath/Acer%20negundo%20Bozeman%201.jpg;
Q161166;Acer negundo;Eschen-Ahorn;P181;verbreitungskarte_des_taxons;http://commons.wikimedia.org/wiki/Special:FilePath/Acer%20negundo%20range%20map.png;
Q161166;Acer negundo;Eschen-Ahorn;P225;wissenschaftlicher_name;Acer negundo;
Q161166;Acer negundo;Eschen-Ahorn;P2341;einheimisch;Nordamerika;
Q161166;Acer negundo;Eschen-Ahorn;P31;ist_eine;Taxon;
Q161166;Acer negundo;Eschen-Ahorn;P3648;natureserve_conservation_status;secure;
Q161166;Acer negundo;Eschen-Ahorn;P3739;bluetenstand;Traube;
Q161166;Acer negundo;Eschen-Ahorn;P4000;fruchttyp;Flügelnuss;
Q161166;Acer negundo;Eschen-Ahorn;P5588;invasiv_in;Russland;
Q161166;Acer negundo;Eschen-Ahorn;P9714;verbreitungsgebiet;Autonomes Gebiet Tibet;
Q161166;Acer negundo;Eschen-Ahorn;P9714;verbreitungsgebiet;Peking;
Q161166;Acer negundo;Eschen-Ahorn;P9714;verbreitungsgebiet;Tianjin;
Q161166;Acer negundo;Eschen-Ahorn;P9714;verbreitungsgebiet;Volksrepublik China;
Q157417;Robinia pseudoacacia 'Monophylla';Einblättrige Robinie;P105;taxonomischer_rang;Art;
Q157417;Robinia pseudoacacia 'Monophylla';Einblättrige Robinie;P10906;foliage_type;laubabwerfend;
Q157417;Robinia pseudoacacia 'Monophylla';Einblättrige Robinie;P141;gefaehrdungsstufe_iucn;nicht gefährdet;
Q157417;Robinia pseudoacacia 'Monophylla';Einblättrige Robinie;P1552;charakterisiert_durch;Stickstofffixierung;
Q157417;Robinia pseudoacacia 'Monophylla';Einblättrige Robinie;P1552;charakterisiert_durch;wildlife attraction;
Q157417;Robinia pseudoacacia 'Monophylla';Einblättrige Robinie;P1672;ursprung_von;Black Locust seed;
Q157417;Robinia pseudoacacia 'Monophylla';Einblättrige Robinie;P1672;ursprung_von;Black Locust wood;
Q157417;Robinia pseudoacacia 'Monophylla';Einblättrige Robinie;P1672;ursprung_von;Robinienholz;
Q157417;Robinia pseudoacacia 'Monophylla';Einblättrige Robinie;P171;uebergeordnetes_taxon;Robinien;
Q157417;Robinia pseudoacacia 'Monophylla';Einblättrige Robinie;P18;bild;http://commons.wikimedia.org/wiki/Special:FilePath/Korina%202011-05-20%20Robinia%20pseudoacacia%203.jpg;
Q157417;Robinia pseudoacacia 'Monophylla';Einblättrige Robinie;P18;bild;http://commons.wikimedia.org/wiki/Special:FilePath/Villn%C3%B6%C3%9F%20Robinie%20beim%20Mantinghof%20Pardell.jpg;
Q157417;Robinia pseudoacacia 'Monophylla';Einblättrige Robinie;P181;verbreitungskarte_des_taxons;http://commons.wikimedia.org/wiki/Special:FilePath/Robinia%20pseudoacacia%20distribution%20map.png;
Q157417;Robinia pseudoacacia 'Monophylla';Einblättrige Robinie;P225;wissenschaftlicher_name;Robinia pseudoacacia;
Q157417;Robinia pseudoacacia 'Monophylla';Einblättrige Robinie;P2670;enthaelt_elemente_von;Toxin;
Q157417;Robinia pseudoacacia 'Monophylla';Einblättrige Robinie;P279;unterklasse_von;Giftpflanze;
Q157417;Robinia pseudoacacia 'Monophylla';Einblättrige Robinie;P279;unterklasse_von;Nutzpflanze;
Q157417;Robinia pseudoacacia 'Monophylla';Einblättrige Robinie;P279;unterklasse_von;fertilizer tree;
Q157417;Robinia pseudoacacia 'Monophylla';Einblättrige Robinie;P2827;bluetenfarbe;Weiß;
Q157417;Robinia pseudoacacia 'Monophylla';Einblättrige Robinie;P31;ist_eine;Taxon;
Q157417;Robinia pseudoacacia 'Monophylla';Einblättrige Robinie;P3648;natureserve_conservation_status;secure;
Q157417;Robinia pseudoacacia 'Monophylla';Einblättrige Robinie;P366;verwendung;Aufforstung;
Q157417;Robinia pseudoacacia 'Monophylla';Einblättrige Robinie;P366;verwendung;Bienentrachtpflanze;
Q157417;Robinia pseudoacacia 'Monophylla';Einblättrige Robinie;P366;verwendung;Futtermittel;
Q157417;Robinia pseudoacacia 'Monophylla';Einblättrige Robinie;P366;verwendung;Heilpflanze;
Q157417;Robinia pseudoacacia 'Monophylla';Einblättrige Robinie;P366;verwendung;Holz;
Q157417;Robinia pseudoacacia 'Monophylla';Einblättrige Robinie;P366;verwendung;Nahrung;
Q157417;Robinia pseudoacacia 'Monophylla';Einblättrige Robinie;P366;verwendung;soil retention;
Q157417;Robinia pseudoacacia 'Monophylla';Einblättrige Robinie;P3739;bluetenstand;Traube;
Q157417;Robinia pseudoacacia 'Monophylla';Einblättrige Robinie;P5252;winteransicht;http://commons.wikimedia.org/wiki/Special:FilePath/Robinia%20pseudoacacia%20-%20%D0%AE%D1%80%D0%B8%D0%B9%20%D0%94%D0%B0%D0%BD%D0%B8%D0%BB%D0%B5%D0%B2%D1%81%D0%BA%D0%B8%D0%B9%20%28Yuriy%20Danilevsky%29%20-%20604778214.jpeg;
Q157417;Robinia pseudoacacia 'Monophylla';Einblättrige Robinie;P5588;invasiv_in;Shanghai;
Q157417;Robinia pseudoacacia 'Monophylla';Einblättrige Robinie;P8193;winterhaerte_der_pflanze;3;
Q157417;Robinia pseudoacacia 'Monophylla';Einblättrige Robinie;P9714;verbreitungsgebiet;Autonomes Gebiet Tibet;
Q157417;Robinia pseudoacacia 'Monophylla';Einblättrige Robinie;P9714;verbreitungsgebiet;Fujian;
Q157417;Robinia pseudoacacia 'Monophylla';Einblättrige Robinie;P9714;verbreitungsgebiet;Peking;
Q157417;Robinia pseudoacacia 'Monophylla';Einblättrige Robinie;P9714;verbreitungsgebiet;Shanghai;
Q157417;Robinia pseudoacacia 'Monophylla';Einblättrige Robinie;P9714;verbreitungsgebiet;Tianjin;
Q157417;Robinia pseudoacacia 'Monophylla';Einblättrige Robinie;P9714;verbreitungsgebiet;Volksrepublik China;
Q161364;Acer rubrum;Rot-Ahorn;P105;taxonomischer_rang;Art;
Q161364;Acer rubrum;Rot-Ahorn;P10906;foliage_type;laubabwerfend;
Q161364;Acer rubrum;Rot-Ahorn;P141;gefaehrdungsstufe_iucn;nicht gefährdet;
Q161364;Acer rubrum;Rot-Ahorn;P171;uebergeordnetes_taxon;Ahorn;
Q161364;Acer rubrum;Rot-Ahorn;P18;bild;http://commons.wikimedia.org/wiki/Special:FilePath/Red%20maple.png;
Q161364;Acer rubrum;Rot-Ahorn;P181;verbreitungskarte_des_taxons;http://commons.wikimedia.org/wiki/Special:FilePath/Acer%20rubrum%20range%20map.png;
Q161364;Acer rubrum;Rot-Ahorn;P225;wissenschaftlicher_name;Acer rubrum;
Q161364;Acer rubrum;Rot-Ahorn;P279;unterklasse_von;Laubbaum;
Q161364;Acer rubrum;Rot-Ahorn;P2827;bluetenfarbe;Rot;
Q161364;Acer rubrum;Rot-Ahorn;P31;ist_eine;Taxon;
Q161364;Acer rubrum;Rot-Ahorn;P3648;natureserve_conservation_status;secure;
Q161364;Acer rubrum;Rot-Ahorn;P3739;bluetenstand;Dolde;
Q161364;Acer rubrum;Rot-Ahorn;P3739;bluetenstand;Faszikel (Botanik);
Q161364;Acer rubrum;Rot-Ahorn;P4000;fruchttyp;Flügelnuss;
Q161364;Acer rubrum;Rot-Ahorn;P8193;winterhaerte_der_pflanze;3;
Q9578817;Acer platanoides 'Schwedleri';Rotblättrige Sorte des Spitz-Ahorn;P105;taxonomischer_rang;Varietät;
Q9578817;Acer platanoides 'Schwedleri';Rotblättrige Sorte des Spitz-Ahorn;P171;uebergeordnetes_taxon;Spitzahorn;
Q9578817;Acer platanoides 'Schwedleri';Rotblättrige Sorte des Spitz-Ahorn;P18;bild;http://commons.wikimedia.org/wiki/Special:FilePath/Acer%20Platanoides%20%27schwedleri%27.jpg;
Q9578817;Acer platanoides 'Schwedleri';Rotblättrige Sorte des Spitz-Ahorn;P225;wissenschaftlicher_name;Acer platanoides var. schwedleri;
Q9578817;Acer platanoides 'Schwedleri';Rotblättrige Sorte des Spitz-Ahorn;P31;ist_eine;Taxon;
Q119410364;Gleditsia triacanthos 'Inermis';Dornenlose Gleditsie;P105;taxonomischer_rang;Form;
Q119410364;Gleditsia triacanthos 'Inermis';Dornenlose Gleditsie;P171;uebergeordnetes_taxon;Amerikanische Gleditschie;
Q119410364;Gleditsia triacanthos 'Inermis';Dornenlose Gleditsie;P225;wissenschaftlicher_name;Gleditsia triacanthos f. inermis;
Q119410364;Gleditsia triacanthos 'Inermis';Dornenlose Gleditsie;P31;ist_eine;Taxon;
Q1281102;Crataegus laevigata 'Paul's Scarlet';Rotdorn;P105;taxonomischer_rang;Cultivar;
Q1281102;Crataegus laevigata 'Paul's Scarlet';Rotdorn;P171;uebergeordnetes_taxon;Zweigriffeliger Weißdorn;
Q1281102;Crataegus laevigata 'Paul's Scarlet';Rotdorn;P18;bild;http://commons.wikimedia.org/wiki/Special:FilePath/Rotdorn%20%28Crataegus%20laevigata%20%27Paul%27s%20Scarlet%27%29-hms%281%29.jpg;
Q1281102;Crataegus laevigata 'Paul's Scarlet';Rotdorn;P225;wissenschaftlicher_name;Crataegus laevigata ʽPaul's Scarlet’;
Q1281102;Crataegus laevigata 'Paul's Scarlet';Rotdorn;P31;ist_eine;Cultivar;
Q886711;Prunus cerasifera 'Nigra';Blutpflaume;P105;taxonomischer_rang;Cultivar;
Q886711;Prunus cerasifera 'Nigra';Blutpflaume;P171;uebergeordnetes_taxon;Kirschpflaume;
Q886711;Prunus cerasifera 'Nigra';Blutpflaume;P225;wissenschaftlicher_name;Prunus cerasifera 'Nigra';
Q886711;Prunus cerasifera 'Nigra';Blutpflaume;P279;unterklasse_von;Obstbaum;
Q886711;Prunus cerasifera 'Nigra';Blutpflaume;P31;ist_eine;Taxon;
Q3377825;Populus nigra 'Italica';Pyramiden-Pappel;P105;taxonomischer_rang;Varietät;
Q3377825;Populus nigra 'Italica';Pyramiden-Pappel;P10906;foliage_type;laubabwerfend;
Q3377825;Populus nigra 'Italica';Pyramiden-Pappel;P171;uebergeordnetes_taxon;Schwarz-Pappel;
Q3377825;Populus nigra 'Italica';Pyramiden-Pappel;P18;bild;http://commons.wikimedia.org/wiki/Special:FilePath/Populus%20nigra%20Italica%2802%29.jpg;
Q3377825;Populus nigra 'Italica';Pyramiden-Pappel;P18;bild;http://commons.wikimedia.org/wiki/Special:FilePath/Populus%20pyramidalis%20tree%20in%20Almaty%20city.JPG;
Q3377825;Populus nigra 'Italica';Pyramiden-Pappel;P225;wissenschaftlicher_name;Populus nigra var. italica;
Q3377825;Populus nigra 'Italica';Pyramiden-Pappel;P31;ist_eine;Taxon;
Q3377825;Populus nigra 'Italica';Pyramiden-Pappel;P366;verwendung;Heilpflanze;
Q3377825;Populus nigra 'Italica';Pyramiden-Pappel;P9714;verbreitungsgebiet;Fujian;
Q3377825;Populus nigra 'Italica';Pyramiden-Pappel;P9714;verbreitungsgebiet;Peking;
Q3377825;Populus nigra 'Italica';Pyramiden-Pappel;P9714;verbreitungsgebiet;Volksrepublik China;
Q147824;Picea omorika;Serbische Fichte;P105;taxonomischer_rang;Art;
Q147824;Picea omorika;Serbische Fichte;P10906;foliage_type;Immergrüne Pflanze;
Q147824;Picea omorika;Serbische Fichte;P13162;referenzabbildung;http://commons.wikimedia.org/wiki/Special:FilePath/Pancic%20omorika%20s.jpg;
Q147824;Picea omorika;Serbische Fichte;P13162;referenzabbildung;http://commons.wikimedia.org/wiki/Special:FilePath/The%20Gardeners%27%20chronicle%20-%20a%20weekly%20illustrated%20journal%20of%20horticulture%20and%20allied%20subjects%20%281897%29%20%2814802691513%29.jpg;
Q147824;Picea omorika;Serbische Fichte;P141;gefaehrdungsstufe_iucn;gefährdete Tierarten;
Q147824;Picea omorika;Serbische Fichte;P171;uebergeordnetes_taxon;Fichten;
Q147824;Picea omorika;Serbische Fichte;P18;bild;http://commons.wikimedia.org/wiki/Special:FilePath/Picea%20omorika%2C%20Zaovine%2C%20Serbia%201.jpg;
Q147824;Picea omorika;Serbische Fichte;P18;bild;http://commons.wikimedia.org/wiki/Special:FilePath/Picea%20omorika%2C%20Zaovine%2C%20Serbia%205.jpg;
Q147824;Picea omorika;Serbische Fichte;P181;verbreitungskarte_des_taxons;http://commons.wikimedia.org/wiki/Special:FilePath/Picea%20omorika%20range.svg;
Q147824;Picea omorika;Serbische Fichte;P225;wissenschaftlicher_name;Picea omorika;
Q147824;Picea omorika;Serbische Fichte;P279;unterklasse_von;Baum;
Q147824;Picea omorika;Serbische Fichte;P31;ist_eine;Taxon;
Q147824;Picea omorika;Serbische Fichte;P566;basionym;Pinus omorika;
Q158783;Liriodendron tulipifera;Tulpenbaum;P105;taxonomischer_rang;Art;
Q158783;Liriodendron tulipifera;Tulpenbaum;P10906;foliage_type;laubabwerfend;
Q158783;Liriodendron tulipifera;Tulpenbaum;P13478;nomenklatorischer_typ_von;Tulpenbäume;
Q158783;Liriodendron tulipifera;Tulpenbaum;P141;gefaehrdungsstufe_iucn;nicht gefährdet;
Q158783;Liriodendron tulipifera;Tulpenbaum;P1672;ursprung_von;Tulpenbaumholz;
Q158783;Liriodendron tulipifera;Tulpenbaum;P171;uebergeordnetes_taxon;Tulpenbäume;
Q158783;Liriodendron tulipifera;Tulpenbaum;P18;bild;http://commons.wikimedia.org/wiki/Special:FilePath/Liriodendron%20tulipifera%20JPG5a.jpg;
Q158783;Liriodendron tulipifera;Tulpenbaum;P181;verbreitungskarte_des_taxons;http://commons.wikimedia.org/wiki/Special:FilePath/Liriodendron%20tulipifera%20range%20map%203.png;
Q158783;Liriodendron tulipifera;Tulpenbaum;P225;wissenschaftlicher_name;Liriodendron tulipifera;
Q158783;Liriodendron tulipifera;Tulpenbaum;P31;ist_eine;Heilpflanze;
Q158783;Liriodendron tulipifera;Tulpenbaum;P31;ist_eine;Taxon;
Q158783;Liriodendron tulipifera;Tulpenbaum;P366;verwendung;Heilpflanze;
Q158783;Liriodendron tulipifera;Tulpenbaum;P366;verwendung;Holz;
Q158783;Liriodendron tulipifera;Tulpenbaum;P4000;fruchttyp;Flügelnuss;
Q158783;Liriodendron tulipifera;Tulpenbaum;P4214;hoechste_beobachtete_lebensdauer;509.0;
Q158783;Liriodendron tulipifera;Tulpenbaum;P9714;verbreitungsgebiet;Volksrepublik China;
Q156957;Amelanchier species;Felsenbirne;P105;taxonomischer_rang;Gattung;
Q156957;Amelanchier species;Felsenbirne;P1672;ursprung_von;serviceberry;
Q156957;Amelanchier species;Felsenbirne;P171;uebergeordnetes_taxon;Kernobstgewächse;
Q156957;Amelanchier species;Felsenbirne;P18;bild;http://commons.wikimedia.org/wiki/Special:FilePath/Amelanchier%20grandiflora2.jpg;
Q156957;Amelanchier species;Felsenbirne;P225;wissenschaftlicher_name;Amelanchier;
Q156957;Amelanchier species;Felsenbirne;P31;ist_eine;Taxon;
Q156957;Amelanchier species;Felsenbirne;P427;nomenklatorischer_typ;Gewöhnliche Felsenbirne;
Q146951;Prunus cerasifera;Kirsch-Pflaume;P105;taxonomischer_rang;Art;
Q146951;Prunus cerasifera;Kirsch-Pflaume;P10906;foliage_type;laubabwerfend;
Q146951;Prunus cerasifera;Kirsch-Pflaume;P141;gefaehrdungsstufe_iucn;keine ausreichenden Daten;
Q146951;Prunus cerasifera;Kirsch-Pflaume;P1420;taxonomische_synonyme;Prunus myrobalana;
Q146951;Prunus cerasifera;Kirsch-Pflaume;P1672;ursprung_von;cherry plum;
Q146951;Prunus cerasifera;Kirsch-Pflaume;P171;uebergeordnetes_taxon;Prunus;
Q146951;Prunus cerasifera;Kirsch-Pflaume;P18;bild;http://commons.wikimedia.org/wiki/Special:FilePath/20140317Prunus%20cerasifera%20Hockenheimer%20Rheinbogen5.jpg;
Q146951;Prunus cerasifera;Kirsch-Pflaume;P18;bild;http://commons.wikimedia.org/wiki/Special:FilePath/20160313Prunus%20cerasifera4.jpg;
Q146951;Prunus cerasifera;Kirsch-Pflaume;P18;bild;http://commons.wikimedia.org/wiki/Special:FilePath/Mirabellen%20am%20Baum%20HD.JPG;
Q146951;Prunus cerasifera;Kirsch-Pflaume;P225;wissenschaftlicher_name;Prunus cerasifera;
Q146951;Prunus cerasifera;Kirsch-Pflaume;P279;unterklasse_von;Obstbaum;
Q146951;Prunus cerasifera;Kirsch-Pflaume;P31;ist_eine;Taxon;
Q146951;Prunus cerasifera;Kirsch-Pflaume;P366;verwendung;Heilpflanze;
Q146951;Prunus cerasifera;Kirsch-Pflaume;P366;verwendung;Obst;
Q146951;Prunus cerasifera;Kirsch-Pflaume;P4000;fruchttyp;Steinfrucht;
Q146951;Prunus cerasifera;Kirsch-Pflaume;P8193;winterhaerte_der_pflanze;5;
Q146951;Prunus cerasifera;Kirsch-Pflaume;P9714;verbreitungsgebiet;Autonomes Gebiet Tibet;
Q146951;Prunus cerasifera;Kirsch-Pflaume;P9714;verbreitungsgebiet;Xinjiang;
Q146951;Prunus cerasifera;Kirsch-Pflaume;P973;beschrieben_in_url;https://www.gardendesign.com/trees/purple-leaf-plum.html;
Q1642256;Fagus sylvatica 'Pendula';Trauer-Buche;P105;taxonomischer_rang;Form;
Q1642256;Fagus sylvatica 'Pendula';Trauer-Buche;P171;uebergeordnetes_taxon;Rotbuche;
Q1642256;Fagus sylvatica 'Pendula';Trauer-Buche;P18;bild;http://commons.wikimedia.org/wiki/Special:FilePath/Weepingbeech.RI.JPG;
Q1642256;Fagus sylvatica 'Pendula';Trauer-Buche;P225;wissenschaftlicher_name;Fagus sylvatica f. pendula;
Q1642256;Fagus sylvatica 'Pendula';Trauer-Buche;P31;ist_eine;Taxon;
Q132557;Crataegus species;Weißdorn;P105;taxonomischer_rang;Gattung;
Q132557;Crataegus species;Weißdorn;P1672;ursprung_von;Weißdornblätter mit Blüten;
Q132557;Crataegus species;Weißdorn;P1672;ursprung_von;mayhaw;
Q132557;Crataegus species;Weißdorn;P171;uebergeordnetes_taxon;Kernobstgewächse;
Q132557;Crataegus species;Weißdorn;P18;bild;http://commons.wikimedia.org/wiki/Special:FilePath/Crataegus%20monogyna%20-%20Common%20hawthorn.jpg;
Q132557;Crataegus species;Weißdorn;P18;bild;http://commons.wikimedia.org/wiki/Special:FilePath/Crataegus%2C%20various%20species%2C%20fruit.jpg;
Q132557;Crataegus species;Weißdorn;P225;wissenschaftlicher_name;Crataegus;
Q132557;Crataegus species;Weißdorn;P279;unterklasse_von;Baum;
Q132557;Crataegus species;Weißdorn;P31;ist_eine;Taxon;
Q132557;Crataegus species;Weißdorn;P4000;fruchttyp;Apfelfrucht;
Q158776;Carpinus betulus `Frans Fontaine`;Säulenhainbuche;P105;taxonomischer_rang;Art;
Q158776;Carpinus betulus `Frans Fontaine`;Säulenhainbuche;P10906;foliage_type;laubabwerfend;
Q158776;Carpinus betulus `Frans Fontaine`;Säulenhainbuche;P141;gefaehrdungsstufe_iucn;nicht gefährdet;
Q158776;Carpinus betulus `Frans Fontaine`;Säulenhainbuche;P1420;taxonomische_synonyme;Carpinus betulus f. quercifolia;
Q158776;Carpinus betulus `Frans Fontaine`;Säulenhainbuche;P1420;taxonomische_synonyme;Carpinus betulus var. quercifolia;
Q158776;Carpinus betulus `Frans Fontaine`;Säulenhainbuche;P1420;taxonomische_synonyme;Carpinus caucasica;
Q158776;Carpinus betulus `Frans Fontaine`;Säulenhainbuche;P1420;taxonomische_synonyme;Carpinus vulgaris;
Q158776;Carpinus betulus `Frans Fontaine`;Säulenhainbuche;P1672;ursprung_von;Holz der Gemeinen Hainbuche;
Q158776;Carpinus betulus `Frans Fontaine`;Säulenhainbuche;P171;uebergeordnetes_taxon;Hainbuchen;
Q158776;Carpinus betulus `Frans Fontaine`;Säulenhainbuche;P18;bild;http://commons.wikimedia.org/wiki/Special:FilePath/Brohmer-Berge-Rothem%C3%BChl-24-10-2009-30.jpg;
Q158776;Carpinus betulus `Frans Fontaine`;Säulenhainbuche;P18;bild;http://commons.wikimedia.org/wiki/Special:FilePath/Carpinus%20betulus%20-%20Hunsr%C3%BCck%20001.jpg;
Q158776;Carpinus betulus `Frans Fontaine`;Säulenhainbuche;P18;bild;http://commons.wikimedia.org/wiki/Special:FilePath/Carpinus%20betulus%20Sturm33.jpg;
Q158776;Carpinus betulus `Frans Fontaine`;Säulenhainbuche;P181;verbreitungskarte_des_taxons;http://commons.wikimedia.org/wiki/Special:FilePath/Carpinus%20betulus%20range.svg;
Q158776;Carpinus betulus `Frans Fontaine`;Säulenhainbuche;P225;wissenschaftlicher_name;Carpinus betulus;
Q158776;Carpinus betulus `Frans Fontaine`;Säulenhainbuche;P31;ist_eine;Taxon;
Q158776;Carpinus betulus `Frans Fontaine`;Säulenhainbuche;P4000;fruchttyp;Nussfrucht;
Q916961;Crataegus crus-galli;Hahnensporn-Weißdorn;P105;taxonomischer_rang;Art;
Q916961;Crataegus crus-galli;Hahnensporn-Weißdorn;P10906;foliage_type;laubabwerfend;
Q916961;Crataegus crus-galli;Hahnensporn-Weißdorn;P141;gefaehrdungsstufe_iucn;nicht gefährdet;
Q916961;Crataegus crus-galli;Hahnensporn-Weißdorn;P171;uebergeordnetes_taxon;Weißdorne;
Q916961;Crataegus crus-galli;Hahnensporn-Weißdorn;P18;bild;http://commons.wikimedia.org/wiki/Special:FilePath/Crataegus%20crus%20galli%204.jpg;
Q916961;Crataegus crus-galli;Hahnensporn-Weißdorn;P225;wissenschaftlicher_name;Crataegus crus-galli;
Q916961;Crataegus crus-galli;Hahnensporn-Weißdorn;P31;ist_eine;Taxon;
Q916961;Crataegus crus-galli;Hahnensporn-Weißdorn;P4000;fruchttyp;Apfelfrucht;
Q157017;Magnolia species;Magnolie;P105;taxonomischer_rang;Gattung;
Q157017;Magnolia species;Magnolie;P138;benannt_nach;Pierre Magnol;
Q157017;Magnolia species;Magnolie;P1420;taxonomische_synonyme;Aromadendron;
Q157017;Magnolia species;Magnolie;P1420;taxonomische_synonyme;Gwillimia;
Q157017;Magnolia species;Magnolie;P1420;taxonomische_synonyme;Pachylarnax;
Q157017;Magnolia species;Magnolie;P1672;ursprung_von;Magnolien;
Q157017;Magnolia species;Magnolie;P1672;ursprung_von;magnolia leaf;
Q157017;Magnolia species;Magnolie;P171;uebergeordnetes_taxon;Magnolioideae;
Q157017;Magnolia species;Magnolie;P18;bild;http://commons.wikimedia.org/wiki/Special:FilePath/Magnolia%20Larousse%20Extracted.png;
Q157017;Magnolia species;Magnolie;P18;bild;http://commons.wikimedia.org/wiki/Special:FilePath/Magnolia%20wieseneri.jpg;
Q157017;Magnolia species;Magnolie;P225;wissenschaftlicher_name;Magnolia;
Q157017;Magnolia species;Magnolie;P279;unterklasse_von;Baum;
Q157017;Magnolia species;Magnolie;P31;ist_eine;Taxon;
Q157017;Magnolia species;Magnolie;P4000;fruchttyp;Sammelbalgfrucht;
Q157017;Magnolia species;Magnolie;P427;nomenklatorischer_typ;Sumpf-Magnolie;
Q18674606;Malus communis;Johannis Apfel;P105;taxonomischer_rang;Art;
Q18674606;Malus communis;Johannis Apfel;P10906;foliage_type;laubabwerfend;
Q18674606;Malus communis;Johannis Apfel;P1282;openstreetmap_attribut;species=Malus_domestica;
Q18674606;Malus communis;Johannis Apfel;P1420;taxonomische_synonyme;Malus communis;
Q18674606;Malus communis;Johannis Apfel;P1420;taxonomische_synonyme;Malus dioica;
Q18674606;Malus communis;Johannis Apfel;P1420;taxonomische_synonyme;Malus frutescens;
Q18674606;Malus communis;Johannis Apfel;P1420;taxonomische_synonyme;Malus paradisiaca;
Q18674606;Malus communis;Johannis Apfel;P1420;taxonomische_synonyme;Malus praecox;
Q18674606;Malus communis;Johannis Apfel;P1420;taxonomische_synonyme;Malus pumila;
Q18674606;Malus communis;Johannis Apfel;P1420;taxonomische_synonyme;Pyrus dioica;
Q18674606;Malus communis;Johannis Apfel;P1420;taxonomische_synonyme;Pyrus malus;
Q18674606;Malus communis;Johannis Apfel;P1672;ursprung_von;Agredolç;
Q18674606;Malus communis;Johannis Apfel;P1672;ursprung_von;Apfel;
Q18674606;Malus communis;Johannis Apfel;P1672;ursprung_von;Apfelkernöl;
Q18674606;Malus communis;Johannis Apfel;P1672;ursprung_von;Apfelschale;
Q18674606;Malus communis;Johannis Apfel;P1672;ursprung_von;apple seed;
Q18674606;Malus communis;Johannis Apfel;P1672;ursprung_von;apple wood;
Q18674606;Malus communis;Johannis Apfel;P171;uebergeordnetes_taxon;Äpfel;
Q18674606;Malus communis;Johannis Apfel;P18;bild;http://commons.wikimedia.org/wiki/Special:FilePath/Tree%20with%20red%20apples%20in%20Barkedal%204.jpg;
Q18674606;Malus communis;Johannis Apfel;P225;wissenschaftlicher_name;Malus domestica;
Q18674606;Malus communis;Johannis Apfel;P279;unterklasse_von;Obstbaum;
Q18674606;Malus communis;Johannis Apfel;P31;ist_eine;Taxon;
Q18674606;Malus communis;Johannis Apfel;P366;verwendung;Aufforstung;
Q18674606;Malus communis;Johannis Apfel;P366;verwendung;Futtermittel;
Q18674606;Malus communis;Johannis Apfel;P366;verwendung;Heilpflanze;
Q18674606;Malus communis;Johannis Apfel;P366;verwendung;Nahrung;
Q18674606;Malus communis;Johannis Apfel;P566;basionym;Pyrus malus var. domestica;
Q18674606;Malus communis;Johannis Apfel;P6800;sequenced_genome_url;https://plants.ensembl.org/Malus_domestica_golden;
Q18674606;Malus communis;Johannis Apfel;P694;ersetztes_synonym;Pyrus praecox;
Q18674606;Malus communis;Johannis Apfel;P8193;winterhaerte_der_pflanze;4;
Q18674606;Malus communis;Johannis Apfel;P9714;verbreitungsgebiet;Europa;
Q18674606;Malus communis;Johannis Apfel;P9714;verbreitungsgebiet;Volksrepublik China;
Q147492;Ulmus laevis;Flatter-Ulme;P105;taxonomischer_rang;Art;
Q147492;Ulmus laevis;Flatter-Ulme;P10906;foliage_type;laubabwerfend;
Q147492;Ulmus laevis;Flatter-Ulme;P141;gefaehrdungsstufe_iucn;keine ausreichenden Daten;
Q147492;Ulmus laevis;Flatter-Ulme;P171;uebergeordnetes_taxon;Ulmen;
Q147492;Ulmus laevis;Flatter-Ulme;P18;bild;http://commons.wikimedia.org/wiki/Special:FilePath/Ulme%20Obertheres%2C%202.jpg;
Q147492;Ulmus laevis;Flatter-Ulme;P18;bild;http://commons.wikimedia.org/wiki/Special:FilePath/Ulmus%20laevis%20%28Flatter-Ulme%29%20IMG%202383.jpg;
Q147492;Ulmus laevis;Flatter-Ulme;P181;verbreitungskarte_des_taxons;http://commons.wikimedia.org/wiki/Special:FilePath/Ulmus%20laevis%20range.svg;
Q147492;Ulmus laevis;Flatter-Ulme;P225;wissenschaftlicher_name;Ulmus laevis;
Q147492;Ulmus laevis;Flatter-Ulme;P31;ist_eine;Taxon;
Q147492;Ulmus laevis;Flatter-Ulme;P9714;verbreitungsgebiet;Volksrepublik China;
Q149741;Prunus domestica Aggregat;Pflaume,Mirabelle;P105;taxonomischer_rang;Unterart;
Q149741;Prunus domestica Aggregat;Pflaume,Mirabelle;P1672;ursprung_von;Mirabelle;
Q149741;Prunus domestica Aggregat;Pflaume,Mirabelle;P171;uebergeordnetes_taxon;Pflaume;
Q149741;Prunus domestica Aggregat;Pflaume,Mirabelle;P18;bild;http://commons.wikimedia.org/wiki/Special:FilePath/Mirabelki%20Hufcowa.JPG;
Q149741;Prunus domestica Aggregat;Pflaume,Mirabelle;P225;wissenschaftlicher_name;Prunus domestica subsp. syriaca;
Q149741;Prunus domestica Aggregat;Pflaume,Mirabelle;P31;ist_eine;Taxon;
Q149741;Prunus domestica Aggregat;Pflaume,Mirabelle;P566;basionym;Prunus syriaca;
Q854714;Quercus coccinea;Scharlach-Eiche;P105;taxonomischer_rang;Art;
Q854714;Quercus coccinea;Scharlach-Eiche;P10906;foliage_type;laubabwerfend;
Q854714;Quercus coccinea;Scharlach-Eiche;P141;gefaehrdungsstufe_iucn;nicht gefährdet;
Q854714;Quercus coccinea;Scharlach-Eiche;P171;uebergeordnetes_taxon;Eichen;
Q854714;Quercus coccinea;Scharlach-Eiche;P18;bild;http://commons.wikimedia.org/wiki/Special:FilePath/Rim%20Rock%20Trail%20-%20Scarlet%20Oak%20%28Quercus%20coccinea%29%20-%20Flickr%20-%20Jay%20Sturner%20%282%29.jpg;
Q854714;Quercus coccinea;Scharlach-Eiche;P18;bild;http://commons.wikimedia.org/wiki/Special:FilePath/Scarlet%20Oak%20%2830873601235%29.jpg;
Q854714;Quercus coccinea;Scharlach-Eiche;P181;verbreitungskarte_des_taxons;http://commons.wikimedia.org/wiki/Special:FilePath/Quercus%20coccinea%20map.png;
Q854714;Quercus coccinea;Scharlach-Eiche;P225;wissenschaftlicher_name;Quercus coccinea;
Q854714;Quercus coccinea;Scharlach-Eiche;P31;ist_eine;Taxon;
Q854714;Quercus coccinea;Scharlach-Eiche;P4214;hoechste_beobachtete_lebensdauer;122.0;
Q854714;Quercus coccinea;Scharlach-Eiche;P8193;winterhaerte_der_pflanze;4;
Q157518;Salix fragilis;Bruch-Weide;P105;taxonomischer_rang;Art;
Q157518;Salix fragilis;Bruch-Weide;P1672;ursprung_von;Weidenrinde;
Q157518;Salix fragilis;Bruch-Weide;P171;uebergeordnetes_taxon;Weiden;
Q157518;Salix fragilis;Bruch-Weide;P18;bild;http://commons.wikimedia.org/wiki/Special:FilePath/2015.07.07.-16-Mulde%20Eilenburg--Bruch-Weide.jpg;
Q157518;Salix fragilis;Bruch-Weide;P18;bild;http://commons.wikimedia.org/wiki/Special:FilePath/Salix%20fragilis%20001.jpg;
Q157518;Salix fragilis;Bruch-Weide;P18;bild;http://commons.wikimedia.org/wiki/Special:FilePath/Salix%20fragilis%20Sturm22.jpg;
Q157518;Salix fragilis;Bruch-Weide;P225;wissenschaftlicher_name;Salix fragilis;
Q157518;Salix fragilis;Bruch-Weide;P31;ist_eine;Taxon;
Q157518;Salix fragilis;Bruch-Weide;P5588;invasiv_in;Australien;
Q255375;Celtis australis;Südlicher Zürgelbaum;P105;taxonomischer_rang;Art;
Q255375;Celtis australis;Südlicher Zürgelbaum;P10906;foliage_type;laubabwerfend;
Q255375;Celtis australis;Südlicher Zürgelbaum;P141;gefaehrdungsstufe_iucn;nicht gefährdet;
Q255375;Celtis australis;Südlicher Zürgelbaum;P1672;ursprung_von;Mediterranean hackberry wood;
Q255375;Celtis australis;Südlicher Zürgelbaum;P171;uebergeordnetes_taxon;Zürgelbäume;
Q255375;Celtis australis;Südlicher Zürgelbaum;P18;bild;http://commons.wikimedia.org/wiki/Special:FilePath/Almez-2.JPG;
Q255375;Celtis australis;Südlicher Zürgelbaum;P18;bild;http://commons.wikimedia.org/wiki/Special:FilePath/Celtis%20australis%2020150404%20a.jpg;
Q255375;Celtis australis;Südlicher Zürgelbaum;P181;verbreitungskarte_des_taxons;http://commons.wikimedia.org/wiki/Special:FilePath/Celtis%20australis%20range.svg;
Q255375;Celtis australis;Südlicher Zürgelbaum;P225;wissenschaftlicher_name;Celtis australis;
Q255375;Celtis australis;Südlicher Zürgelbaum;P31;ist_eine;Heilpflanze;
Q255375;Celtis australis;Südlicher Zürgelbaum;P31;ist_eine;Taxon;
Q255375;Celtis australis;Südlicher Zürgelbaum;P9714;verbreitungsgebiet;Autonomes Gebiet Tibet;
Q631388;Acer ginnala;Feuer-Ahorn;P105;taxonomischer_rang;Unterart;
Q631388;Acer ginnala;Feuer-Ahorn;P171;uebergeordnetes_taxon;Tatarischer Steppen-Ahorn;
Q631388;Acer ginnala;Feuer-Ahorn;P18;bild;http://commons.wikimedia.org/wiki/Special:FilePath/Acer%20ginnala.jpg;
Q631388;Acer ginnala;Feuer-Ahorn;P225;wissenschaftlicher_name;Acer tataricum subsp. ginnala;
Q631388;Acer ginnala;Feuer-Ahorn;P31;ist_eine;Makrophanerophyten;
Q631388;Acer ginnala;Feuer-Ahorn;P31;ist_eine;Taxon;
Q631388;Acer ginnala;Feuer-Ahorn;P366;verwendung;Faser;
Q631388;Acer ginnala;Feuer-Ahorn;P366;verwendung;Heilpflanze;
Q631388;Acer ginnala;Feuer-Ahorn;P566;basionym;Acer ginnala;
Q631388;Acer ginnala;Feuer-Ahorn;P9714;verbreitungsgebiet;Peking;
Q631388;Acer ginnala;Feuer-Ahorn;P9714;verbreitungsgebiet;Volksrepublik China;
Q549418;Gymnocladus dioicus;Geweihbaum;P105;taxonomischer_rang;Art;
Q549418;Gymnocladus dioicus;Geweihbaum;P10906;foliage_type;laubabwerfend;
Q549418;Gymnocladus dioicus;Geweihbaum;P11220;fruchtfarbe;Grün;
Q549418;Gymnocladus dioicus;Geweihbaum;P11220;fruchtfarbe;purplish brown;
Q549418;Gymnocladus dioicus;Geweihbaum;P141;gefaehrdungsstufe_iucn;gefährdet;
Q549418;Gymnocladus dioicus;Geweihbaum;P1420;taxonomische_synonyme;Gymnocladus dioica;
Q549418;Gymnocladus dioicus;Geweihbaum;P1672;ursprung_von;Kentucky Coffee Tree;
Q549418;Gymnocladus dioicus;Geweihbaum;P171;uebergeordnetes_taxon;Geweihbäume;
Q549418;Gymnocladus dioicus;Geweihbaum;P18;bild;http://commons.wikimedia.org/wiki/Special:FilePath/Gymnocladus%20dioicus%2C%20Chicago%2002.jpg;
Q549418;Gymnocladus dioicus;Geweihbaum;P181;verbreitungskarte_des_taxons;http://commons.wikimedia.org/wiki/Special:FilePath/Gymnocladus%20dioicus%20range%20map.jpg;
Q549418;Gymnocladus dioicus;Geweihbaum;P225;wissenschaftlicher_name;Gymnocladus dioicus;
Q549418;Gymnocladus dioicus;Geweihbaum;P31;ist_eine;Taxon;
Q549418;Gymnocladus dioicus;Geweihbaum;P4000;fruchttyp;Hülsenfrucht;
Q549418;Gymnocladus dioicus;Geweihbaum;P566;basionym;Guilandina dioica;
Q130355207;Prunus avium 'Plena';Gefülltblühende Vogelkirsche;P105;taxonomischer_rang;Cultivar;
Q130355207;Prunus avium 'Plena';Gefülltblühende Vogelkirsche;P171;uebergeordnetes_taxon;Vogelkirsche;
Q130355207;Prunus avium 'Plena';Gefülltblühende Vogelkirsche;P225;wissenschaftlicher_name;Prunus avium 'Plena';
Q130355207;Prunus avium 'Plena';Gefülltblühende Vogelkirsche;P31;ist_eine;Taxon;
Q26822180;Salix matsudana 'Tortuosa';Korkenzieher-Weide;P105;taxonomischer_rang;Cultivar;
Q26822180;Salix matsudana 'Tortuosa';Korkenzieher-Weide;P171;uebergeordnetes_taxon;Salix matsudana;
Q26822180;Salix matsudana 'Tortuosa';Korkenzieher-Weide;P18;bild;http://commons.wikimedia.org/wiki/Special:FilePath/Salix.bab.Tortuosa%2802%29.jpg;
Q26822180;Salix matsudana 'Tortuosa';Korkenzieher-Weide;P225;wissenschaftlicher_name;Salix matsudana ‘Tortuosa’;
Q26822180;Salix matsudana 'Tortuosa';Korkenzieher-Weide;P31;ist_eine;Cultivar;
Q26822180;Salix matsudana 'Tortuosa';Korkenzieher-Weide;P9714;verbreitungsgebiet;Volksrepublik China;
Q147791;Chamaecyparis species;Scheinzypresse;P105;taxonomischer_rang;Gattung;
Q147791;Chamaecyparis species;Scheinzypresse;P1420;taxonomische_synonyme;Retinospora;
Q147791;Chamaecyparis species;Scheinzypresse;P171;uebergeordnetes_taxon;Cupressoideae;
Q147791;Chamaecyparis species;Scheinzypresse;P171;uebergeordnetes_taxon;Zypressengewächse;
Q147791;Chamaecyparis species;Scheinzypresse;P18;bild;http://commons.wikimedia.org/wiki/Special:FilePath/Atlantic%20White%20Cypress%20Chatsworth%20NJ%201.jpg;
Q147791;Chamaecyparis species;Scheinzypresse;P225;wissenschaftlicher_name;Chamaecyparis;
Q147791;Chamaecyparis species;Scheinzypresse;P279;unterklasse_von;Baum;
Q147791;Chamaecyparis species;Scheinzypresse;P31;ist_eine;Taxon;
Q163831;Catalpa bignonioides;Gewöhnlicher Trompetenbaum;P105;taxonomischer_rang;Art;
Q163831;Catalpa bignonioides;Gewöhnlicher Trompetenbaum;P10906;foliage_type;laubabwerfend;
Q163831;Catalpa bignonioides;Gewöhnlicher Trompetenbaum;P141;gefaehrdungsstufe_iucn;keine ausreichenden Daten;
Q163831;Catalpa bignonioides;Gewöhnlicher Trompetenbaum;P1672;ursprung_von;Holz des Gewöhnlichen Trompetenbaums;
Q163831;Catalpa bignonioides;Gewöhnlicher Trompetenbaum;P171;uebergeordnetes_taxon;Trompetenbäume;
Q163831;Catalpa bignonioides;Gewöhnlicher Trompetenbaum;P18;bild;http://commons.wikimedia.org/wiki/Special:FilePath/Catalpa%20bignonioides%2005.jpg;
Q163831;Catalpa bignonioides;Gewöhnlicher Trompetenbaum;P18;bild;http://commons.wikimedia.org/wiki/Special:FilePath/Catalpa%20bignonioides%20inflorescence.jpg;
Q163831;Catalpa bignonioides;Gewöhnlicher Trompetenbaum;P18;bild;http://commons.wikimedia.org/wiki/Special:FilePath/Indian%20bean%20tree1.JPG;
Q163831;Catalpa bignonioides;Gewöhnlicher Trompetenbaum;P181;verbreitungskarte_des_taxons;http://commons.wikimedia.org/wiki/Special:FilePath/Catalpa%20bignonioides%20range%20map%202.png;
Q163831;Catalpa bignonioides;Gewöhnlicher Trompetenbaum;P225;wissenschaftlicher_name;Catalpa bignonioides;
Q163831;Catalpa bignonioides;Gewöhnlicher Trompetenbaum;P31;ist_eine;Taxon;
Q163831;Catalpa bignonioides;Gewöhnlicher Trompetenbaum;P3648;natureserve_conservation_status;apparently secure;
Q163831;Catalpa bignonioides;Gewöhnlicher Trompetenbaum;P3739;bluetenstand;terminal infloresence;
Q163831;Catalpa bignonioides;Gewöhnlicher Trompetenbaum;P3739;bluetenstand;thyrse;
Q163831;Catalpa bignonioides;Gewöhnlicher Trompetenbaum;P9714;verbreitungsgebiet;Autonomes Gebiet Tibet;
Q148920;Abies nordmanniana;Nordmanns-Tanne;P105;taxonomischer_rang;Art;
Q148920;Abies nordmanniana;Nordmanns-Tanne;P10906;foliage_type;Immergrüne Pflanze;
Q148920;Abies nordmanniana;Nordmanns-Tanne;P141;gefaehrdungsstufe_iucn;nicht gefährdet;
Q148920;Abies nordmanniana;Nordmanns-Tanne;P171;uebergeordnetes_taxon;Tannen;
Q148920;Abies nordmanniana;Nordmanns-Tanne;P18;bild;http://commons.wikimedia.org/wiki/Special:FilePath/Abies%20nordmanniana%207.jpg;
Q148920;Abies nordmanniana;Nordmanns-Tanne;P18;bild;http://commons.wikimedia.org/wiki/Special:FilePath/Abies%20nordmanniana%20forest%2C%20Gagra%2C%20Abkhazia%202.jpg;
Q148920;Abies nordmanniana;Nordmanns-Tanne;P181;verbreitungskarte_des_taxons;http://commons.wikimedia.org/wiki/Special:FilePath/Abies%20nordmanniana%20range.svg;
Q148920;Abies nordmanniana;Nordmanns-Tanne;P225;wissenschaftlicher_name;Abies nordmanniana;
Q148920;Abies nordmanniana;Nordmanns-Tanne;P31;ist_eine;Taxon;
Q148920;Abies nordmanniana;Nordmanns-Tanne;P566;basionym;Pinus nordmanniana;
Q5821037;Prunus serrulata 'Amanogawa';Japanische Säulenkirsche;P105;taxonomischer_rang;Cultivar;
Q5821037;Prunus serrulata 'Amanogawa';Japanische Säulenkirsche;P138;benannt_nach;Amano River;
Q5821037;Prunus serrulata 'Amanogawa';Japanische Säulenkirsche;P171;uebergeordnetes_taxon;Japanische Blütenkirsche;
Q5821037;Prunus serrulata 'Amanogawa';Japanische Säulenkirsche;P18;bild;http://commons.wikimedia.org/wiki/Special:FilePath/Prunus%20Amanogawa%20zoom-in.jpg;
Q5821037;Prunus serrulata 'Amanogawa';Japanische Säulenkirsche;P225;wissenschaftlicher_name;Prunus serrulata 'Amanogawa';
Q5821037;Prunus serrulata 'Amanogawa';Japanische Säulenkirsche;P31;ist_eine;Taxon;
Q161250;Gleditsia triacanthos;Gleditsie;P105;taxonomischer_rang;Gattung;
Q161250;Gleditsia triacanthos;Gleditsie;P138;benannt_nach;Johann Gottlieb Gleditsch;
Q161250;Gleditsia triacanthos;Gleditsie;P171;uebergeordnetes_taxon;Gleditsieae;
Q161250;Gleditsia triacanthos;Gleditsie;P18;bild;http://commons.wikimedia.org/wiki/Special:FilePath/Gleditsia%20triacanthos01.JPEG;
Q161250;Gleditsia triacanthos;Gleditsie;P225;wissenschaftlicher_name;Gleditsia;
Q161250;Gleditsia triacanthos;Gleditsie;P279;unterklasse_von;Baum;
Q161250;Gleditsia triacanthos;Gleditsie;P31;ist_eine;Taxon;
Q128116;Picea glauka;kanadische Fichte;P105;taxonomischer_rang;Art;
Q128116;Picea glauka;kanadische Fichte;P141;gefaehrdungsstufe_iucn;nicht gefährdet;
Q128116;Picea glauka;kanadische Fichte;P1672;ursprung_von;Weißfichtenholz;
Q128116;Picea glauka;kanadische Fichte;P171;uebergeordnetes_taxon;Fichten;
Q128116;Picea glauka;kanadische Fichte;P18;bild;http://commons.wikimedia.org/wiki/Special:FilePath/Picea%20glauca%20Fairbanks.jpg;
Q128116;Picea glauka;kanadische Fichte;P18;bild;http://commons.wikimedia.org/wiki/Special:FilePath/White%20Spruce%20%28Picea%20glauca%29%20-%20Lark%20Harbour%2C%20Newfoundland%202019-08-18.jpg;
Q128116;Picea glauka;kanadische Fichte;P181;verbreitungskarte_des_taxons;http://commons.wikimedia.org/wiki/Special:FilePath/Picea%20glauca%20levila.PNG;
Q128116;Picea glauka;kanadische Fichte;P225;wissenschaftlicher_name;Picea glauca;
Q128116;Picea glauka;kanadische Fichte;P31;ist_eine;Taxon;
Q128116;Picea glauka;kanadische Fichte;P3648;natureserve_conservation_status;secure;
Q128116;Picea glauka;kanadische Fichte;P4214;hoechste_beobachtete_lebensdauer;668.0;
Q128116;Picea glauka;kanadische Fichte;P566;basionym;Pinus glauca;
Q128116;Picea glauka;kanadische Fichte;P8193;winterhaerte_der_pflanze;2;
Q157230;Pinus strobus;Weymouthskiefer;P105;taxonomischer_rang;Art;
Q157230;Pinus strobus;Weymouthskiefer;P141;gefaehrdungsstufe_iucn;nicht gefährdet;
Q157230;Pinus strobus;Weymouthskiefer;P1672;ursprung_von;eastern white pine;
Q157230;Pinus strobus;Weymouthskiefer;P171;uebergeordnetes_taxon;Kiefern;
Q157230;Pinus strobus;Weymouthskiefer;P171;uebergeordnetes_taxon;Pinus sect. Strobus;
Q157230;Pinus strobus;Weymouthskiefer;P18;bild;http://commons.wikimedia.org/wiki/Special:FilePath/Eastern%20White%20Pine%20%28Pinus%20strobus%29%20-%20Killarney%2C%20Ontario%2001.jpg;
Q157230;Pinus strobus;Weymouthskiefer;P18;bild;http://commons.wikimedia.org/wiki/Special:FilePath/Pinus%20strobus%20Cone.jpg;
Q157230;Pinus strobus;Weymouthskiefer;P225;wissenschaftlicher_name;Pinus strobus;
Q157230;Pinus strobus;Weymouthskiefer;P31;ist_eine;Taxon;
Q157230;Pinus strobus;Weymouthskiefer;P3648;natureserve_conservation_status;secure;
Q157230;Pinus strobus;Weymouthskiefer;P8193;winterhaerte_der_pflanze;4;
Q157230;Pinus strobus;Weymouthskiefer;P9714;verbreitungsgebiet;Fujian;
Q157230;Pinus strobus;Weymouthskiefer;P9714;verbreitungsgebiet;Peking;
Q157230;Pinus strobus;Weymouthskiefer;P9714;verbreitungsgebiet;Volksrepublik China;
Q334697;Davidia involukrata;Taschentuchbaum;P105;taxonomischer_rang;Art;
Q334697;Davidia involukrata;Taschentuchbaum;P10906;foliage_type;laubabwerfend;
Q334697;Davidia involukrata;Taschentuchbaum;P1420;taxonomische_synonyme;Davidia involucrata var. vilmoriniana;
Q334697;Davidia involukrata;Taschentuchbaum;P171;uebergeordnetes_taxon;Davidia;
Q334697;Davidia involukrata;Taschentuchbaum;P18;bild;http://commons.wikimedia.org/wiki/Special:FilePath/Davidia%20involucrata%20flowering%20branch.jpg;
Q334697;Davidia involukrata;Taschentuchbaum;P18;bild;http://commons.wikimedia.org/wiki/Special:FilePath/Davidia1.jpg;
Q334697;Davidia involukrata;Taschentuchbaum;P225;wissenschaftlicher_name;Davidia involucrata;
Q334697;Davidia involukrata;Taschentuchbaum;P31;ist_eine;Taxon;
Q334697;Davidia involukrata;Taschentuchbaum;P366;verwendung;Heilpflanze;
Q334697;Davidia involukrata;Taschentuchbaum;P366;verwendung;Holz;
Q334697;Davidia involukrata;Taschentuchbaum;P4000;fruchttyp;Steinfrucht;
Q110766967;Gleditsia triacanthos 'Sunburst';Gleditschie 'Sunburst';P105;taxonomischer_rang;Cultivar;
Q110766967;Gleditsia triacanthos 'Sunburst';Gleditschie 'Sunburst';P171;uebergeordnetes_taxon;Amerikanische Gleditschie;
Q110766967;Gleditsia triacanthos 'Sunburst';Gleditschie 'Sunburst';P225;wissenschaftlicher_name;Gleditsia triacanthos 'Sunburst';
Q110766967;Gleditsia triacanthos 'Sunburst';Gleditschie 'Sunburst';P31;ist_eine;Taxon;
Q269224;Acer palmatum;Fächer-Ahorn;P105;taxonomischer_rang;Art;
Q269224;Acer palmatum;Fächer-Ahorn;P10906;foliage_type;laubabwerfend;
Q269224;Acer palmatum;Fächer-Ahorn;P141;gefaehrdungsstufe_iucn;nicht gefährdet;
Q269224;Acer palmatum;Fächer-Ahorn;P171;uebergeordnetes_taxon;Ahorn;
Q269224;Acer palmatum;Fächer-Ahorn;P18;bild;http://commons.wikimedia.org/wiki/Special:FilePath/Acer%20palmatum0.jpg;
Q269224;Acer palmatum;Fächer-Ahorn;P225;wissenschaftlicher_name;Acer palmatum;
Q269224;Acer palmatum;Fächer-Ahorn;P31;ist_eine;Taxon;
Q269224;Acer palmatum;Fächer-Ahorn;P366;verwendung;Heilpflanze;
Q269224;Acer palmatum;Fächer-Ahorn;P4000;fruchttyp;Flügelnuss;
Q269224;Acer palmatum;Fächer-Ahorn;P9714;verbreitungsgebiet;Guangdong;
Q269224;Acer palmatum;Fächer-Ahorn;P9714;verbreitungsgebiet;Peking;
Q269224;Acer palmatum;Fächer-Ahorn;P9714;verbreitungsgebiet;Volksrepublik China;
Q36050;Salix species;Weide;P105;taxonomischer_rang;Gattung;
Q36050;Salix species;Weide;P13177;homonymous_taxon;Salix;
Q36050;Salix species;Weide;P1672;ursprung_von;Weidenholz;
Q36050;Salix species;Weide;P1672;ursprung_von;willow;
Q36050;Salix species;Weide;P171;uebergeordnetes_taxon;Weidengewächse;
Q36050;Salix species;Weide;P18;bild;http://commons.wikimedia.org/wiki/Special:FilePath/Illustration%20Salix%20alba0.jpg;
Q36050;Salix species;Weide;P18;bild;http://commons.wikimedia.org/wiki/Special:FilePath/Salix%20alba%20Morton.jpg;
Q36050;Salix species;Weide;P18;bild;http://commons.wikimedia.org/wiki/Special:FilePath/Willow.jpg;
Q36050;Salix species;Weide;P225;wissenschaftlicher_name;Salix;
Q36050;Salix species;Weide;P279;unterklasse_von;Baum;
Q36050;Salix species;Weide;P31;ist_eine;Taxon;
Q36050;Salix species;Weide;P366;verwendung;Weide;
Q36050;Salix species;Weide;P4000;fruchttyp;Kapselfrucht;
Q36050;Salix species;Weide;P427;nomenklatorischer_typ;Silber-Weide;
Q1510231;Betula nigra;Schwarz-Birke;P105;taxonomischer_rang;Art;
Q1510231;Betula nigra;Schwarz-Birke;P10906;foliage_type;laubabwerfend;
Q1510231;Betula nigra;Schwarz-Birke;P13162;referenzabbildung;http://commons.wikimedia.org/wiki/Special:FilePath/Herbier%20Colorie%20de%20l%27Amerique%20%2845121603234%29.jpg;
Q1510231;Betula nigra;Schwarz-Birke;P141;gefaehrdungsstufe_iucn;nicht gefährdet;
Q1510231;Betula nigra;Schwarz-Birke;P1672;ursprung_von;river birch;
Q1510231;Betula nigra;Schwarz-Birke;P171;uebergeordnetes_taxon;Birken;
Q1510231;Betula nigra;Schwarz-Birke;P18;bild;http://commons.wikimedia.org/wiki/Special:FilePath/Bergpark%20Wilhelmsh%C3%B6he%20-%20Baum%20420%202019-12-19%20d.JPG;
Q1510231;Betula nigra;Schwarz-Birke;P181;verbreitungskarte_des_taxons;http://commons.wikimedia.org/wiki/Special:FilePath/Betula%20nigra%20map.png;
Q1510231;Betula nigra;Schwarz-Birke;P225;wissenschaftlicher_name;Betula nigra;
Q1510231;Betula nigra;Schwarz-Birke;P31;ist_eine;Taxon;
Q1510231;Betula nigra;Schwarz-Birke;P3648;natureserve_conservation_status;secure;
Q1510231;Betula nigra;Schwarz-Birke;P4000;fruchttyp;Nüsschen;
Q1510231;Betula nigra;Schwarz-Birke;P8193;winterhaerte_der_pflanze;4;
Q942409;Magnolia kobus;Kobushi-Magnolie;P105;taxonomischer_rang;Art;
Q942409;Magnolia kobus;Kobushi-Magnolie;P10906;foliage_type;laubabwerfend;
Q942409;Magnolia kobus;Kobushi-Magnolie;P13162;referenzabbildung;http://commons.wikimedia.org/wiki/Special:FilePath/Addisonia%20%28PLATE%20108%29%20%288591362389%29.jpg;
Q942409;Magnolia kobus;Kobushi-Magnolie;P13162;referenzabbildung;http://commons.wikimedia.org/wiki/Special:FilePath/Magnolia%20kobus%20138-8428.jpg;
Q942409;Magnolia kobus;Kobushi-Magnolie;P141;gefaehrdungsstufe_iucn;keine ausreichenden Daten;
Q942409;Magnolia kobus;Kobushi-Magnolie;P1672;ursprung_von;Magnoliae Flos;
Q942409;Magnolia kobus;Kobushi-Magnolie;P171;uebergeordnetes_taxon;Magnolien;
Q942409;Magnolia kobus;Kobushi-Magnolie;P18;bild;http://commons.wikimedia.org/wiki/Special:FilePath/Magnolia%20kobus%20borealis.jpg;
Q942409;Magnolia kobus;Kobushi-Magnolie;P225;wissenschaftlicher_name;Magnolia kobus;
Q942409;Magnolia kobus;Kobushi-Magnolie;P31;ist_eine;Taxon;
Q942409;Magnolia kobus;Kobushi-Magnolie;P4000;fruchttyp;Balgfrucht;
Q158301;Acer saccharinum 'Wieri';Sorte vom Silber-Ahorn;P105;taxonomischer_rang;Art;
Q158301;Acer saccharinum 'Wieri';Sorte vom Silber-Ahorn;P10906;foliage_type;laubabwerfend;
Q158301;Acer saccharinum 'Wieri';Sorte vom Silber-Ahorn;P141;gefaehrdungsstufe_iucn;nicht gefährdet;
Q158301;Acer saccharinum 'Wieri';Sorte vom Silber-Ahorn;P171;uebergeordnetes_taxon;Ahorn;
Q158301;Acer saccharinum 'Wieri';Sorte vom Silber-Ahorn;P18;bild;http://commons.wikimedia.org/wiki/Special:FilePath/Acer%20saccharinum%20Grimes%20Farm%201.jpg;
Q158301;Acer saccharinum 'Wieri';Sorte vom Silber-Ahorn;P18;bild;http://commons.wikimedia.org/wiki/Special:FilePath/Silver%20maple%20flowers%20%28Canal%20Dr%29.JPG;
Q158301;Acer saccharinum 'Wieri';Sorte vom Silber-Ahorn;P181;verbreitungskarte_des_taxons;http://commons.wikimedia.org/wiki/Special:FilePath/Acer%20saccharinum%20range%20map.svg;
Q158301;Acer saccharinum 'Wieri';Sorte vom Silber-Ahorn;P225;wissenschaftlicher_name;Acer saccharinum;
Q158301;Acer saccharinum 'Wieri';Sorte vom Silber-Ahorn;P2827;bluetenfarbe;Gelb;
Q158301;Acer saccharinum 'Wieri';Sorte vom Silber-Ahorn;P2827;bluetenfarbe;Grün;
Q158301;Acer saccharinum 'Wieri';Sorte vom Silber-Ahorn;P31;ist_eine;Taxon;
Q158301;Acer saccharinum 'Wieri';Sorte vom Silber-Ahorn;P3648;natureserve_conservation_status;secure;
Q158301;Acer saccharinum 'Wieri';Sorte vom Silber-Ahorn;P3739;bluetenstand;Schirmtraube;
Q857075;Quercus frainetto;Ungarische Eiche;P105;taxonomischer_rang;Art;
Q857075;Quercus frainetto;Ungarische Eiche;P10906;foliage_type;laubabwerfend;
Q857075;Quercus frainetto;Ungarische Eiche;P12616;leaf_morphology;lobate leaf edge;
Q857075;Quercus frainetto;Ungarische Eiche;P12616;leaf_morphology;obovate leaf blade;
Q857075;Quercus frainetto;Ungarische Eiche;P12616;leaf_morphology;petiolate leaf;
Q857075;Quercus frainetto;Ungarische Eiche;P141;gefaehrdungsstufe_iucn;nicht gefährdet;
Q857075;Quercus frainetto;Ungarische Eiche;P171;uebergeordnetes_taxon;Eichen;
Q857075;Quercus frainetto;Ungarische Eiche;P18;bild;http://commons.wikimedia.org/wiki/Special:FilePath/Quercus%20frainetto%20kew1.jpg;
Q857075;Quercus frainetto;Ungarische Eiche;P225;wissenschaftlicher_name;Quercus frainetto;
Q857075;Quercus frainetto;Ungarische Eiche;P31;ist_eine;Taxon;
Q857075;Quercus frainetto;Ungarische Eiche;P8193;winterhaerte_der_pflanze;USDA-Klimazone 6;
Q110765992;Acer platanoides 'Faassen's Black';Schwarzblättriger-Ahorn;P105;taxonomischer_rang;Cultivar;
Q110765992;Acer platanoides 'Faassen's Black';Schwarzblättriger-Ahorn;P171;uebergeordnetes_taxon;Spitzahorn;
Q110765992;Acer platanoides 'Faassen's Black';Schwarzblättriger-Ahorn;P225;wissenschaftlicher_name;Acer platanoides ʽFaassen's Black’;
Q110765992;Acer platanoides 'Faassen's Black';Schwarzblättriger-Ahorn;P31;ist_eine;Cultivar;
Q110765992;Acer platanoides 'Faassen's Black';Schwarzblättriger-Ahorn;P31;ist_eine;Taxon;
Q147388;Cryptomeria japonica;Sicheltanne;P105;taxonomischer_rang;Art;
Q147388;Cryptomeria japonica;Sicheltanne;P10906;foliage_type;Immergrüne Pflanze;
Q147388;Cryptomeria japonica;Sicheltanne;P141;gefaehrdungsstufe_iucn;potenziell gefährdet;
Q147388;Cryptomeria japonica;Sicheltanne;P1672;ursprung_von;Japanisches Zedernholz;
Q147388;Cryptomeria japonica;Sicheltanne;P1672;ursprung_von;nezukol;
Q147388;Cryptomeria japonica;Sicheltanne;P171;uebergeordnetes_taxon;Cryptomeria;
Q147388;Cryptomeria japonica;Sicheltanne;P18;bild;http://commons.wikimedia.org/wiki/Special:FilePath/Jhomonsugi%20in%20Yaku%20Island%20Japan%20001.JPG;
Q147388;Cryptomeria japonica;Sicheltanne;P225;wissenschaftlicher_name;Cryptomeria japonica;
Q147388;Cryptomeria japonica;Sicheltanne;P31;ist_eine;Taxon;
Q147388;Cryptomeria japonica;Sicheltanne;P366;verwendung;Aufforstung;
Q147388;Cryptomeria japonica;Sicheltanne;P366;verwendung;Baustoff;
Q147388;Cryptomeria japonica;Sicheltanne;P366;verwendung;Heilpflanze;
Q147388;Cryptomeria japonica;Sicheltanne;P566;basionym;Cupressus japonica;
Q147388;Cryptomeria japonica;Sicheltanne;P9714;verbreitungsgebiet;Fujian;
Q147388;Cryptomeria japonica;Sicheltanne;P9714;verbreitungsgebiet;Guangdong;
Q147388;Cryptomeria japonica;Sicheltanne;P9714;verbreitungsgebiet;Volksrepublik China;
Q161388;Acer monspessulanum;Französischer Ahorn;P105;taxonomischer_rang;Art;
Q161388;Acer monspessulanum;Französischer Ahorn;P10906;foliage_type;laubabwerfend;
Q161388;Acer monspessulanum;Französischer Ahorn;P13162;referenzabbildung;http://commons.wikimedia.org/wiki/Special:FilePath/Afbeeldingen%20der%20fraaiste%2C%20meest%20uitheemsche%20boomen%20en%20heesters%20%28Plate%20114%29%20%287899833456%29.jpg;
Q161388;Acer monspessulanum;Französischer Ahorn;P141;gefaehrdungsstufe_iucn;nicht gefährdet;
Q161388;Acer monspessulanum;Französischer Ahorn;P171;uebergeordnetes_taxon;Ahorn;
Q161388;Acer monspessulanum;Französischer Ahorn;P18;bild;http://commons.wikimedia.org/wiki/Special:FilePath/Acer%20monspessulanum%20fg02.jpg;
Q161388;Acer monspessulanum;Französischer Ahorn;P18;bild;http://commons.wikimedia.org/wiki/Special:FilePath/Dettaglio%20-%20Aceraceae%20Acer%20monspessulanum%20Lin.%20Erbario%20Frizzi%20n.%20620.jpg;
Q161388;Acer monspessulanum;Französischer Ahorn;P181;verbreitungskarte_des_taxons;http://commons.wikimedia.org/wiki/Special:FilePath/Acer%20monspessulanum%20range.svg;
Q161388;Acer monspessulanum;Französischer Ahorn;P225;wissenschaftlicher_name;Acer monspessulanum;
Q161388;Acer monspessulanum;Französischer Ahorn;P31;ist_eine;Taxon;
Q161388;Acer monspessulanum;Französischer Ahorn;P3739;bluetenstand;Schirmtraube;
Q161388;Acer monspessulanum;Französischer Ahorn;P3739;bluetenstand;pendulous infloresence;
Q161388;Acer monspessulanum;Französischer Ahorn;P4000;fruchttyp;Flügelnuss;
Q161388;Acer monspessulanum;Französischer Ahorn;P5230;chromosomenzahl;26.0;
Q42292;Acer species;Ahorn;P105;taxonomischer_rang;Gattung;
Q42292;Acer species;Ahorn;P1282;openstreetmap_attribut;genus=Acer;
Q42292;Acer species;Ahorn;P1672;ursprung_von;Ahornholz;
Q42292;Acer species;Ahorn;P1672;ursprung_von;Vogelaugenahorn;
Q42292;Acer species;Ahorn;P1672;ursprung_von;maple sap;
Q42292;Acer species;Ahorn;P1672;ursprung_von;soft maple;
Q42292;Acer species;Ahorn;P171;uebergeordnetes_taxon;Rosskastaniengewächse;
Q42292;Acer species;Ahorn;P18;bild;http://commons.wikimedia.org/wiki/Special:FilePath/Acer%20campestre%20Sturm07018.jpg;
Q42292;Acer species;Ahorn;P18;bild;http://commons.wikimedia.org/wiki/Special:FilePath/Acer%20pseudoplatanus%20002.jpg;
Q42292;Acer species;Ahorn;P18;bild;http://commons.wikimedia.org/wiki/Special:FilePath/Acer%20saccharum%20leaves.jpg;
Q42292;Acer species;Ahorn;P18;bild;http://commons.wikimedia.org/wiki/Special:FilePath/Silber-Ahorn%20%28Acer%20saccharinum%29.jpg;
Q42292;Acer species;Ahorn;P181;verbreitungskarte_des_taxons;http://commons.wikimedia.org/wiki/Special:FilePath/Map%20genus%20Acer.png;
Q42292;Acer species;Ahorn;P225;wissenschaftlicher_name;Acer;
Q42292;Acer species;Ahorn;P2713;schnittansicht;http://commons.wikimedia.org/wiki/Special:FilePath/Klon%2C%20przekr%C3%B3j%20przez%20ogonek%20li%C5%9Bciowy.jpg;
Q42292;Acer species;Ahorn;P279;unterklasse_von;Laubbaum;
Q42292;Acer species;Ahorn;P31;ist_eine;Taxon;
Q146992;Abies alba;Weiß-Tanne;P105;taxonomischer_rang;Art;
Q146992;Abies alba;Weiß-Tanne;P141;gefaehrdungsstufe_iucn;nicht gefährdet;
Q146992;Abies alba;Weiß-Tanne;P1672;ursprung_von;Holz der Weiß-Tanne;
Q146992;Abies alba;Weiß-Tanne;P1672;ursprung_von;silver fir oil;
Q146992;Abies alba;Weiß-Tanne;P171;uebergeordnetes_taxon;Tannen;
Q146992;Abies alba;Weiß-Tanne;P18;bild;http://commons.wikimedia.org/wiki/Special:FilePath/Abies%20alba%20-%20K%C3%B6hler%E2%80%93s%20Medizinal-Pflanzen-001.jpg;
Q146992;Abies alba;Weiß-Tanne;P18;bild;http://commons.wikimedia.org/wiki/Special:FilePath/Abies%20alba%20P26.jpg;
Q146992;Abies alba;Weiß-Tanne;P18;bild;http://commons.wikimedia.org/wiki/Special:FilePath/Abies%20alba%20Pyrenees-Orientales.jpg;
Q146992;Abies alba;Weiß-Tanne;P181;verbreitungskarte_des_taxons;http://commons.wikimedia.org/wiki/Special:FilePath/Abies%20alba%20range.svg;
Q146992;Abies alba;Weiß-Tanne;P225;wissenschaftlicher_name;Abies alba;
Q146992;Abies alba;Weiß-Tanne;P31;ist_eine;Taxon;
Q146992;Abies alba;Weiß-Tanne;P4214;hoechste_beobachtete_lebensdauer;475.0;
Q1145286;Picea orientalis;Orient-Fichte;P105;taxonomischer_rang;Art;
Q1145286;Picea orientalis;Orient-Fichte;P141;gefaehrdungsstufe_iucn;nicht gefährdet;
Q1145286;Picea orientalis;Orient-Fichte;P171;uebergeordnetes_taxon;Fichten;
Q1145286;Picea orientalis;Orient-Fichte;P18;bild;http://commons.wikimedia.org/wiki/Special:FilePath/Do%C4%9Fu%20ladini-1.jpg;
Q1145286;Picea orientalis;Orient-Fichte;P18;bild;http://commons.wikimedia.org/wiki/Special:FilePath/Higland%20K%C3%BCmbet%20-%20K%C3%BCmbet%20Yaylas%C4%B1%2C%20Giresun%202019-27.jpg;
Q1145286;Picea orientalis;Orient-Fichte;P181;verbreitungskarte_des_taxons;http://commons.wikimedia.org/wiki/Special:FilePath/Picea%20orientalis%20range.svg;
Q1145286;Picea orientalis;Orient-Fichte;P225;wissenschaftlicher_name;Picea orientalis;
Q1145286;Picea orientalis;Orient-Fichte;P31;ist_eine;Taxon;
Q1145286;Picea orientalis;Orient-Fichte;P566;basionym;Pinus orientalis;
Q147417;Thuja plicata;Riesen-Lebensbaum;P105;taxonomischer_rang;Art;
Q147417;Thuja plicata;Riesen-Lebensbaum;P10906;foliage_type;Immergrüne Pflanze;
Q147417;Thuja plicata;Riesen-Lebensbaum;P141;gefaehrdungsstufe_iucn;nicht gefährdet;
Q147417;Thuja plicata;Riesen-Lebensbaum;P1672;ursprung_von;western redcedar;
Q147417;Thuja plicata;Riesen-Lebensbaum;P171;uebergeordnetes_taxon;Lebensbäume;
Q147417;Thuja plicata;Riesen-Lebensbaum;P18;bild;http://commons.wikimedia.org/wiki/Special:FilePath/Thuja%20plicata%20Vancouver.jpg;
Q147417;Thuja plicata;Riesen-Lebensbaum;P181;verbreitungskarte_des_taxons;http://commons.wikimedia.org/wiki/Special:FilePath/Thuja%20plicata%20range.png;
Q147417;Thuja plicata;Riesen-Lebensbaum;P225;wissenschaftlicher_name;Thuja plicata;
Q147417;Thuja plicata;Riesen-Lebensbaum;P31;ist_eine;Taxon;
Q147417;Thuja plicata;Riesen-Lebensbaum;P3648;natureserve_conservation_status;secure;
Q47161;Malus sylvestris;Holz-Apfel;P105;taxonomischer_rang;Art;
Q47161;Malus sylvestris;Holz-Apfel;P10906;foliage_type;laubabwerfend;
Q47161;Malus sylvestris;Holz-Apfel;P141;gefaehrdungsstufe_iucn;keine ausreichenden Daten;
Q47161;Malus sylvestris;Holz-Apfel;P171;uebergeordnetes_taxon;Äpfel;
Q47161;Malus sylvestris;Holz-Apfel;P18;bild;http://commons.wikimedia.org/wiki/Special:FilePath/Cleaned-Illustration%20Malus%20domestica.jpg;
Q47161;Malus sylvestris;Holz-Apfel;P18;bild;http://commons.wikimedia.org/wiki/Special:FilePath/Malus%20sylvestris%20%28villeple%29%20tre.jpg;
Q47161;Malus sylvestris;Holz-Apfel;P18;bild;http://commons.wikimedia.org/wiki/Special:FilePath/Metsounapuu1103.JPG;
Q47161;Malus sylvestris;Holz-Apfel;P225;wissenschaftlicher_name;Malus sylvestris;
Q47161;Malus sylvestris;Holz-Apfel;P31;ist_eine;Heilpflanze;
Q47161;Malus sylvestris;Holz-Apfel;P31;ist_eine;Taxon;
Q47161;Malus sylvestris;Holz-Apfel;P3648;natureserve_conservation_status;secure;
Q47161;Malus sylvestris;Holz-Apfel;P566;basionym;Pyrus malus var. sylvestris;
Q47161;Malus sylvestris;Holz-Apfel;P5841;gefaehrdungsstatus_in_der_rote_liste_der_gefaehrdeten_arten_der_tschechischen_republik;data deficient;
Q156895;Betula pendula 'Tristis';Hängebirke;P105;taxonomischer_rang;Art;
Q156895;Betula pendula 'Tristis';Hängebirke;P10906;foliage_type;laubabwerfend;
Q156895;Betula pendula 'Tristis';Hängebirke;P141;gefaehrdungsstufe_iucn;nicht gefährdet;
Q156895;Betula pendula 'Tristis';Hängebirke;P1672;ursprung_von;Birkenblätter;
Q156895;Betula pendula 'Tristis';Hängebirke;P1672;ursprung_von;silver birch;
Q156895;Betula pendula 'Tristis';Hängebirke;P171;uebergeordnetes_taxon;Birken;
Q156895;Betula pendula 'Tristis';Hängebirke;P18;bild;http://commons.wikimedia.org/wiki/Special:FilePath/Betula%20pendula%20Finland.jpg;
Q156895;Betula pendula 'Tristis';Hängebirke;P18;bild;http://commons.wikimedia.org/wiki/Special:FilePath/Betula%20pendula%20in%20Sedovo%201.jpg;
Q156895;Betula pendula 'Tristis';Hängebirke;P18;bild;http://commons.wikimedia.org/wiki/Special:FilePath/Illustration%20Betula%20pendula0.jpg;
Q156895;Betula pendula 'Tristis';Hängebirke;P181;verbreitungskarte_des_taxons;http://commons.wikimedia.org/wiki/Special:FilePath/Betula%20pendula%20range.svg;
Q156895;Betula pendula 'Tristis';Hängebirke;P225;wissenschaftlicher_name;Betula pendula;
Q156895;Betula pendula 'Tristis';Hängebirke;P279;unterklasse_von;Nutzpflanze;
Q156895;Betula pendula 'Tristis';Hängebirke;P2827;bluetenfarbe;Hexadezimalsystem;
Q156895;Betula pendula 'Tristis';Hängebirke;P2827;bluetenfarbe;Hänge-Birke;
Q156895;Betula pendula 'Tristis';Hängebirke;P31;ist_eine;Taxon;
Q156895;Betula pendula 'Tristis';Hängebirke;P366;verwendung;Heilpflanze;
Q156895;Betula pendula 'Tristis';Hängebirke;P4000;fruchttyp;Nüsschen;
Q156895;Betula pendula 'Tristis';Hängebirke;P8193;winterhaerte_der_pflanze;2;
Q156895;Betula pendula 'Tristis';Hängebirke;P9714;verbreitungsgebiet;Xinjiang;
Q12004;Quercus species;Eiche;P105;taxonomischer_rang;Gattung;
Q12004;Quercus species;Eiche;P1282;openstreetmap_attribut;genus=Quercus;
Q12004;Quercus species;Eiche;P1420;taxonomische_synonyme;Erythrobalanus;
Q12004;Quercus species;Eiche;P1672;ursprung_von;Eichel;
Q12004;Quercus species;Eiche;P1672;ursprung_von;Eichenholz;
Q12004;Quercus species;Eiche;P1672;ursprung_von;Oak fragrance;
Q12004;Quercus species;Eiche;P1672;ursprung_von;flavine;
Q12004;Quercus species;Eiche;P1672;ursprung_von;oak buds;
Q12004;Quercus species;Eiche;P171;uebergeordnetes_taxon;Buchengewächse;
Q12004;Quercus species;Eiche;P18;bild;http://commons.wikimedia.org/wiki/Special:FilePath/FriedenseicheVon1815%20AltTucheband%20Juli2017.png;
Q12004;Quercus species;Eiche;P225;wissenschaftlicher_name;Quercus;
Q12004;Quercus species;Eiche;P279;unterklasse_von;Laubbaum;
Q12004;Quercus species;Eiche;P31;ist_eine;Taxon;
Q12004;Quercus species;Eiche;P366;verwendung;Eiche;
Q12004;Quercus species;Eiche;P427;nomenklatorischer_typ;Stieleiche;
Q12004;Quercus species;Eiche;P443;aussprache_audiodatei;http://commons.wikimedia.org/wiki/Special:FilePath/De-Eiche.ogg;
Q12004;Quercus species;Eiche;P443;aussprache_audiodatei;http://commons.wikimedia.org/wiki/Special:FilePath/Q12004-ar.ogg;
Q12004;Quercus species;Eiche;P5252;winteransicht;http://commons.wikimedia.org/wiki/Special:FilePath/Eiche%20winter.jpg;
Q1543689;Alnus cordata;Italienische Erle;P105;taxonomischer_rang;Art;
Q1543689;Alnus cordata;Italienische Erle;P10906;foliage_type;laubabwerfend;
Q1543689;Alnus cordata;Italienische Erle;P141;gefaehrdungsstufe_iucn;nicht gefährdet;
Q1543689;Alnus cordata;Italienische Erle;P171;uebergeordnetes_taxon;Erlen;
Q1543689;Alnus cordata;Italienische Erle;P18;bild;http://commons.wikimedia.org/wiki/Special:FilePath/Alnus%20cordata.jpg;
Q1543689;Alnus cordata;Italienische Erle;P225;wissenschaftlicher_name;Alnus cordata;
Q1543689;Alnus cordata;Italienische Erle;P31;ist_eine;Taxon;
Q1543689;Alnus cordata;Italienische Erle;P566;basionym;Betula cordata;
Q4673145;Acer campestre 'Elsrijk';Kegel-Feldahorn;P105;taxonomischer_rang;Cultivar;
Q4673145;Acer campestre 'Elsrijk';Kegel-Feldahorn;P171;uebergeordnetes_taxon;Feldahorn;
Q4673145;Acer campestre 'Elsrijk';Kegel-Feldahorn;P225;wissenschaftlicher_name;Acer campestre 'Elsrijk';
Q4673145;Acer campestre 'Elsrijk';Kegel-Feldahorn;P31;ist_eine;Taxon;
Q214733;Acer saccharum;Zucker-Ahorn;P105;taxonomischer_rang;Art;
Q214733;Acer saccharum;Zucker-Ahorn;P10906;foliage_type;laubabwerfend;
Q214733;Acer saccharum;Zucker-Ahorn;P141;gefaehrdungsstufe_iucn;nicht gefährdet;
Q214733;Acer saccharum;Zucker-Ahorn;P1672;ursprung_von;Ahornzucker;
Q214733;Acer saccharum;Zucker-Ahorn;P1672;ursprung_von;Vogelaugenahorn;
Q214733;Acer saccharum;Zucker-Ahorn;P1672;ursprung_von;hard maple;
Q214733;Acer saccharum;Zucker-Ahorn;P171;uebergeordnetes_taxon;Ahorn;
Q214733;Acer saccharum;Zucker-Ahorn;P18;bild;http://commons.wikimedia.org/wiki/Special:FilePath/Acer%20saccharum%20foliage.jpg;
Q214733;Acer saccharum;Zucker-Ahorn;P18;bild;http://commons.wikimedia.org/wiki/Special:FilePath/Acer%20saccharum.jpg;
Q214733;Acer saccharum;Zucker-Ahorn;P181;verbreitungskarte_des_taxons;http://commons.wikimedia.org/wiki/Special:FilePath/Acer%20saccharum.PNG;
Q214733;Acer saccharum;Zucker-Ahorn;P225;wissenschaftlicher_name;Acer saccharum;
Q214733;Acer saccharum;Zucker-Ahorn;P279;unterklasse_von;Nutzpflanze;
Q214733;Acer saccharum;Zucker-Ahorn;P2827;bluetenfarbe;Gelb;
Q214733;Acer saccharum;Zucker-Ahorn;P2827;bluetenfarbe;Grün;
Q214733;Acer saccharum;Zucker-Ahorn;P31;ist_eine;Taxon;
Q214733;Acer saccharum;Zucker-Ahorn;P3648;natureserve_conservation_status;secure;
Q214733;Acer saccharum;Zucker-Ahorn;P3739;bluetenstand;Schirmtraube;
Q214733;Acer saccharum;Zucker-Ahorn;P4000;fruchttyp;Flügelnuss;
Q214733;Acer saccharum;Zucker-Ahorn;P8193;winterhaerte_der_pflanze;3;
Q214733;Acer saccharum;Zucker-Ahorn;P9714;verbreitungsgebiet;Peking;
Q117085;Ilex x altaclarensis;Großblättrige Stechpalme;P105;taxonomischer_rang;Gattung;
Q117085;Ilex x altaclarensis;Großblättrige Stechpalme;P1672;ursprung_von;holly;
Q117085;Ilex x altaclarensis;Großblättrige Stechpalme;P171;uebergeordnetes_taxon;Stechpalmengewächse;
Q117085;Ilex x altaclarensis;Großblättrige Stechpalme;P18;bild;http://commons.wikimedia.org/wiki/Special:FilePath/Ilex%20paraguariensis%20-%20K%C3%B6hler%E2%80%93s%20Medizinal-Pflanzen-074.jpg;
Q117085;Ilex x altaclarensis;Großblättrige Stechpalme;P18;bild;http://commons.wikimedia.org/wiki/Special:FilePath/Ilex-aquifolium%20%28Europaeische%20Stechpalme-1%29.jpg;
Q117085;Ilex x altaclarensis;Großblättrige Stechpalme;P225;wissenschaftlicher_name;Ilex;
Q117085;Ilex x altaclarensis;Großblättrige Stechpalme;P279;unterklasse_von;Baum;
Q117085;Ilex x altaclarensis;Großblättrige Stechpalme;P31;ist_eine;Taxon;
Q117085;Ilex x altaclarensis;Großblättrige Stechpalme;P4000;fruchttyp;Steinfrucht;
Q117085;Ilex x altaclarensis;Großblättrige Stechpalme;P427;nomenklatorischer_typ;Europäische Stechpalme;
Q117085;Ilex x altaclarensis;Großblättrige Stechpalme;P443;aussprache_audiodatei;http://commons.wikimedia.org/wiki/Special:FilePath/De-Stechpalme.ogg;
Q917187;Chamaecyparis obtusa;Hinoki-Scheinzypresse;P105;taxonomischer_rang;Art;
Q917187;Chamaecyparis obtusa;Hinoki-Scheinzypresse;P141;gefaehrdungsstufe_iucn;potenziell gefährdet;
Q917187;Chamaecyparis obtusa;Hinoki-Scheinzypresse;P1420;taxonomische_synonyme;Retinospora obtusa;
Q917187;Chamaecyparis obtusa;Hinoki-Scheinzypresse;P1672;ursprung_von;hinoki wood;
Q917187;Chamaecyparis obtusa;Hinoki-Scheinzypresse;P171;uebergeordnetes_taxon;Scheinzypressen;
Q917187;Chamaecyparis obtusa;Hinoki-Scheinzypresse;P18;bild;http://commons.wikimedia.org/wiki/Special:FilePath/Chamaecyparis%20obtusa%2001.jpg;
Q917187;Chamaecyparis obtusa;Hinoki-Scheinzypresse;P18;bild;http://commons.wikimedia.org/wiki/Special:FilePath/Chamaecyparis%20obtusa%2002.jpg;
Q917187;Chamaecyparis obtusa;Hinoki-Scheinzypresse;P225;wissenschaftlicher_name;Chamaecyparis obtusa;
Q917187;Chamaecyparis obtusa;Hinoki-Scheinzypresse;P31;ist_eine;Taxon;
Q917187;Chamaecyparis obtusa;Hinoki-Scheinzypresse;P366;verwendung;Aufforstung;
Q917187;Chamaecyparis obtusa;Hinoki-Scheinzypresse;P366;verwendung;Holz;
Q917187;Chamaecyparis obtusa;Hinoki-Scheinzypresse;P4214;hoechste_beobachtete_lebensdauer;1101.0;
Q917187;Chamaecyparis obtusa;Hinoki-Scheinzypresse;P566;basionym;Retinispora obtusa;
Q917187;Chamaecyparis obtusa;Hinoki-Scheinzypresse;P9714;verbreitungsgebiet;Fujian;
Q917187;Chamaecyparis obtusa;Hinoki-Scheinzypresse;P9714;verbreitungsgebiet;Volksrepublik China;
Q26325;Juniperus communis;Gemeiner Wacholder;P105;taxonomischer_rang;Art;
Q26325;Juniperus communis;Gemeiner Wacholder;P141;gefaehrdungsstufe_iucn;nicht gefährdet;
Q26325;Juniperus communis;Gemeiner Wacholder;P1672;ursprung_von;Wacholderbeere;
Q26325;Juniperus communis;Gemeiner Wacholder;P1672;ursprung_von;Wacholderöl;
Q26325;Juniperus communis;Gemeiner Wacholder;P1672;ursprung_von;juniper wood;
Q26325;Juniperus communis;Gemeiner Wacholder;P1672;ursprung_von;smell of juniper berry;
Q26325;Juniperus communis;Gemeiner Wacholder;P171;uebergeordnetes_taxon;Juniperus sect. Juniperus;
Q26325;Juniperus communis;Gemeiner Wacholder;P18;bild;http://commons.wikimedia.org/wiki/Special:FilePath/Juniperus%20communis%20fruits%20-%20Keila.jpg;
Q26325;Juniperus communis;Gemeiner Wacholder;P181;verbreitungskarte_des_taxons;http://commons.wikimedia.org/wiki/Special:FilePath/Juniperus%20communis%20range%20map.png;
Q26325;Juniperus communis;Gemeiner Wacholder;P225;wissenschaftlicher_name;Juniperus communis;
Q26325;Juniperus communis;Gemeiner Wacholder;P279;unterklasse_von;Nutzpflanze;
Q26325;Juniperus communis;Gemeiner Wacholder;P31;ist_eine;Taxon;
Q26325;Juniperus communis;Gemeiner Wacholder;P3648;natureserve_conservation_status;secure;
Q26325;Juniperus communis;Gemeiner Wacholder;P366;verwendung;Gewürz;
Q26325;Juniperus communis;Gemeiner Wacholder;P366;verwendung;Heilpflanze;
Q26325;Juniperus communis;Gemeiner Wacholder;P366;verwendung;Parfümerie;
Q26325;Juniperus communis;Gemeiner Wacholder;P5252;winteransicht;http://commons.wikimedia.org/wiki/Special:FilePath/Juniperus%20communis%20-%20%D0%9A%D0%BE%D0%BD%D1%81%D1%82%D0%B0%D0%BD%D1%82%D0%B8%D0%BD%20%D0%A1%D0%B5%D0%BB%D0%B8%D0%B2%D1%91%D1%80%D1%81%D1%82%D0%BE%D0%B2%20-%20609437323.jpeg;
Q26325;Juniperus communis;Gemeiner Wacholder;P8193;winterhaerte_der_pflanze;2;
Q26325;Juniperus communis;Gemeiner Wacholder;P9714;verbreitungsgebiet;Volksrepublik China;
Q110765790;Fagus sylvatica 'Fastigata';Säulen-Buche;P105;taxonomischer_rang;Cultivar;
Q110765790;Fagus sylvatica 'Fastigata';Säulen-Buche;P171;uebergeordnetes_taxon;Rotbuche;
Q110765790;Fagus sylvatica 'Fastigata';Säulen-Buche;P225;wissenschaftlicher_name;Fagus sylvatica 'Fastigiata';
Q110765790;Fagus sylvatica 'Fastigata';Säulen-Buche;P31;ist_eine;Cultivar;
Q157960;Sorbus aria 'Magnifica';Sorte der Mehlbeere;P105;taxonomischer_rang;Art;
Q157960;Sorbus aria 'Magnifica';Sorte der Mehlbeere;P10906;foliage_type;laubabwerfend;
Q157960;Sorbus aria 'Magnifica';Sorte der Mehlbeere;P12763;taxonomisches_synonym_zu;Aria edulis;
Q157960;Sorbus aria 'Magnifica';Sorte der Mehlbeere;P141;gefaehrdungsstufe_iucn;nicht gefährdet;
Q157960;Sorbus aria 'Magnifica';Sorte der Mehlbeere;P1672;ursprung_von;Mehlbeere;
Q157960;Sorbus aria 'Magnifica';Sorte der Mehlbeere;P171;uebergeordnetes_taxon;Mehlbeeren;
Q157960;Sorbus aria 'Magnifica';Sorte der Mehlbeere;P18;bild;http://commons.wikimedia.org/wiki/Special:FilePath/Sorbus%20aria-3420.jpg;
Q157960;Sorbus aria 'Magnifica';Sorte der Mehlbeere;P18;bild;http://commons.wikimedia.org/wiki/Special:FilePath/Sorbus%20aria.jpg;
Q157960;Sorbus aria 'Magnifica';Sorte der Mehlbeere;P181;verbreitungskarte_des_taxons;http://commons.wikimedia.org/wiki/Special:FilePath/Sorbus%20aria%20range.svg;
Q157960;Sorbus aria 'Magnifica';Sorte der Mehlbeere;P225;wissenschaftlicher_name;Sorbus aria;
Q157960;Sorbus aria 'Magnifica';Sorte der Mehlbeere;P31;ist_eine;Taxon;
Q157960;Sorbus aria 'Magnifica';Sorte der Mehlbeere;P566;basionym;Crataegus aria;
Q157960;Sorbus aria 'Magnifica';Sorte der Mehlbeere;P5841;gefaehrdungsstatus_in_der_rote_liste_der_gefaehrdeten_arten_der_tschechischen_republik;gefährdet;
Q165145;Quercus robur 'Fastigiata Aurea';Sorte der Stieleiche;P105;taxonomischer_rang;Art;
Q165145;Quercus robur 'Fastigiata Aurea';Sorte der Stieleiche;P10906;foliage_type;laubabwerfend;
Q165145;Quercus robur 'Fastigiata Aurea';Sorte der Stieleiche;P12616;leaf_morphology;lobate leaf blade;
Q165145;Quercus robur 'Fastigiata Aurea';Sorte der Stieleiche;P12616;leaf_morphology;lobate leaf edge;
Q165145;Quercus robur 'Fastigiata Aurea';Sorte der Stieleiche;P12616;leaf_morphology;obovate leaf blade;
Q165145;Quercus robur 'Fastigiata Aurea';Sorte der Stieleiche;P12616;leaf_morphology;sitzendes Blatt;
Q165145;Quercus robur 'Fastigiata Aurea';Sorte der Stieleiche;P13478;nomenklatorischer_typ_von;Eichen;
Q165145;Quercus robur 'Fastigiata Aurea';Sorte der Stieleiche;P141;gefaehrdungsstufe_iucn;nicht gefährdet;
Q165145;Quercus robur 'Fastigiata Aurea';Sorte der Stieleiche;P1420;taxonomische_synonyme;Quercus longaeva;
Q165145;Quercus robur 'Fastigiata Aurea';Sorte der Stieleiche;P1672;ursprung_von;Eichel;
Q165145;Quercus robur 'Fastigiata Aurea';Sorte der Stieleiche;P1672;ursprung_von;oakwood from Quercus robur;
Q165145;Quercus robur 'Fastigiata Aurea';Sorte der Stieleiche;P171;uebergeordnetes_taxon;Eichen;
Q165145;Quercus robur 'Fastigiata Aurea';Sorte der Stieleiche;P18;bild;http://commons.wikimedia.org/wiki/Special:FilePath/Paprastasis%20azuolas.JPG;
Q165145;Quercus robur 'Fastigiata Aurea';Sorte der Stieleiche;P181;verbreitungskarte_des_taxons;http://commons.wikimedia.org/wiki/Special:FilePath/Quercus%20robur%20range.svg;
Q165145;Quercus robur 'Fastigiata Aurea';Sorte der Stieleiche;P225;wissenschaftlicher_name;Quercus robur;
Q165145;Quercus robur 'Fastigiata Aurea';Sorte der Stieleiche;P279;unterklasse_von;Eichen;
Q165145;Quercus robur 'Fastigiata Aurea';Sorte der Stieleiche;P31;ist_eine;Heilpflanze;
Q165145;Quercus robur 'Fastigiata Aurea';Sorte der Stieleiche;P31;ist_eine;Taxon;
Q165145;Quercus robur 'Fastigiata Aurea';Sorte der Stieleiche;P4000;fruchttyp;Nussfrucht;
Q165145;Quercus robur 'Fastigiata Aurea';Sorte der Stieleiche;P4214;hoechste_beobachtete_lebensdauer;930.0;
Q165145;Quercus robur 'Fastigiata Aurea';Sorte der Stieleiche;P5252;winteransicht;http://commons.wikimedia.org/wiki/Special:FilePath/Quercus%20robur%20-%20Stanislav%20Murashkin%20-%20606130821.jpeg;
Q165145;Quercus robur 'Fastigiata Aurea';Sorte der Stieleiche;P8193;winterhaerte_der_pflanze;5;
Q165145;Quercus robur 'Fastigiata Aurea';Sorte der Stieleiche;P9714;verbreitungsgebiet;Volksrepublik China;
Q203985;Acer griseum;Zimt-Ahorn;P105;taxonomischer_rang;Art;
Q203985;Acer griseum;Zimt-Ahorn;P10906;foliage_type;laubabwerfend;
Q203985;Acer griseum;Zimt-Ahorn;P141;gefaehrdungsstufe_iucn;gefährdete Tierarten;
Q203985;Acer griseum;Zimt-Ahorn;P171;uebergeordnetes_taxon;Ahorn;
Q203985;Acer griseum;Zimt-Ahorn;P18;bild;http://commons.wikimedia.org/wiki/Special:FilePath/Acer%20griseum%20Morton%20836-58-7.jpg;
Q203985;Acer griseum;Zimt-Ahorn;P225;wissenschaftlicher_name;Acer griseum;
Q203985;Acer griseum;Zimt-Ahorn;P31;ist_eine;Taxon;
Q203985;Acer griseum;Zimt-Ahorn;P3739;bluetenstand;Schirmtraube;
Q203985;Acer griseum;Zimt-Ahorn;P3739;bluetenstand;pendulous infloresence;
Q203985;Acer griseum;Zimt-Ahorn;P4000;fruchttyp;Flügelnuss;
Q203985;Acer griseum;Zimt-Ahorn;P566;basionym;Acer nikoense var. griseum;
Q203985;Acer griseum;Zimt-Ahorn;P8193;winterhaerte_der_pflanze;4;
Q203985;Acer griseum;Zimt-Ahorn;P9714;verbreitungsgebiet;Volksrepublik China;
Q147439;Larix kaempferi;Japanische Lärche;P105;taxonomischer_rang;Art;
Q147439;Larix kaempferi;Japanische Lärche;P13162;referenzabbildung;http://commons.wikimedia.org/wiki/Special:FilePath/Larix%20kaempferi%20SZ105.png;
Q147439;Larix kaempferi;Japanische Lärche;P141;gefaehrdungsstufe_iucn;nicht gefährdet;
Q147439;Larix kaempferi;Japanische Lärche;P171;uebergeordnetes_taxon;Lärchen;
Q147439;Larix kaempferi;Japanische Lärche;P18;bild;http://commons.wikimedia.org/wiki/Special:FilePath/Japanese%20Larch%20Larix%20Cone.JPG;
Q147439;Larix kaempferi;Japanische Lärche;P18;bild;http://commons.wikimedia.org/wiki/Special:FilePath/Larix%20kaempferi%20Oze%20NP.jpg;
Q147439;Larix kaempferi;Japanische Lärche;P225;wissenschaftlicher_name;Larix kaempferi;
Q147439;Larix kaempferi;Japanische Lärche;P31;ist_eine;Taxon;
Q147439;Larix kaempferi;Japanische Lärche;P566;basionym;Pinus kaempferi;
Q147439;Larix kaempferi;Japanische Lärche;P9714;verbreitungsgebiet;Volksrepublik China;
Q29488;Cercis siliquastrum;Gemeiner Judasbaum;P105;taxonomischer_rang;Art;
Q29488;Cercis siliquastrum;Gemeiner Judasbaum;P10906;foliage_type;laubabwerfend;
Q29488;Cercis siliquastrum;Gemeiner Judasbaum;P1325;externe_daten;https://www.gbif.org/dataset/31dc1507-a6e1-4233-a8df-c7a78596a7e4;
Q29488;Cercis siliquastrum;Gemeiner Judasbaum;P141;gefaehrdungsstufe_iucn;nicht gefährdet;
Q29488;Cercis siliquastrum;Gemeiner Judasbaum;P171;uebergeordnetes_taxon;Judasbäume;
Q29488;Cercis siliquastrum;Gemeiner Judasbaum;P18;bild;http://commons.wikimedia.org/wiki/Special:FilePath/Cercis%20siliquastrum%20-%20Judas%20tree%20-%20Erguvan%2001.jpg;
Q29488;Cercis siliquastrum;Gemeiner Judasbaum;P225;wissenschaftlicher_name;Cercis siliquastrum;
Q29488;Cercis siliquastrum;Gemeiner Judasbaum;P2827;bluetenfarbe;Rosa;
Q29488;Cercis siliquastrum;Gemeiner Judasbaum;P31;ist_eine;Taxon;
Q29488;Cercis siliquastrum;Gemeiner Judasbaum;P366;verwendung;Heilpflanze;
Q29488;Cercis siliquastrum;Gemeiner Judasbaum;P9714;verbreitungsgebiet;Gabun;
Q114854806;Acer pseudoplatanus 'Leopoldii';Sorte vom Berg-Ahorn;P105;taxonomischer_rang;Cultivar;
Q114854806;Acer pseudoplatanus 'Leopoldii';Sorte vom Berg-Ahorn;P10906;foliage_type;laubabwerfend;
Q114854806;Acer pseudoplatanus 'Leopoldii';Sorte vom Berg-Ahorn;P171;uebergeordnetes_taxon;Bergahorn;
Q114854806;Acer pseudoplatanus 'Leopoldii';Sorte vom Berg-Ahorn;P18;bild;http://commons.wikimedia.org/wiki/Special:FilePath/Acer%20pseudoplatanus%20Leopoldii%20kz1.jpg;
Q114854806;Acer pseudoplatanus 'Leopoldii';Sorte vom Berg-Ahorn;P18;bild;http://commons.wikimedia.org/wiki/Special:FilePath/Schlosspark%20Riede%20-%20Bergahorn%202%202019-08-31%20a.JPG;
Q114854806;Acer pseudoplatanus 'Leopoldii';Sorte vom Berg-Ahorn;P225;wissenschaftlicher_name;Acer pseudoplatanus ‘Leopoldii’;
Q114854806;Acer pseudoplatanus 'Leopoldii';Sorte vom Berg-Ahorn;P31;ist_eine;Taxon;
Q623489;Cedrus atlantica;Atlas-Zeder;P105;taxonomischer_rang;Art;
Q623489;Cedrus atlantica;Atlas-Zeder;P10906;foliage_type;Immergrüne Pflanze;
Q623489;Cedrus atlantica;Atlas-Zeder;P141;gefaehrdungsstufe_iucn;gefährdete Tierarten;
Q623489;Cedrus atlantica;Atlas-Zeder;P1672;ursprung_von;Zedernöl;
Q623489;Cedrus atlantica;Atlas-Zeder;P1672;ursprung_von;smell of Atlas cedar;
Q623489;Cedrus atlantica;Atlas-Zeder;P171;uebergeordnetes_taxon;Zedern;
Q623489;Cedrus atlantica;Atlas-Zeder;P18;bild;http://commons.wikimedia.org/wiki/Special:FilePath/Moroccan%20Atlantic%20cedar.jpg;
Q623489;Cedrus atlantica;Atlas-Zeder;P181;verbreitungskarte_des_taxons;http://commons.wikimedia.org/wiki/Special:FilePath/Cedrus%20atlantica%20range.svg;
Q623489;Cedrus atlantica;Atlas-Zeder;P225;wissenschaftlicher_name;Cedrus atlantica;
Q623489;Cedrus atlantica;Atlas-Zeder;P31;ist_eine;Taxon;
Q623489;Cedrus atlantica;Atlas-Zeder;P4000;fruchttyp;Koniferenzapfen;
Q623489;Cedrus atlantica;Atlas-Zeder;P566;basionym;Pinus atlantica;
Q89091247;Betula pendula 'Dalecarlica';Geschlitztblättrige Birke;P105;taxonomischer_rang;Varietät;
Q89091247;Betula pendula 'Dalecarlica';Geschlitztblättrige Birke;P171;uebergeordnetes_taxon;Hänge-Birke;
Q89091247;Betula pendula 'Dalecarlica';Geschlitztblättrige Birke;P225;wissenschaftlicher_name;Betula pendula var. dalecarlica;
Q89091247;Betula pendula 'Dalecarlica';Geschlitztblättrige Birke;P31;ist_eine;Taxon;
Q89091247;Betula pendula 'Dalecarlica';Geschlitztblättrige Birke;P566;basionym;Betula dalecarlica;
Q146025;Picea pungens;Stech-Fichte;P105;taxonomischer_rang;Art;
Q146025;Picea pungens;Stech-Fichte;P10906;foliage_type;Immergrüne Pflanze;
Q146025;Picea pungens;Stech-Fichte;P141;gefaehrdungsstufe_iucn;nicht gefährdet;
Q146025;Picea pungens;Stech-Fichte;P171;uebergeordnetes_taxon;Fichten;
Q146025;Picea pungens;Stech-Fichte;P18;bild;http://commons.wikimedia.org/wiki/Special:FilePath/Picea%20pungens%20Bryce%20Canyon%20NP%202.jpg;
Q146025;Picea pungens;Stech-Fichte;P18;bild;http://commons.wikimedia.org/wiki/Special:FilePath/Picea%20pungens%20foliage%20Pecos%20Wilderness.jpg;
Q146025;Picea pungens;Stech-Fichte;P181;verbreitungskarte_des_taxons;http://commons.wikimedia.org/wiki/Special:FilePath/Picea%20pungens%20kz02.jpg;
Q146025;Picea pungens;Stech-Fichte;P225;wissenschaftlicher_name;Picea pungens;
Q146025;Picea pungens;Stech-Fichte;P31;ist_eine;Taxon;
Q146025;Picea pungens;Stech-Fichte;P3648;natureserve_conservation_status;secure;
Q434;Pyrus species;Birne;P105;taxonomischer_rang;Gattung;
Q434;Pyrus species;Birne;P1672;ursprung_von;Birnbaumholz;
Q434;Pyrus species;Birne;P1672;ursprung_von;Birne;
Q434;Pyrus species;Birne;P1672;ursprung_von;pear blossom;
Q434;Pyrus species;Birne;P1672;ursprung_von;scent of pear blossom;
Q434;Pyrus species;Birne;P1672;ursprung_von;smell of pear;
Q434;Pyrus species;Birne;P171;uebergeordnetes_taxon;Maleae;
Q434;Pyrus species;Birne;P18;bild;http://commons.wikimedia.org/wiki/Special:FilePath/%28MHNT%29%20Poirier%20Fleurs%20et%20feuilles.jpg;
Q434;Pyrus species;Birne;P18;bild;http://commons.wikimedia.org/wiki/Special:FilePath/Cherves-Richemont%2016%20Poirier%202014.jpg;
Q434;Pyrus species;Birne;P18;bild;http://commons.wikimedia.org/wiki/Special:FilePath/Pears.jpg;
Q434;Pyrus species;Birne;P225;wissenschaftlicher_name;Pyrus;
Q434;Pyrus species;Birne;P279;unterklasse_von;Baum;
Q434;Pyrus species;Birne;P31;ist_eine;Taxon;
Q434;Pyrus species;Birne;P4000;fruchttyp;Apfelfrucht;
Q434;Pyrus species;Birne;P487;unicodezeichen;🍐;
Q434;Pyrus species;Birne;P618;energiequelle;Kohlenhydrate;
Q434;Pyrus species;Birne;P618;energiequelle;protein;
Q731443;Magnolia x soulangiana;Tulpen-Magnolie;P105;taxonomischer_rang;Nothospecies;
Q731443;Magnolia x soulangiana;Tulpen-Magnolie;P10906;foliage_type;laubabwerfend;
Q731443;Magnolia x soulangiana;Tulpen-Magnolie;P1420;taxonomische_synonyme;Magnolia ×lenneana;
Q731443;Magnolia x soulangiana;Tulpen-Magnolie;P1531;hybrideltern;Purpur-Magnolie;
Q731443;Magnolia x soulangiana;Tulpen-Magnolie;P1531;hybrideltern;Yulan-Magnolie;
Q731443;Magnolia x soulangiana;Tulpen-Magnolie;P171;uebergeordnetes_taxon;Magnolien;
Q731443;Magnolia x soulangiana;Tulpen-Magnolie;P18;bild;http://commons.wikimedia.org/wiki/Special:FilePath/Magnolia%20x%20soulangeana%202%20%28Piotr%20Kuczynski%29.jpg;
Q731443;Magnolia x soulangiana;Tulpen-Magnolie;P225;wissenschaftlicher_name;Magnolia ×soulangeana;
Q731443;Magnolia x soulangiana;Tulpen-Magnolie;P31;ist_eine;hybrid taxon;
Q731443;Magnolia x soulangiana;Tulpen-Magnolie;P366;verwendung;Aufforstung;
Q731443;Magnolia x soulangiana;Tulpen-Magnolie;P366;verwendung;Nahrung;
Q731443;Magnolia x soulangiana;Tulpen-Magnolie;P9714;verbreitungsgebiet;Peking;
Q15536927;Crataegus x prunifolia;Pflaumenblättriger Weißdorn;P105;taxonomischer_rang;Art;
Q15536927;Crataegus x prunifolia;Pflaumenblättriger Weißdorn;P171;uebergeordnetes_taxon;Weißdorne;
Q15536927;Crataegus x prunifolia;Pflaumenblättriger Weißdorn;P18;bild;http://commons.wikimedia.org/wiki/Special:FilePath/Crataegus%20x%20persimilis%20Prunifolia%20-%20Flickr%20-%20peganum.jpg;
Q15536927;Crataegus x prunifolia;Pflaumenblättriger Weißdorn;P225;wissenschaftlicher_name;Crataegus prunifolia;
Q15536927;Crataegus x prunifolia;Pflaumenblättriger Weißdorn;P31;ist_eine;Taxon;
Q15536927;Crataegus x prunifolia;Pflaumenblättriger Weißdorn;P566;basionym;Mespilus prunifolia;
Q163825;Amelanchier laevis;Kahle Felsenbirne;P105;taxonomischer_rang;Art;
Q163825;Amelanchier laevis;Kahle Felsenbirne;P141;gefaehrdungsstufe_iucn;nicht gefährdet;
Q163825;Amelanchier laevis;Kahle Felsenbirne;P171;uebergeordnetes_taxon;Felsenbirnen;
Q163825;Amelanchier laevis;Kahle Felsenbirne;P18;bild;http://commons.wikimedia.org/wiki/Special:FilePath/Amelanchier%20laevis.jpg;
Q163825;Amelanchier laevis;Kahle Felsenbirne;P225;wissenschaftlicher_name;Amelanchier laevis;
Q163825;Amelanchier laevis;Kahle Felsenbirne;P31;ist_eine;Taxon;
Q163825;Amelanchier laevis;Kahle Felsenbirne;P3648;natureserve_conservation_status;secure;
Q163825;Amelanchier laevis;Kahle Felsenbirne;P8193;winterhaerte_der_pflanze;4;
Q3179665;Nyssa sylvatica;Wald-Tupelobaum;P105;taxonomischer_rang;Art;
Q3179665;Nyssa sylvatica;Wald-Tupelobaum;P10906;foliage_type;laubabwerfend;
Q3179665;Nyssa sylvatica;Wald-Tupelobaum;P11801;visited_by;Bestäuber;
Q3179665;Nyssa sylvatica;Wald-Tupelobaum;P11801;visited_by;Biene;
Q3179665;Nyssa sylvatica;Wald-Tupelobaum;P11801;visited_by;Frosch;
Q3179665;Nyssa sylvatica;Wald-Tupelobaum;P11801;visited_by;Kleinsäuger;
Q3179665;Nyssa sylvatica;Wald-Tupelobaum;P11801;visited_by;Reptilien;
Q3179665;Nyssa sylvatica;Wald-Tupelobaum;P11801;visited_by;Singvögel;
Q3179665;Nyssa sylvatica;Wald-Tupelobaum;P11801;visited_by;specialist bees;
Q3179665;Nyssa sylvatica;Wald-Tupelobaum;P141;gefaehrdungsstufe_iucn;nicht gefährdet;
Q3179665;Nyssa sylvatica;Wald-Tupelobaum;P171;uebergeordnetes_taxon;Tupelobäume;
Q3179665;Nyssa sylvatica;Wald-Tupelobaum;P18;bild;http://commons.wikimedia.org/wiki/Special:FilePath/2014-11-02%2012%2047%2005%20Black%20Tupelo%20during%20autumn%20at%20The%20College%20of%20New%20Jersey%20in%20Ewing%2C%20New%20Jersey.JPG;
Q3179665;Nyssa sylvatica;Wald-Tupelobaum;P181;verbreitungskarte_des_taxons;http://commons.wikimedia.org/wiki/Special:FilePath/Nyssa%20sylvatica%20range%20map.jpg;
Q3179665;Nyssa sylvatica;Wald-Tupelobaum;P225;wissenschaftlicher_name;Nyssa sylvatica;
Q3179665;Nyssa sylvatica;Wald-Tupelobaum;P31;ist_eine;Taxon;
Q3179665;Nyssa sylvatica;Wald-Tupelobaum;P4214;hoechste_beobachtete_lebensdauer;679.0;
Q747652;Pinus wallichiana;Tränen-Kiefer;P105;taxonomischer_rang;Art;
Q747652;Pinus wallichiana;Tränen-Kiefer;P10906;foliage_type;Immergrüne Pflanze;
Q747652;Pinus wallichiana;Tränen-Kiefer;P141;gefaehrdungsstufe_iucn;nicht gefährdet;
Q747652;Pinus wallichiana;Tränen-Kiefer;P171;uebergeordnetes_taxon;Kiefern;
Q747652;Pinus wallichiana;Tränen-Kiefer;P171;uebergeordnetes_taxon;Pinus sect. Strobus;
Q747652;Pinus wallichiana;Tränen-Kiefer;P18;bild;http://commons.wikimedia.org/wiki/Special:FilePath/Lakuri%20bhanjang%20%2888%29.JPG;
Q747652;Pinus wallichiana;Tränen-Kiefer;P18;bild;http://commons.wikimedia.org/wiki/Special:FilePath/Pinus%20wallichiana%20cone.jpg;
Q747652;Pinus wallichiana;Tränen-Kiefer;P225;wissenschaftlicher_name;Pinus wallichiana;
Q747652;Pinus wallichiana;Tränen-Kiefer;P31;ist_eine;Taxon;
Q747652;Pinus wallichiana;Tränen-Kiefer;P9714;verbreitungsgebiet;Autonomes Gebiet Tibet;
Q747652;Pinus wallichiana;Tränen-Kiefer;P9714;verbreitungsgebiet;Volksrepublik China;
Q146149;Fagus sylvatica 'Laciniata';Schlitzblättrige Buche;P105;taxonomischer_rang;Art;
Q146149;Fagus sylvatica 'Laciniata';Schlitzblättrige Buche;P10906;foliage_type;laubabwerfend;
Q146149;Fagus sylvatica 'Laciniata';Schlitzblättrige Buche;P141;gefaehrdungsstufe_iucn;nicht gefährdet;
Q146149;Fagus sylvatica 'Laciniata';Schlitzblättrige Buche;P1420;taxonomische_synonyme;Fagus comptoniifolia;
Q146149;Fagus sylvatica 'Laciniata';Schlitzblättrige Buche;P1672;ursprung_von;European beechnut;
Q146149;Fagus sylvatica 'Laciniata';Schlitzblättrige Buche;P1672;ursprung_von;Rotbuchenholz;
Q146149;Fagus sylvatica 'Laciniata';Schlitzblättrige Buche;P171;uebergeordnetes_taxon;Buchen;
Q146149;Fagus sylvatica 'Laciniata';Schlitzblättrige Buche;P18;bild;http://commons.wikimedia.org/wiki/Special:FilePath/Grib%20skov.jpg;
Q146149;Fagus sylvatica 'Laciniata';Schlitzblättrige Buche;P181;verbreitungskarte_des_taxons;http://commons.wikimedia.org/wiki/Special:FilePath/Fagus%20sylvatica%20range.svg;
Q146149;Fagus sylvatica 'Laciniata';Schlitzblättrige Buche;P225;wissenschaftlicher_name;Fagus sylvatica;
Q146149;Fagus sylvatica 'Laciniata';Schlitzblättrige Buche;P279;unterklasse_von;Nutzpflanze;
Q146149;Fagus sylvatica 'Laciniata';Schlitzblättrige Buche;P31;ist_eine;Taxon;
Q146149;Fagus sylvatica 'Laciniata';Schlitzblättrige Buche;P366;verwendung;Gemüse;
Q146149;Fagus sylvatica 'Laciniata';Schlitzblättrige Buche;P366;verwendung;Nuss;
Q146149;Fagus sylvatica 'Laciniata';Schlitzblättrige Buche;P4000;fruchttyp;Nussfrucht;
Q146149;Fagus sylvatica 'Laciniata';Schlitzblättrige Buche;P4214;hoechste_beobachtete_lebensdauer;503.0;
Q146149;Fagus sylvatica 'Laciniata';Schlitzblättrige Buche;P527;besteht_aus;Blutbuche;
Q146149;Fagus sylvatica 'Laciniata';Schlitzblättrige Buche;P527;besteht_aus;Fagus sylvatica f. dawycki;
Q146149;Fagus sylvatica 'Laciniata';Schlitzblättrige Buche;P527;besteht_aus;Hänge-Buche;
Q146149;Fagus sylvatica 'Laciniata';Schlitzblättrige Buche;P8193;winterhaerte_der_pflanze;4;
Q161920;Prunus mahaleb;Weichsel-Kirsche;P105;taxonomischer_rang;Art;
Q161920;Prunus mahaleb;Weichsel-Kirsche;P10906;foliage_type;laubabwerfend;
Q161920;Prunus mahaleb;Weichsel-Kirsche;P13696;taxon_aspect_image;http://commons.wikimedia.org/wiki/Special:FilePath/Prunus%20mahaleb%20bark%20Zabrze.jpg;
Q161920;Prunus mahaleb;Weichsel-Kirsche;P141;gefaehrdungsstufe_iucn;nicht gefährdet;
Q161920;Prunus mahaleb;Weichsel-Kirsche;P1672;ursprung_von;Mahlab;
Q161920;Prunus mahaleb;Weichsel-Kirsche;P171;uebergeordnetes_taxon;Prunus;
Q161920;Prunus mahaleb;Weichsel-Kirsche;P18;bild;http://commons.wikimedia.org/wiki/Special:FilePath/Pmahaleb%20fruit.jpg;
Q161920;Prunus mahaleb;Weichsel-Kirsche;P18;bild;http://commons.wikimedia.org/wiki/Special:FilePath/Prunus%20mahaleb2.jpg;
Q161920;Prunus mahaleb;Weichsel-Kirsche;P225;wissenschaftlicher_name;Prunus mahaleb;
Q161920;Prunus mahaleb;Weichsel-Kirsche;P31;ist_eine;Taxon;
Q161920;Prunus mahaleb;Weichsel-Kirsche;P3648;natureserve_conservation_status;secure;
Q163039;Prunus sargentii;Sargents-Kirsche;P105;taxonomischer_rang;Art;
Q163039;Prunus sargentii;Sargents-Kirsche;P10906;foliage_type;laubabwerfend;
Q163039;Prunus sargentii;Sargents-Kirsche;P12766;fungiert_als_basionym_von;Cerasus sargentii;
Q163039;Prunus sargentii;Sargents-Kirsche;P13162;referenzabbildung;http://commons.wikimedia.org/wiki/Special:FilePath/Curtis%27s%20botanical%20magazine%20%28Tab.%208411%29%20%285609869955%29.jpg;
Q163039;Prunus sargentii;Sargents-Kirsche;P13162;referenzabbildung;http://commons.wikimedia.org/wiki/Special:FilePath/Prunus%20sargentii%20137-8411.jpg;
Q163039;Prunus sargentii;Sargents-Kirsche;P141;gefaehrdungsstufe_iucn;nicht gefährdet;
Q163039;Prunus sargentii;Sargents-Kirsche;P1420;taxonomische_synonyme;Prunus pseudocerasus var. sachalinensis;
Q163039;Prunus sargentii;Sargents-Kirsche;P171;uebergeordnetes_taxon;Prunus subg. Cerasus;
Q163039;Prunus sargentii;Sargents-Kirsche;P18;bild;http://commons.wikimedia.org/wiki/Special:FilePath/Prunus%20sargentii.JPG;
Q163039;Prunus sargentii;Sargents-Kirsche;P225;wissenschaftlicher_name;Prunus sargentii;
Q163039;Prunus sargentii;Sargents-Kirsche;P31;ist_eine;Taxon;
Q163039;Prunus sargentii;Sargents-Kirsche;P8193;winterhaerte_der_pflanze;4;
Q163039;Prunus sargentii;Sargents-Kirsche;P9714;verbreitungsgebiet;Peking;
Q146198;Sorbus species;Eberesche;P105;taxonomischer_rang;Art;
Q146198;Sorbus species;Eberesche;P10906;foliage_type;laubabwerfend;
Q146198;Sorbus species;Eberesche;P12766;fungiert_als_basionym_von;Pyrus aucuparia;
Q146198;Sorbus species;Eberesche;P141;gefaehrdungsstufe_iucn;nicht gefährdet;
Q146198;Sorbus species;Eberesche;P1672;ursprung_von;Vogelbeere;
Q146198;Sorbus species;Eberesche;P171;uebergeordnetes_taxon;Mehlbeeren;
Q146198;Sorbus species;Eberesche;P18;bild;http://commons.wikimedia.org/wiki/Special:FilePath/Rowan%20berries.JPG;
Q146198;Sorbus species;Eberesche;P18;bild;http://commons.wikimedia.org/wiki/Special:FilePath/Rowan%20tree%2020081002b.jpg;
Q146198;Sorbus species;Eberesche;P18;bild;http://commons.wikimedia.org/wiki/Special:FilePath/Sorbus-aucuparia.JPG;
Q146198;Sorbus species;Eberesche;P181;verbreitungskarte_des_taxons;http://commons.wikimedia.org/wiki/Special:FilePath/Sorbus%20aucuparia%20range.svg;
Q146198;Sorbus species;Eberesche;P225;wissenschaftlicher_name;Sorbus aucuparia;
Q146198;Sorbus species;Eberesche;P279;unterklasse_von;Nutzpflanze;
Q146198;Sorbus species;Eberesche;P31;ist_eine;Taxon;
Q146198;Sorbus species;Eberesche;P3648;natureserve_conservation_status;secure;
Q146198;Sorbus species;Eberesche;P4000;fruchttyp;Apfelfrucht;
Q146198;Sorbus species;Eberesche;P443;aussprache_audiodatei;http://commons.wikimedia.org/wiki/Special:FilePath/LL-Q150%20%28fra%29-Fabricio%20Cardenas%20%28BiblioCanet66%29-sorbier%20des%20oiseleurs.wav;
Q146198;Sorbus species;Eberesche;P8193;winterhaerte_der_pflanze;3;
Q159545;Cornus species;Hartriegel;P105;taxonomischer_rang;Gattung;
Q159545;Cornus species;Hartriegel;P1420;taxonomische_synonyme;Bothrocaryum;
Q159545;Cornus species;Hartriegel;P1420;taxonomische_synonyme;Swida;
Q159545;Cornus species;Hartriegel;P1672;ursprung_von;dogwood;
Q159545;Cornus species;Hartriegel;P171;uebergeordnetes_taxon;Hartriegelgewächse;
Q159545;Cornus species;Hartriegel;P18;bild;http://commons.wikimedia.org/wiki/Special:FilePath/Bgbo%20cornus%20kousa%20var%20chinensis%20ies.jpg;
Q159545;Cornus species;Hartriegel;P18;bild;http://commons.wikimedia.org/wiki/Special:FilePath/Cornus%20mas3.jpg;
Q159545;Cornus species;Hartriegel;P225;wissenschaftlicher_name;Cornus;
Q159545;Cornus species;Hartriegel;P279;unterklasse_von;Baum;
Q159545;Cornus species;Hartriegel;P31;ist_eine;Taxon;
Q159545;Cornus species;Hartriegel;P4000;fruchttyp;Steinfrucht;
Q159545;Cornus species;Hartriegel;P427;nomenklatorischer_typ;Kornelkirsche;
Q158072;Catalpa species;Trompetenbaum;P105;taxonomischer_rang;Gattung;
Q158072;Catalpa species;Trompetenbaum;P1672;ursprung_von;Trompetenbaumholz;
Q158072;Catalpa species;Trompetenbaum;P171;uebergeordnetes_taxon;Trompetenbaumgewächse;
Q158072;Catalpa species;Trompetenbaum;P18;bild;http://commons.wikimedia.org/wiki/Special:FilePath/Cataspec.jpg;
Q158072;Catalpa species;Trompetenbaum;P225;wissenschaftlicher_name;Catalpa;
Q158072;Catalpa species;Trompetenbaum;P279;unterklasse_von;Baum;
Q158072;Catalpa species;Trompetenbaum;P31;ist_eine;Taxon;
Q50843985;Malus x moerlandsii;Zierapfel;P105;taxonomischer_rang;Art;
Q50843985;Malus x moerlandsii;Zierapfel;P171;uebergeordnetes_taxon;Äpfel;
Q50843985;Malus x moerlandsii;Zierapfel;P225;wissenschaftlicher_name;Malus ×moerlandsii;
Q50843985;Malus x moerlandsii;Zierapfel;P31;ist_eine;Taxon;
Q149553;Populus canescens;Bastard-Schwarz-Pappel;P105;taxonomischer_rang;Art;
Q149553;Populus canescens;Bastard-Schwarz-Pappel;P105;taxonomischer_rang;Nothospecies;
Q149553;Populus canescens;Bastard-Schwarz-Pappel;P1531;hybrideltern;Espe;
Q149553;Populus canescens;Bastard-Schwarz-Pappel;P1531;hybrideltern;Silber-Pappel;
Q149553;Populus canescens;Bastard-Schwarz-Pappel;P171;uebergeordnetes_taxon;Pappeln;
Q149553;Populus canescens;Bastard-Schwarz-Pappel;P18;bild;http://commons.wikimedia.org/wiki/Special:FilePath/20120827Populus%20%C3%97%20canescens.jpg;
Q149553;Populus canescens;Bastard-Schwarz-Pappel;P18;bild;http://commons.wikimedia.org/wiki/Special:FilePath/Populus%20x%20canescens%20%2814009152325%29.jpg;
Q149553;Populus canescens;Bastard-Schwarz-Pappel;P225;wissenschaftlicher_name;Populus canescens;
Q149553;Populus canescens;Bastard-Schwarz-Pappel;P279;unterklasse_von;Baum;
Q149553;Populus canescens;Bastard-Schwarz-Pappel;P31;ist_eine;Hybride;
Q149553;Populus canescens;Bastard-Schwarz-Pappel;P31;ist_eine;Taxon;
Q149553;Populus canescens;Bastard-Schwarz-Pappel;P566;basionym;Populus alba var. canescens;
Q149553;Populus canescens;Bastard-Schwarz-Pappel;P9714;verbreitungsgebiet;Xinjiang;
Q163825;Amelanchier laevis 'Ballerina';Essbare Felsenbirne;P105;taxonomischer_rang;Art;
Q163825;Amelanchier laevis 'Ballerina';Essbare Felsenbirne;P141;gefaehrdungsstufe_iucn;nicht gefährdet;
Q163825;Amelanchier laevis 'Ballerina';Essbare Felsenbirne;P171;uebergeordnetes_taxon;Felsenbirnen;
Q163825;Amelanchier laevis 'Ballerina';Essbare Felsenbirne;P18;bild;http://commons.wikimedia.org/wiki/Special:FilePath/Amelanchier%20laevis.jpg;
Q163825;Amelanchier laevis 'Ballerina';Essbare Felsenbirne;P225;wissenschaftlicher_name;Amelanchier laevis;
Q163825;Amelanchier laevis 'Ballerina';Essbare Felsenbirne;P31;ist_eine;Taxon;
Q163825;Amelanchier laevis 'Ballerina';Essbare Felsenbirne;P3648;natureserve_conservation_status;secure;
Q163825;Amelanchier laevis 'Ballerina';Essbare Felsenbirne;P8193;winterhaerte_der_pflanze;4;
Q124969;Corylus avellana;Haselnuß;P105;taxonomischer_rang;Art;
Q124969;Corylus avellana;Haselnuß;P10906;foliage_type;laubabwerfend;
Q124969;Corylus avellana;Haselnuß;P13696;taxon_aspect_image;http://commons.wikimedia.org/wiki/Special:FilePath/Corylus%20avellana%20bark%20Siemianowice.jpg;
Q124969;Corylus avellana;Haselnuß;P141;gefaehrdungsstufe_iucn;nicht gefährdet;
Q124969;Corylus avellana;Haselnuß;P1672;ursprung_von;Haselnuss;
Q124969;Corylus avellana;Haselnuß;P1672;ursprung_von;hazelnut oil;
Q124969;Corylus avellana;Haselnuß;P1672;ursprung_von;hazelnut scent;
Q124969;Corylus avellana;Haselnuß;P171;uebergeordnetes_taxon;Hasel;
Q124969;Corylus avellana;Haselnuß;P18;bild;http://commons.wikimedia.org/wiki/Special:FilePath/Corylus%20avellana%20shrub.jpg;
Q124969;Corylus avellana;Haselnuß;P181;verbreitungskarte_des_taxons;http://commons.wikimedia.org/wiki/Special:FilePath/Corylus%20avellana%20range.svg;
Q124969;Corylus avellana;Haselnuß;P225;wissenschaftlicher_name;Corylus avellana;
Q124969;Corylus avellana;Haselnuß;P2670;enthaelt_elemente_von;Wild Food;
Q124969;Corylus avellana;Haselnuß;P279;unterklasse_von;Nutzpflanze;
Q124969;Corylus avellana;Haselnuß;P31;ist_eine;Taxon;
Q124969;Corylus avellana;Haselnuß;P366;verwendung;Nuss;
Q124969;Corylus avellana;Haselnuß;P4000;fruchttyp;Nussfrucht;
Q124969;Corylus avellana;Haselnuß;P443;aussprache_audiodatei;http://commons.wikimedia.org/wiki/Special:FilePath/LL-Q150%20%28fra%29-Guilhelma-Corylus%20avellana.wav;
Q124969;Corylus avellana;Haselnuß;P527;besteht_aus;Corylus avellana var. avellana;
Q124969;Corylus avellana;Haselnuß;P527;besteht_aus;Corylus avellana var. pontica;
Q124969;Corylus avellana;Haselnuß;P527;besteht_aus;Corylus avellana ʽHeterophylla’;
Q124969;Corylus avellana;Haselnuß;P527;besteht_aus;Corylus avellana ʽKataloński’;
Q124969;Corylus avellana;Haselnuß;P527;besteht_aus;Corylus avellana ʽRed Baron’;
Q124969;Corylus avellana;Haselnuß;P527;besteht_aus;Corylus avellana ʽRosita’;
Q124969;Corylus avellana;Haselnuß;P527;besteht_aus;Korkenzieherhasel;
Q124969;Corylus avellana;Haselnuß;P8193;winterhaerte_der_pflanze;4;
Q157307;Morus alba;Weiße Maulbeere;P105;taxonomischer_rang;Art;
Q157307;Morus alba;Weiße Maulbeere;P10906;foliage_type;laubabwerfend;
Q157307;Morus alba;Weiße Maulbeere;P11220;fruchtfarbe;Weiß;
Q157307;Morus alba;Weiße Maulbeere;P11220;fruchtfarbe;purplish black;
Q157307;Morus alba;Weiße Maulbeere;P1672;ursprung_von;Mori Cortex;
Q157307;Morus alba;Weiße Maulbeere;P1672;ursprung_von;mulberry leaf;
Q157307;Morus alba;Weiße Maulbeere;P1672;ursprung_von;white mulberry;
Q157307;Morus alba;Weiße Maulbeere;P171;uebergeordnetes_taxon;Maulbeere;
Q157307;Morus alba;Weiße Maulbeere;P18;bild;http://commons.wikimedia.org/wiki/Special:FilePath/Morus%20alba%20fruits.jpg;
Q157307;Morus alba;Weiße Maulbeere;P18;bild;http://commons.wikimedia.org/wiki/Special:FilePath/Morus-alba.jpg;
Q157307;Morus alba;Weiße Maulbeere;P225;wissenschaftlicher_name;Morus alba;
Q157307;Morus alba;Weiße Maulbeere;P279;unterklasse_von;Nutzpflanze;
Q157307;Morus alba;Weiße Maulbeere;P279;unterklasse_von;Obstbaum;
Q157307;Morus alba;Weiße Maulbeere;P2974;habitat;Karsthöhle;
Q157307;Morus alba;Weiße Maulbeere;P31;ist_eine;Heilpflanze;
Q157307;Morus alba;Weiße Maulbeere;P31;ist_eine;Taxon;
Q157307;Morus alba;Weiße Maulbeere;P366;verwendung;Baustoff;
Q157307;Morus alba;Weiße Maulbeere;P366;verwendung;Faser;
Q157307;Morus alba;Weiße Maulbeere;P366;verwendung;Futtermittel;
Q157307;Morus alba;Weiße Maulbeere;P366;verwendung;Gemüse;
Q157307;Morus alba;Weiße Maulbeere;P366;verwendung;Heilpflanze;
Q157307;Morus alba;Weiße Maulbeere;P366;verwendung;Holz;
Q157307;Morus alba;Weiße Maulbeere;P366;verwendung;Obst;
Q157307;Morus alba;Weiße Maulbeere;P4000;fruchttyp;Steinfrucht;
Q157307;Morus alba;Weiße Maulbeere;P443;aussprache_audiodatei;http://commons.wikimedia.org/wiki/Special:FilePath/LL-Q652%20%28ita%29-Yiyi-Morus%20alba.wav;
Q157307;Morus alba;Weiße Maulbeere;P8193;winterhaerte_der_pflanze;4;
Q157307;Morus alba;Weiße Maulbeere;P9714;verbreitungsgebiet;Autonomes Gebiet Tibet;
Q157307;Morus alba;Weiße Maulbeere;P9714;verbreitungsgebiet;Fujian;
Q157307;Morus alba;Weiße Maulbeere;P9714;verbreitungsgebiet;Guangdong;
Q157307;Morus alba;Weiße Maulbeere;P9714;verbreitungsgebiet;Peking;
Q157307;Morus alba;Weiße Maulbeere;P9714;verbreitungsgebiet;Shanghai;
Q157307;Morus alba;Weiße Maulbeere;P9714;verbreitungsgebiet;Volksrepublik China;
Q43300;Cydonia oblonga;Quitte;P105;taxonomischer_rang;Art;
Q43300;Cydonia oblonga;Quitte;P10906;foliage_type;laubabwerfend;
Q43300;Cydonia oblonga;Quitte;P141;gefaehrdungsstufe_iucn;nicht gefährdet;
Q43300;Cydonia oblonga;Quitte;P1672;ursprung_von;Quittenfrucht;
Q43300;Cydonia oblonga;Quitte;P1672;ursprung_von;quince pulp;
Q43300;Cydonia oblonga;Quitte;P171;uebergeordnetes_taxon;Cydonia;
Q43300;Cydonia oblonga;Quitte;P18;bild;http://commons.wikimedia.org/wiki/Special:FilePath/Cydonia.jpg;
Q43300;Cydonia oblonga;Quitte;P225;wissenschaftlicher_name;Cydonia oblonga;
Q43300;Cydonia oblonga;Quitte;P279;unterklasse_von;Baum;
Q43300;Cydonia oblonga;Quitte;P279;unterklasse_von;Obstbaum;
Q43300;Cydonia oblonga;Quitte;P31;ist_eine;Taxon;
Q43300;Cydonia oblonga;Quitte;P366;verwendung;Heilpflanze;
Q43300;Cydonia oblonga;Quitte;P366;verwendung;Obst;
Q43300;Cydonia oblonga;Quitte;P4000;fruchttyp;Apfelfrucht;
Q43300;Cydonia oblonga;Quitte;P8193;winterhaerte_der_pflanze;5;
Q43300;Cydonia oblonga;Quitte;P9714;verbreitungsgebiet;Fujian;
Q43300;Cydonia oblonga;Quitte;P9714;verbreitungsgebiet;Volksrepublik China;
Q161379;Euonymus europaeus;Pfaffenhütchen;P105;taxonomischer_rang;Art;
Q161379;Euonymus europaeus;Pfaffenhütchen;P141;gefaehrdungsstufe_iucn;nicht gefährdet;
Q161379;Euonymus europaeus;Pfaffenhütchen;P171;uebergeordnetes_taxon;Spindelsträucher;
Q161379;Euonymus europaeus;Pfaffenhütchen;P18;bild;http://commons.wikimedia.org/wiki/Special:FilePath/20131018Euonymus%20europaeus4.jpg;
Q161379;Euonymus europaeus;Pfaffenhütchen;P181;verbreitungskarte_des_taxons;http://commons.wikimedia.org/wiki/Special:FilePath/Euonymus%20europaeus%20range.svg;
Q161379;Euonymus europaeus;Pfaffenhütchen;P225;wissenschaftlicher_name;Euonymus europaeus;
Q161379;Euonymus europaeus;Pfaffenhütchen;P31;ist_eine;Taxon;
Q161379;Euonymus europaeus;Pfaffenhütchen;P4000;fruchttyp;Kapselfrucht;
Q766133;Acer cappadocicum;Kolchischer-Ahorn;P105;taxonomischer_rang;Art;
Q766133;Acer cappadocicum;Kolchischer-Ahorn;P10906;foliage_type;laubabwerfend;
Q766133;Acer cappadocicum;Kolchischer-Ahorn;P141;gefaehrdungsstufe_iucn;nicht gefährdet;
Q766133;Acer cappadocicum;Kolchischer-Ahorn;P171;uebergeordnetes_taxon;Ahorn;
Q766133;Acer cappadocicum;Kolchischer-Ahorn;P18;bild;http://commons.wikimedia.org/wiki/Special:FilePath/Acer%20cappadocicum.jpg;
Q766133;Acer cappadocicum;Kolchischer-Ahorn;P225;wissenschaftlicher_name;Acer cappadocicum;
Q766133;Acer cappadocicum;Kolchischer-Ahorn;P2827;bluetenfarbe;Gelb;
Q766133;Acer cappadocicum;Kolchischer-Ahorn;P2827;bluetenfarbe;Grün;
Q766133;Acer cappadocicum;Kolchischer-Ahorn;P31;ist_eine;Heilpflanze;
Q766133;Acer cappadocicum;Kolchischer-Ahorn;P31;ist_eine;Taxon;
Q766133;Acer cappadocicum;Kolchischer-Ahorn;P3739;bluetenstand;Schirmtraube;
Q766133;Acer cappadocicum;Kolchischer-Ahorn;P3739;bluetenstand;erect infloresence;
Q766133;Acer cappadocicum;Kolchischer-Ahorn;P4000;fruchttyp;Flügelnuss;
Q766133;Acer cappadocicum;Kolchischer-Ahorn;P9714;verbreitungsgebiet;Autonomes Gebiet Tibet;
Q158746;Tilia cordata 'Rancho';Kleinkronige Winter-Linde;P105;taxonomischer_rang;Art;
Q158746;Tilia cordata 'Rancho';Kleinkronige Winter-Linde;P10906;foliage_type;laubabwerfend;
Q158746;Tilia cordata 'Rancho';Kleinkronige Winter-Linde;P1282;openstreetmap_attribut;species=Tilia_cordata;
Q158746;Tilia cordata 'Rancho';Kleinkronige Winter-Linde;P141;gefaehrdungsstufe_iucn;nicht gefährdet;
Q158746;Tilia cordata 'Rancho';Kleinkronige Winter-Linde;P1672;ursprung_von;Lindenblüte;
Q158746;Tilia cordata 'Rancho';Kleinkronige Winter-Linde;P171;uebergeordnetes_taxon;Linde;
Q158746;Tilia cordata 'Rancho';Kleinkronige Winter-Linde;P18;bild;http://commons.wikimedia.org/wiki/Special:FilePath/Tilia%20cordata%2C%20Lipa2009.jpg;
Q158746;Tilia cordata 'Rancho';Kleinkronige Winter-Linde;P181;verbreitungskarte_des_taxons;http://commons.wikimedia.org/wiki/Special:FilePath/Tilia%20cordata%20range.svg;
Q158746;Tilia cordata 'Rancho';Kleinkronige Winter-Linde;P225;wissenschaftlicher_name;Tilia cordata;
Q158746;Tilia cordata 'Rancho';Kleinkronige Winter-Linde;P279;unterklasse_von;Nutzpflanze;
Q158746;Tilia cordata 'Rancho';Kleinkronige Winter-Linde;P31;ist_eine;Taxon;
Q158746;Tilia cordata 'Rancho';Kleinkronige Winter-Linde;P366;verwendung;Gemüse;
Q158746;Tilia cordata 'Rancho';Kleinkronige Winter-Linde;P3739;bluetenstand;cyme;
Q158746;Tilia cordata 'Rancho';Kleinkronige Winter-Linde;P3739;bluetenstand;erect infloresence;
Q158746;Tilia cordata 'Rancho';Kleinkronige Winter-Linde;P3739;bluetenstand;staminodeless florets or flower;
Q158746;Tilia cordata 'Rancho';Kleinkronige Winter-Linde;P4000;fruchttyp;Nüsschen;
Q158746;Tilia cordata 'Rancho';Kleinkronige Winter-Linde;P462;farbe;Orange;
Q158746;Tilia cordata 'Rancho';Kleinkronige Winter-Linde;P5252;winteransicht;http://commons.wikimedia.org/wiki/Special:FilePath/Berlin%20Schillerpark%20lub%202026-02-20%20img01jpg%2005.jpg;
Q158746;Tilia cordata 'Rancho';Kleinkronige Winter-Linde;P8193;winterhaerte_der_pflanze;3b;
Q157697;Juniperus chinensis;Chinesischer Wacholder;P105;taxonomischer_rang;Art;
Q157697;Juniperus chinensis;Chinesischer Wacholder;P13162;referenzabbildung;http://commons.wikimedia.org/wiki/Special:FilePath/Pinetum%20woburnense-%20or%2C%20a%20catalogue%20of%20coniferous%20plants%2C%20in%20the%20collection%20of%20the%20Duke%20of%20Bedford%2C%20at%20Woburn%20Abbey%3B%20systematically%20arranged%20-%20DPLA%20-%208a670d36bcbdfca27225d24ef65871ed%20%28page%20281%29.jpg;
Q157697;Juniperus chinensis;Chinesischer Wacholder;P13162;referenzabbildung;http://commons.wikimedia.org/wiki/Special:FilePath/Recent%20research%20on%20foliage%20diseases%20-%20conference%20proceedings%20-%20Carlisle%2C%20Pennsylvania%2C%20May%2029-June%202%2C%201989%20%281990%29%20%2819950828094%29.jpg;
Q157697;Juniperus chinensis;Chinesischer Wacholder;P141;gefaehrdungsstufe_iucn;nicht gefährdet;
Q157697;Juniperus chinensis;Chinesischer Wacholder;P171;uebergeordnetes_taxon;Juniperus sect. Sabina;
Q157697;Juniperus chinensis;Chinesischer Wacholder;P18;bild;http://commons.wikimedia.org/wiki/Special:FilePath/Dojoji%20Gobo%20Wakayama05n4272.jpg;
Q157697;Juniperus chinensis;Chinesischer Wacholder;P18;bild;http://commons.wikimedia.org/wiki/Special:FilePath/Jun%20chin%20shoot.jpg;
Q157697;Juniperus chinensis;Chinesischer Wacholder;P225;wissenschaftlicher_name;Juniperus chinensis;
Q157697;Juniperus chinensis;Chinesischer Wacholder;P31;ist_eine;Taxon;
Q157697;Juniperus chinensis;Chinesischer Wacholder;P366;verwendung;Heilpflanze;
Q157697;Juniperus chinensis;Chinesischer Wacholder;P9714;verbreitungsgebiet;Guangdong;
Q157697;Juniperus chinensis;Chinesischer Wacholder;P9714;verbreitungsgebiet;Peking;
Q157697;Juniperus chinensis;Chinesischer Wacholder;P9714;verbreitungsgebiet;Volksrepublik China;
Q162728;Acer tataricum;Tatarischer Steppen-Ahorn;P105;taxonomischer_rang;Art;
Q162728;Acer tataricum;Tatarischer Steppen-Ahorn;P10906;foliage_type;laubabwerfend;
Q162728;Acer tataricum;Tatarischer Steppen-Ahorn;P141;gefaehrdungsstufe_iucn;nicht gefährdet;
Q162728;Acer tataricum;Tatarischer Steppen-Ahorn;P1420;taxonomische_synonyme;Acer aidzuense;
Q162728;Acer tataricum;Tatarischer Steppen-Ahorn;P1420;taxonomische_synonyme;Acer cordifolium;
Q162728;Acer tataricum;Tatarischer Steppen-Ahorn;P1420;taxonomische_synonyme;Acer ginnala;
Q162728;Acer tataricum;Tatarischer Steppen-Ahorn;P1420;taxonomische_synonyme;Acer semenovii;
Q162728;Acer tataricum;Tatarischer Steppen-Ahorn;P1420;taxonomische_synonyme;Acer subintegrum;
Q162728;Acer tataricum;Tatarischer Steppen-Ahorn;P1420;taxonomische_synonyme;Acer theiferum;
Q162728;Acer tataricum;Tatarischer Steppen-Ahorn;P171;uebergeordnetes_taxon;Ahorn;
Q162728;Acer tataricum;Tatarischer Steppen-Ahorn;P18;bild;http://commons.wikimedia.org/wiki/Special:FilePath/%D0%9C%D0%B5%D0%BA%D0%B8%D1%88.JPG;
Q162728;Acer tataricum;Tatarischer Steppen-Ahorn;P18;bild;http://commons.wikimedia.org/wiki/Special:FilePath/Acer%20tataricum%20%28fruits%29.jpg;
Q162728;Acer tataricum;Tatarischer Steppen-Ahorn;P18;bild;http://commons.wikimedia.org/wiki/Special:FilePath/COI00055912%20-%20Acer%20tataricum%20-%20Lindemann%2C%20Eduard%20Emanuilovitch%20von%20-%20s.n..jpg;
Q162728;Acer tataricum;Tatarischer Steppen-Ahorn;P181;verbreitungskarte_des_taxons;http://commons.wikimedia.org/wiki/Special:FilePath/Acer%20tataricum%20map.png;
Q162728;Acer tataricum;Tatarischer Steppen-Ahorn;P225;wissenschaftlicher_name;Acer tataricum;
Q162728;Acer tataricum;Tatarischer Steppen-Ahorn;P31;ist_eine;Taxon;
Q162728;Acer tataricum;Tatarischer Steppen-Ahorn;P3739;bluetenstand;Schirmtraube;
Q146025;Picea pungens 'Glauca';Blau-Fichte;P105;taxonomischer_rang;Art;
Q146025;Picea pungens 'Glauca';Blau-Fichte;P10906;foliage_type;Immergrüne Pflanze;
Q146025;Picea pungens 'Glauca';Blau-Fichte;P141;gefaehrdungsstufe_iucn;nicht gefährdet;
Q146025;Picea pungens 'Glauca';Blau-Fichte;P171;uebergeordnetes_taxon;Fichten;
Q146025;Picea pungens 'Glauca';Blau-Fichte;P18;bild;http://commons.wikimedia.org/wiki/Special:FilePath/Picea%20pungens%20Bryce%20Canyon%20NP%202.jpg;
Q146025;Picea pungens 'Glauca';Blau-Fichte;P18;bild;http://commons.wikimedia.org/wiki/Special:FilePath/Picea%20pungens%20foliage%20Pecos%20Wilderness.jpg;
Q146025;Picea pungens 'Glauca';Blau-Fichte;P181;verbreitungskarte_des_taxons;http://commons.wikimedia.org/wiki/Special:FilePath/Picea%20pungens%20kz02.jpg;
Q146025;Picea pungens 'Glauca';Blau-Fichte;P225;wissenschaftlicher_name;Picea pungens;
Q146025;Picea pungens 'Glauca';Blau-Fichte;P31;ist_eine;Taxon;
Q146025;Picea pungens 'Glauca';Blau-Fichte;P3648;natureserve_conservation_status;secure;
Q130237568;Crataegus monogyna 'Stricta';Weißdorn 'Stricta';P105;taxonomischer_rang;Cultivar;
Q130237568;Crataegus monogyna 'Stricta';Weißdorn 'Stricta';P171;uebergeordnetes_taxon;Eingriffeliger Weißdorn;
Q130237568;Crataegus monogyna 'Stricta';Weißdorn 'Stricta';P225;wissenschaftlicher_name;Crataegus monogyna 'Stricta';
Q130237568;Crataegus monogyna 'Stricta';Weißdorn 'Stricta';P31;ist_eine;Taxon;
Q4460779;Populus x berolinensis;Berliner Lorbeer-Pappel;P105;taxonomischer_rang;Art;
Q4460779;Populus x berolinensis;Berliner Lorbeer-Pappel;P13162;referenzabbildung;http://commons.wikimedia.org/wiki/Special:FilePath/Dong%20bei%20mu%20ben%20zhi%20wu%20tu%20zhi%20%281955%29%20%2820369692334%29.jpg;
Q4460779;Populus x berolinensis;Berliner Lorbeer-Pappel;P13162;referenzabbildung;http://commons.wikimedia.org/wiki/Special:FilePath/Dong%20bei%20mu%20ben%20zhi%20wu%20tu%20zhi%20%281955%29%20%2820982468302%29.jpg;
Q4460779;Populus x berolinensis;Berliner Lorbeer-Pappel;P1531;hybrideltern;Lorbeerblättrige Pappel;
Q4460779;Populus x berolinensis;Berliner Lorbeer-Pappel;P1531;hybrideltern;Schwarz-Pappel;
Q4460779;Populus x berolinensis;Berliner Lorbeer-Pappel;P171;uebergeordnetes_taxon;Pappeln;
Q4460779;Populus x berolinensis;Berliner Lorbeer-Pappel;P18;bild;http://commons.wikimedia.org/wiki/Special:FilePath/Peuplier%20de%20Berlin%20%28Palaiseau%2014%29.JPG;
Q4460779;Populus x berolinensis;Berliner Lorbeer-Pappel;P18;bild;http://commons.wikimedia.org/wiki/Special:FilePath/Symphoricarpos-chenaultii.JPG;
Q4460779;Populus x berolinensis;Berliner Lorbeer-Pappel;P225;wissenschaftlicher_name;Populus × berolinensis;
Q4460779;Populus x berolinensis;Berliner Lorbeer-Pappel;P31;ist_eine;Hybride;
Q4460779;Populus x berolinensis;Berliner Lorbeer-Pappel;P31;ist_eine;Taxon;
Q2073370;Catalpa bignonioides 'Nana';Kugel-Trompetenbaum;P105;taxonomischer_rang;Cultivar;
Q2073370;Catalpa bignonioides 'Nana';Kugel-Trompetenbaum;P171;uebergeordnetes_taxon;Gewöhnlicher Trompetenbaum;
Q2073370;Catalpa bignonioides 'Nana';Kugel-Trompetenbaum;P18;bild;http://commons.wikimedia.org/wiki/Special:FilePath/Trompetenbaum%20Dieburg%20Schlossgarten.jpg;
Q2073370;Catalpa bignonioides 'Nana';Kugel-Trompetenbaum;P225;wissenschaftlicher_name;Catalpa bignonioides ‘Nana’;
Q2073370;Catalpa bignonioides 'Nana';Kugel-Trompetenbaum;P31;ist_eine;Cultivar;
Q1144409;Tsuga heterophylla;Westliche Hemlocktanne;P105;taxonomischer_rang;Art;
Q1144409;Tsuga heterophylla;Westliche Hemlocktanne;P141;gefaehrdungsstufe_iucn;nicht gefährdet;
Q1144409;Tsuga heterophylla;Westliche Hemlocktanne;P1672;ursprung_von;western hemlock;
Q1144409;Tsuga heterophylla;Westliche Hemlocktanne;P171;uebergeordnetes_taxon;Tsuga sect. Tsuga;
Q1144409;Tsuga heterophylla;Westliche Hemlocktanne;P18;bild;http://commons.wikimedia.org/wiki/Special:FilePath/Hoh%20Rainforest%20-%20Olympic%20National%20Park%20-%20Washington%20State%20%289780384324%29.jpg;
Q1144409;Tsuga heterophylla;Westliche Hemlocktanne;P181;verbreitungskarte_des_taxons;http://commons.wikimedia.org/wiki/Special:FilePath/Tsuga-heterophylla-range.png;
Q1144409;Tsuga heterophylla;Westliche Hemlocktanne;P225;wissenschaftlicher_name;Tsuga heterophylla;
Q1144409;Tsuga heterophylla;Westliche Hemlocktanne;P31;ist_eine;Taxon;
Q1144409;Tsuga heterophylla;Westliche Hemlocktanne;P3648;natureserve_conservation_status;secure;
Q1144409;Tsuga heterophylla;Westliche Hemlocktanne;P4214;hoechste_beobachtete_lebensdauer;614.0;
Q1144409;Tsuga heterophylla;Westliche Hemlocktanne;P566;basionym;Abies heterophylla;
Q528713;Quercus imbricaria;Schindel-Eiche;P105;taxonomischer_rang;Art;
Q528713;Quercus imbricaria;Schindel-Eiche;P10906;foliage_type;laubabwerfend;
Q528713;Quercus imbricaria;Schindel-Eiche;P141;gefaehrdungsstufe_iucn;nicht gefährdet;
Q528713;Quercus imbricaria;Schindel-Eiche;P171;uebergeordnetes_taxon;Eichen;
Q528713;Quercus imbricaria;Schindel-Eiche;P18;bild;http://commons.wikimedia.org/wiki/Special:FilePath/Quercus%20imbricaria%20%28USDA%29.jpg;
Q528713;Quercus imbricaria;Schindel-Eiche;P181;verbreitungskarte_des_taxons;http://commons.wikimedia.org/wiki/Special:FilePath/Quercus%20imbricaria%20range%20map.jpg;
Q528713;Quercus imbricaria;Schindel-Eiche;P225;wissenschaftlicher_name;Quercus imbricaria;
Q528713;Quercus imbricaria;Schindel-Eiche;P31;ist_eine;Taxon;
Q528713;Quercus imbricaria;Schindel-Eiche;P8193;winterhaerte_der_pflanze;4;
Q518949;Fraxinus angustifolia;Schmalblättrige Esche;P105;taxonomischer_rang;Art;
Q518949;Fraxinus angustifolia;Schmalblättrige Esche;P10906;foliage_type;laubabwerfend;
Q518949;Fraxinus angustifolia;Schmalblättrige Esche;P141;gefaehrdungsstufe_iucn;nicht gefährdet;
Q518949;Fraxinus angustifolia;Schmalblättrige Esche;P171;uebergeordnetes_taxon;Eschen;
Q518949;Fraxinus angustifolia;Schmalblättrige Esche;P18;bild;http://commons.wikimedia.org/wiki/Special:FilePath/Fraxinus%20angustifolia%20LeavesCloseup%202009September25%20SierraMadrona.jpg;
Q518949;Fraxinus angustifolia;Schmalblättrige Esche;P18;bild;http://commons.wikimedia.org/wiki/Special:FilePath/Fraxinus-angustifolia-20190413a.jpg;
Q518949;Fraxinus angustifolia;Schmalblättrige Esche;P181;verbreitungskarte_des_taxons;http://commons.wikimedia.org/wiki/Special:FilePath/Fraxinus%20angustifolia%20range.svg;
Q518949;Fraxinus angustifolia;Schmalblättrige Esche;P225;wissenschaftlicher_name;Fraxinus angustifolia;
Q518949;Fraxinus angustifolia;Schmalblättrige Esche;P31;ist_eine;Taxon;
Q38528595;Betula jacquemontii;Himalaja-Birke;P105;taxonomischer_rang;Art;
Q38528595;Betula jacquemontii;Himalaja-Birke;P12766;fungiert_als_basionym_von;Betula utilis subsp. jacquemontii;
Q38528595;Betula jacquemontii;Himalaja-Birke;P171;uebergeordnetes_taxon;Birken;
Q38528595;Betula jacquemontii;Himalaja-Birke;P225;wissenschaftlicher_name;Betula jacquemontii;
Q38528595;Betula jacquemontii;Himalaja-Birke;P31;ist_eine;Taxon;
Q157417;Robinia species;Robinie;P105;taxonomischer_rang;Art;
Q157417;Robinia species;Robinie;P10906;foliage_type;laubabwerfend;
Q157417;Robinia species;Robinie;P141;gefaehrdungsstufe_iucn;nicht gefährdet;
Q157417;Robinia species;Robinie;P1552;charakterisiert_durch;Stickstofffixierung;
Q157417;Robinia species;Robinie;P1552;charakterisiert_durch;wildlife attraction;
Q157417;Robinia species;Robinie;P1672;ursprung_von;Black Locust seed;
Q157417;Robinia species;Robinie;P1672;ursprung_von;Black Locust wood;
Q157417;Robinia species;Robinie;P1672;ursprung_von;Robinienholz;
Q157417;Robinia species;Robinie;P171;uebergeordnetes_taxon;Robinien;
Q157417;Robinia species;Robinie;P18;bild;http://commons.wikimedia.org/wiki/Special:FilePath/Korina%202011-05-20%20Robinia%20pseudoacacia%203.jpg;
Q157417;Robinia species;Robinie;P18;bild;http://commons.wikimedia.org/wiki/Special:FilePath/Villn%C3%B6%C3%9F%20Robinie%20beim%20Mantinghof%20Pardell.jpg;
Q157417;Robinia species;Robinie;P181;verbreitungskarte_des_taxons;http://commons.wikimedia.org/wiki/Special:FilePath/Robinia%20pseudoacacia%20distribution%20map.png;
Q157417;Robinia species;Robinie;P225;wissenschaftlicher_name;Robinia pseudoacacia;
Q157417;Robinia species;Robinie;P2670;enthaelt_elemente_von;Toxin;
Q157417;Robinia species;Robinie;P279;unterklasse_von;Giftpflanze;
Q157417;Robinia species;Robinie;P279;unterklasse_von;Nutzpflanze;
Q157417;Robinia species;Robinie;P279;unterklasse_von;fertilizer tree;
Q157417;Robinia species;Robinie;P2827;bluetenfarbe;Weiß;
Q157417;Robinia species;Robinie;P31;ist_eine;Taxon;
Q157417;Robinia species;Robinie;P3648;natureserve_conservation_status;secure;
Q157417;Robinia species;Robinie;P366;verwendung;Aufforstung;
Q157417;Robinia species;Robinie;P366;verwendung;Bienentrachtpflanze;
Q157417;Robinia species;Robinie;P366;verwendung;Futtermittel;
Q157417;Robinia species;Robinie;P366;verwendung;Heilpflanze;
Q157417;Robinia species;Robinie;P366;verwendung;Holz;
Q157417;Robinia species;Robinie;P366;verwendung;Nahrung;
Q157417;Robinia species;Robinie;P366;verwendung;soil retention;
Q157417;Robinia species;Robinie;P3739;bluetenstand;Traube;
Q157417;Robinia species;Robinie;P5252;winteransicht;http://commons.wikimedia.org/wiki/Special:FilePath/Robinia%20pseudoacacia%20-%20%D0%AE%D1%80%D0%B8%D0%B9%20%D0%94%D0%B0%D0%BD%D0%B8%D0%BB%D0%B5%D0%B2%D1%81%D0%BA%D0%B8%D0%B9%20%28Yuriy%20Danilevsky%29%20-%20604778214.jpeg;
Q157417;Robinia species;Robinie;P5588;invasiv_in;Shanghai;
Q157417;Robinia species;Robinie;P8193;winterhaerte_der_pflanze;3;
Q157417;Robinia species;Robinie;P9714;verbreitungsgebiet;Autonomes Gebiet Tibet;
Q157417;Robinia species;Robinie;P9714;verbreitungsgebiet;Fujian;
Q157417;Robinia species;Robinie;P9714;verbreitungsgebiet;Peking;
Q157417;Robinia species;Robinie;P9714;verbreitungsgebiet;Shanghai;
Q157417;Robinia species;Robinie;P9714;verbreitungsgebiet;Tianjin;
Q157417;Robinia species;Robinie;P9714;verbreitungsgebiet;Volksrepublik China;
Q839507;Magnolia stellata;Stern-Magnolie;P105;taxonomischer_rang;Art;
Q839507;Magnolia stellata;Stern-Magnolie;P141;gefaehrdungsstufe_iucn;gefährdete Tierarten;
Q839507;Magnolia stellata;Stern-Magnolie;P171;uebergeordnetes_taxon;Magnolien;
Q839507;Magnolia stellata;Stern-Magnolie;P18;bild;http://commons.wikimedia.org/wiki/Special:FilePath/Magnolia%20stellata%20fleurs.jpg;
Q839507;Magnolia stellata;Stern-Magnolie;P18;bild;http://commons.wikimedia.org/wiki/Special:FilePath/Springer%20Stern-Magnolie.JPG;
Q839507;Magnolia stellata;Stern-Magnolie;P225;wissenschaftlicher_name;Magnolia stellata;
Q839507;Magnolia stellata;Stern-Magnolie;P31;ist_eine;Taxon;
Q839507;Magnolia stellata;Stern-Magnolie;P4000;fruchttyp;Balgfrucht;
Q469382;Ulmus americana;Amerikanische Ulme;P105;taxonomischer_rang;Art;
Q469382;Ulmus americana;Amerikanische Ulme;P141;gefaehrdungsstufe_iucn;gefährdete Tierarten;
Q469382;Ulmus americana;Amerikanische Ulme;P171;uebergeordnetes_taxon;Ulmen;
Q469382;Ulmus americana;Amerikanische Ulme;P18;bild;http://commons.wikimedia.org/wiki/Special:FilePath/Img%20ulmus%20americana%202209.jpg;
Q469382;Ulmus americana;Amerikanische Ulme;P181;verbreitungskarte_des_taxons;http://commons.wikimedia.org/wiki/Special:FilePath/The%20distribution%20of%20important%20forest%20trees%20of%20the%20United%20States%20%281938%29%20Ulmus%20americana%20%2820355127833%29.jpg;
Q469382;Ulmus americana;Amerikanische Ulme;P225;wissenschaftlicher_name;Ulmus americana;
Q469382;Ulmus americana;Amerikanische Ulme;P31;ist_eine;Taxon;
Q469382;Ulmus americana;Amerikanische Ulme;P3648;natureserve_conservation_status;apparently secure;
Q469382;Ulmus americana;Amerikanische Ulme;P4000;fruchttyp;Nüsschen;
Q127849;Tilia species;Linde;P105;taxonomischer_rang;Gattung;
Q127849;Tilia species;Linde;P1282;openstreetmap_attribut;genus=Tilia;
Q127849;Tilia species;Linde;P1672;ursprung_von;Lindenholz;
Q127849;Tilia species;Linde;P171;uebergeordnetes_taxon;Lindengewächse;
Q127849;Tilia species;Linde;P171;uebergeordnetes_taxon;Malvengewächse;
Q127849;Tilia species;Linde;P18;bild;http://commons.wikimedia.org/wiki/Special:FilePath/Tilia%20Larousse%20Extracted.png;
Q127849;Tilia species;Linde;P18;bild;http://commons.wikimedia.org/wiki/Special:FilePath/Tilia%20cordata%20-%20K%C3%B6hler%E2%80%93s%20Medizinal-Pflanzen-139.jpg;
Q127849;Tilia species;Linde;P18;bild;http://commons.wikimedia.org/wiki/Special:FilePath/Tilia%20tomentosa.jpg;
Q127849;Tilia species;Linde;P225;wissenschaftlicher_name;Tilia;
Q127849;Tilia species;Linde;P279;unterklasse_von;Baum;
Q127849;Tilia species;Linde;P279;unterklasse_von;Laubbaum;
Q127849;Tilia species;Linde;P31;ist_eine;Taxon;
Q127849;Tilia species;Linde;P427;nomenklatorischer_typ;Holländische Linde;
Q127849;Tilia species;Linde;P443;aussprache_audiodatei;http://commons.wikimedia.org/wiki/Special:FilePath/LL-Q150%20%28fra%29-Anna%20T.%20%28BiblioCanet66%29-tilleul.wav;
Q127849;Tilia species;Linde;P5555;schematische_darstellung;http://commons.wikimedia.org/wiki/Special:FilePath/Tilia%20flowerdiagram.png;
Q110766606;Fraxinus excelsior 'Diversifolia';Einblatt-Esche;P105;taxonomischer_rang;Cultivar;
Q110766606;Fraxinus excelsior 'Diversifolia';Einblatt-Esche;P171;uebergeordnetes_taxon;Gemeine Esche;
Q110766606;Fraxinus excelsior 'Diversifolia';Einblatt-Esche;P225;wissenschaftlicher_name;Fraxinus excelsior ʽDiversifolia’;
Q110766606;Fraxinus excelsior 'Diversifolia';Einblatt-Esche;P31;ist_eine;Taxon;
Q147426;Picea sitchensis;Sitka-Fichte;P105;taxonomischer_rang;Art;
Q147426;Picea sitchensis;Sitka-Fichte;P141;gefaehrdungsstufe_iucn;nicht gefährdet;
Q147426;Picea sitchensis;Sitka-Fichte;P1672;ursprung_von;Sitka spruce wood;
Q147426;Picea sitchensis;Sitka-Fichte;P1672;ursprung_von;spruce root;
Q147426;Picea sitchensis;Sitka-Fichte;P171;uebergeordnetes_taxon;Fichten;
Q147426;Picea sitchensis;Sitka-Fichte;P18;bild;http://commons.wikimedia.org/wiki/Special:FilePath/Hoh%20Rainforest%20-%20Olympic%20National%20Park%20-%20Washington%20State%20%289780127536%29.jpg;
Q147426;Picea sitchensis;Sitka-Fichte;P18;bild;http://commons.wikimedia.org/wiki/Special:FilePath/Picea%20sitchensis%205706.JPG;
Q147426;Picea sitchensis;Sitka-Fichte;P18;bild;http://commons.wikimedia.org/wiki/Special:FilePath/QuinaltSpruce%207246c.jpg;
Q147426;Picea sitchensis;Sitka-Fichte;P181;verbreitungskarte_des_taxons;http://commons.wikimedia.org/wiki/Special:FilePath/Picea%20sitchensis%20distribution%20map.png;
Q147426;Picea sitchensis;Sitka-Fichte;P225;wissenschaftlicher_name;Picea sitchensis;
Q147426;Picea sitchensis;Sitka-Fichte;P2341;einheimisch;Westküste der Vereinigten Staaten;
Q147426;Picea sitchensis;Sitka-Fichte;P31;ist_eine;Taxon;
Q147426;Picea sitchensis;Sitka-Fichte;P3648;natureserve_conservation_status;secure;
Q147426;Picea sitchensis;Sitka-Fichte;P4214;hoechste_beobachtete_lebensdauer;532.0;
Q147426;Picea sitchensis;Sitka-Fichte;P566;basionym;Pinus sitchensis;
Q147426;Picea sitchensis;Sitka-Fichte;P9714;verbreitungsgebiet;Küste Oregons;
Q4730748;Pinus nigra ssp. nigra;Östereichische Schwarz-Kiefer;P105;taxonomischer_rang;Unterart;
Q4730748;Pinus nigra ssp. nigra;Östereichische Schwarz-Kiefer;P141;gefaehrdungsstufe_iucn;nicht gefährdet;
Q4730748;Pinus nigra ssp. nigra;Östereichische Schwarz-Kiefer;P171;uebergeordnetes_taxon;Schwarzkiefer;
Q4730748;Pinus nigra ssp. nigra;Östereichische Schwarz-Kiefer;P18;bild;http://commons.wikimedia.org/wiki/Special:FilePath/Pinus%20nigra%20%28subsp.%20nigra%29%20sl1.jpg;
Q4730748;Pinus nigra ssp. nigra;Östereichische Schwarz-Kiefer;P18;bild;http://commons.wikimedia.org/wiki/Special:FilePath/Vidikovac%20Sokolarica%20024.jpg;
Q4730748;Pinus nigra ssp. nigra;Östereichische Schwarz-Kiefer;P225;wissenschaftlicher_name;Pinus nigra subsp. nigra;
Q4730748;Pinus nigra ssp. nigra;Östereichische Schwarz-Kiefer;P31;ist_eine;Taxon;
Q146269;Populus alba 'Pyramidalis';Sorte der Weiß-Pappel;P105;taxonomischer_rang;Art;
Q146269;Populus alba 'Pyramidalis';Sorte der Weiß-Pappel;P10906;foliage_type;laubabwerfend;
Q146269;Populus alba 'Pyramidalis';Sorte der Weiß-Pappel;P141;gefaehrdungsstufe_iucn;nicht gefährdet;
Q146269;Populus alba 'Pyramidalis';Sorte der Weiß-Pappel;P1672;ursprung_von;white poplar wood;
Q146269;Populus alba 'Pyramidalis';Sorte der Weiß-Pappel;P171;uebergeordnetes_taxon;Pappeln;
Q146269;Populus alba 'Pyramidalis';Sorte der Weiß-Pappel;P18;bild;http://commons.wikimedia.org/wiki/Special:FilePath/Populus%20alba%2C%20Czajecice%2C%2020060812%201358.jpg;
Q146269;Populus alba 'Pyramidalis';Sorte der Weiß-Pappel;P181;verbreitungskarte_des_taxons;http://commons.wikimedia.org/wiki/Special:FilePath/Populus%20alba%20range.svg;
Q146269;Populus alba 'Pyramidalis';Sorte der Weiß-Pappel;P225;wissenschaftlicher_name;Populus alba;
Q146269;Populus alba 'Pyramidalis';Sorte der Weiß-Pappel;P2713;schnittansicht;http://commons.wikimedia.org/wiki/Special:FilePath/Populus%20alba%20cross%20section%20Marki.JPG;
Q146269;Populus alba 'Pyramidalis';Sorte der Weiß-Pappel;P31;ist_eine;Taxon;
Q146269;Populus alba 'Pyramidalis';Sorte der Weiß-Pappel;P366;verwendung;Heilpflanze;
Q146269;Populus alba 'Pyramidalis';Sorte der Weiß-Pappel;P443;aussprache_audiodatei;http://commons.wikimedia.org/wiki/Special:FilePath/De-Silberpappel.ogg;
Q146269;Populus alba 'Pyramidalis';Sorte der Weiß-Pappel;P9714;verbreitungsgebiet;Autonomes Gebiet Tibet;
Q146269;Populus alba 'Pyramidalis';Sorte der Weiß-Pappel;P9714;verbreitungsgebiet;Fujian;
Q146269;Populus alba 'Pyramidalis';Sorte der Weiß-Pappel;P9714;verbreitungsgebiet;Peking;
Q146269;Populus alba 'Pyramidalis';Sorte der Weiß-Pappel;P9714;verbreitungsgebiet;Volksrepublik China;
Q146269;Populus alba 'Pyramidalis';Sorte der Weiß-Pappel;P9714;verbreitungsgebiet;Xinjiang;
Q157393;Paulownia tomentosa;Blauglockenbaum;P105;taxonomischer_rang;Art;
Q157393;Paulownia tomentosa;Blauglockenbaum;P10906;foliage_type;laubabwerfend;
Q157393;Paulownia tomentosa;Blauglockenbaum;P138;benannt_nach;Anna Pawlowna;
Q157393;Paulownia tomentosa;Blauglockenbaum;P141;gefaehrdungsstufe_iucn;nicht gefährdet;
Q157393;Paulownia tomentosa;Blauglockenbaum;P1420;taxonomische_synonyme;Paulownia imperialis;
Q157393;Paulownia tomentosa;Blauglockenbaum;P171;uebergeordnetes_taxon;Paulownien;
Q157393;Paulownia tomentosa;Blauglockenbaum;P18;bild;http://commons.wikimedia.org/wiki/Special:FilePath/Paulownia%20tomentosa%20JPG2a.jpg;
Q157393;Paulownia tomentosa;Blauglockenbaum;P225;wissenschaftlicher_name;Paulownia tomentosa;
Q157393;Paulownia tomentosa;Blauglockenbaum;P279;unterklasse_von;Laubbaum;
Q157393;Paulownia tomentosa;Blauglockenbaum;P31;ist_eine;Taxon;
Q157393;Paulownia tomentosa;Blauglockenbaum;P366;verwendung;Heilpflanze;
Q157393;Paulownia tomentosa;Blauglockenbaum;P566;basionym;Bignonia tomentosa;
Q157393;Paulownia tomentosa;Blauglockenbaum;P9714;verbreitungsgebiet;Peking;
Q157393;Paulownia tomentosa;Blauglockenbaum;P9714;verbreitungsgebiet;Volksrepublik China;
Q886464;Malus x purpurea 'Profusion';Sorte vom Purpurapfel;P105;taxonomischer_rang;Nothospecies;
Q886464;Malus x purpurea 'Profusion';Sorte vom Purpurapfel;P10906;foliage_type;laubabwerfend;
Q886464;Malus x purpurea 'Profusion';Sorte vom Purpurapfel;P1531;hybrideltern;Halls Apfel;
Q886464;Malus x purpurea 'Profusion';Sorte vom Purpurapfel;P1531;hybrideltern;Malus domestica;
Q886464;Malus x purpurea 'Profusion';Sorte vom Purpurapfel;P1531;hybrideltern;Malus toringo;
Q886464;Malus x purpurea 'Profusion';Sorte vom Purpurapfel;P171;uebergeordnetes_taxon;Äpfel;
Q886464;Malus x purpurea 'Profusion';Sorte vom Purpurapfel;P18;bild;http://commons.wikimedia.org/wiki/Special:FilePath/Malus%20x%20purpurea%20var%20Lemoinei%20RB2.JPG;
Q886464;Malus x purpurea 'Profusion';Sorte vom Purpurapfel;P225;wissenschaftlicher_name;Malus × purpurea;
Q886464;Malus x purpurea 'Profusion';Sorte vom Purpurapfel;P279;unterklasse_von;Apfel;
Q886464;Malus x purpurea 'Profusion';Sorte vom Purpurapfel;P31;ist_eine;hybrid taxon;
Q886464;Malus x purpurea 'Profusion';Sorte vom Purpurapfel;P566;basionym;Japanischer Wildapfel;
Q1683370;Malus floribunda;Japanischer Apfel;P105;taxonomischer_rang;Art;
Q1683370;Malus floribunda;Japanischer Apfel;P12766;fungiert_als_basionym_von;Blutapfel;
Q1683370;Malus floribunda;Japanischer Apfel;P171;uebergeordnetes_taxon;Äpfel;
Q1683370;Malus floribunda;Japanischer Apfel;P18;bild;http://commons.wikimedia.org/wiki/Special:FilePath/Malus%20floribunda%20%28Japanese%20crabapple%29.jpg;
Q1683370;Malus floribunda;Japanischer Apfel;P225;wissenschaftlicher_name;Malus × floribunda;
Q1683370;Malus floribunda;Japanischer Apfel;P31;ist_eine;Taxon;
Q183543;Liquidambar species;Amberbaum;P105;taxonomischer_rang;Gattung;
Q183543;Liquidambar species;Amberbaum;P1420;taxonomische_synonyme;Sedgwickia;
Q183543;Liquidambar species;Amberbaum;P171;uebergeordnetes_taxon;Altingiaceae;
Q183543;Liquidambar species;Amberbaum;P18;bild;http://commons.wikimedia.org/wiki/Special:FilePath/Liquidambar%20orientalis%20-%20Turkish%20sweetgum%2001.jpg;
Q183543;Liquidambar species;Amberbaum;P18;bild;http://commons.wikimedia.org/wiki/Special:FilePath/Liquidambaseedpod.JPG;
Q183543;Liquidambar species;Amberbaum;P225;wissenschaftlicher_name;Liquidambar;
Q183543;Liquidambar species;Amberbaum;P279;unterklasse_von;Baum;
Q183543;Liquidambar species;Amberbaum;P31;ist_eine;Taxon;
Q183543;Liquidambar species;Amberbaum;P4000;fruchttyp;Kapselfrucht;
Q25350;Abies species;Tanne;P105;taxonomischer_rang;Gattung;
Q25350;Abies species;Tanne;P1672;ursprung_von;Tannenholz;
Q25350;Abies species;Tanne;P1672;ursprung_von;fir smell;
Q25350;Abies species;Tanne;P171;uebergeordnetes_taxon;Abietoideae;
Q25350;Abies species;Tanne;P18;bild;http://commons.wikimedia.org/wiki/Special:FilePath/Abies%20alba%20Wis%C5%82a%202.jpg;
Q25350;Abies species;Tanne;P18;bild;http://commons.wikimedia.org/wiki/Special:FilePath/Abies%20balsamea%202%20%285097476331%29.jpg;
Q25350;Abies species;Tanne;P18;bild;http://commons.wikimedia.org/wiki/Special:FilePath/Abies%20koreana%20%28szyszki%29.JPG;
Q25350;Abies species;Tanne;P225;wissenschaftlicher_name;Abies;
Q25350;Abies species;Tanne;P279;unterklasse_von;Baum;
Q25350;Abies species;Tanne;P31;ist_eine;Taxon;
Q25350;Abies species;Tanne;P427;nomenklatorischer_typ;Weiß-Tanne;
Q131113;Ulmus x hollandica 'Hybriden';Hybrid-Ulme;P105;taxonomischer_rang;Gattung;
Q131113;Ulmus x hollandica 'Hybriden';Hybrid-Ulme;P13177;homonymous_taxon;Ulmus;
Q131113;Ulmus x hollandica 'Hybriden';Hybrid-Ulme;P1672;ursprung_von;Ulmenholz;
Q131113;Ulmus x hollandica 'Hybriden';Hybrid-Ulme;P1672;ursprung_von;burr elm;
Q131113;Ulmus x hollandica 'Hybriden';Hybrid-Ulme;P171;uebergeordnetes_taxon;Ulmengewächse;
Q131113;Ulmus x hollandica 'Hybriden';Hybrid-Ulme;P18;bild;http://commons.wikimedia.org/wiki/Special:FilePath/East%20Coker%20elm%2C%202.jpg;
Q131113;Ulmus x hollandica 'Hybriden';Hybrid-Ulme;P18;bild;http://commons.wikimedia.org/wiki/Special:FilePath/Illustration%20Ulmus%20carpinifolia0.jpg;
Q131113;Ulmus x hollandica 'Hybriden';Hybrid-Ulme;P225;wissenschaftlicher_name;Ulmus;
Q131113;Ulmus x hollandica 'Hybriden';Hybrid-Ulme;P279;unterklasse_von;Baum;
Q131113;Ulmus x hollandica 'Hybriden';Hybrid-Ulme;P31;ist_eine;Taxon;
Q131113;Ulmus x hollandica 'Hybriden';Hybrid-Ulme;P366;verwendung;Ulmenbaum;
Q131113;Ulmus x hollandica 'Hybriden';Hybrid-Ulme;P4000;fruchttyp;Nüsschen;
Q131113;Ulmus x hollandica 'Hybriden';Hybrid-Ulme;P427;nomenklatorischer_typ;Ulmus campestris;
Q470006;Celtis occidentalis;Nordamerikanischer Zürgelbaum;P105;taxonomischer_rang;Art;
Q470006;Celtis occidentalis;Nordamerikanischer Zürgelbaum;P10906;foliage_type;laubabwerfend;
Q470006;Celtis occidentalis;Nordamerikanischer Zürgelbaum;P11220;fruchtfarbe;Grün;
Q470006;Celtis occidentalis;Nordamerikanischer Zürgelbaum;P11220;fruchtfarbe;dark maroon;
Q470006;Celtis occidentalis;Nordamerikanischer Zürgelbaum;P141;gefaehrdungsstufe_iucn;nicht gefährdet;
Q470006;Celtis occidentalis;Nordamerikanischer Zürgelbaum;P1672;ursprung_von;hackberry;
Q470006;Celtis occidentalis;Nordamerikanischer Zürgelbaum;P171;uebergeordnetes_taxon;Zürgelbäume;
Q470006;Celtis occidentalis;Nordamerikanischer Zürgelbaum;P18;bild;http://commons.wikimedia.org/wiki/Special:FilePath/Hackberry%20winter%20form.JPG;
Q470006;Celtis occidentalis;Nordamerikanischer Zürgelbaum;P181;verbreitungskarte_des_taxons;http://commons.wikimedia.org/wiki/Special:FilePath/Celtis%20occidentalis%20range%20map%204.png;
Q470006;Celtis occidentalis;Nordamerikanischer Zürgelbaum;P225;wissenschaftlicher_name;Celtis occidentalis;
Q470006;Celtis occidentalis;Nordamerikanischer Zürgelbaum;P31;ist_eine;Taxon;
Q470006;Celtis occidentalis;Nordamerikanischer Zürgelbaum;P3648;natureserve_conservation_status;secure;
Q110765849;Acer pseudoplatanus 'Atropurpureum';Sorte vom Berg-Ahorn;P105;taxonomischer_rang;Cultivar;
Q110765849;Acer pseudoplatanus 'Atropurpureum';Sorte vom Berg-Ahorn;P171;uebergeordnetes_taxon;Bergahorn;
Q110765849;Acer pseudoplatanus 'Atropurpureum';Sorte vom Berg-Ahorn;P225;wissenschaftlicher_name;Acer pseudoplatanus ʽAtropurpureum’;
Q110765849;Acer pseudoplatanus 'Atropurpureum';Sorte vom Berg-Ahorn;P31;ist_eine;Taxon;
Q1373854;Betula platyphylla;Mandschurische Birke;P105;taxonomischer_rang;Art;
Q1373854;Betula platyphylla;Mandschurische Birke;P13162;referenzabbildung;http://commons.wikimedia.org/wiki/Special:FilePath/Dong%20bei%20mu%20ben%20zhi%20wu%20tu%20zhi%20%281955%29%20%2820966251626%29.jpg;
Q1373854;Betula platyphylla;Mandschurische Birke;P171;uebergeordnetes_taxon;Birken;
Q1373854;Betula platyphylla;Mandschurische Birke;P18;bild;http://commons.wikimedia.org/wiki/Special:FilePath/Betula%20platyphylla%2001-10-2005%2014.55.52.JPG;
Q1373854;Betula platyphylla;Mandschurische Birke;P225;wissenschaftlicher_name;Betula platyphylla;
Q1373854;Betula platyphylla;Mandschurische Birke;P31;ist_eine;Makrophanerophyten;
Q1373854;Betula platyphylla;Mandschurische Birke;P31;ist_eine;Taxon;
Q1373854;Betula platyphylla;Mandschurische Birke;P366;verwendung;Baustoff;
Q1373854;Betula platyphylla;Mandschurische Birke;P366;verwendung;Brennholz;
Q1373854;Betula platyphylla;Mandschurische Birke;P366;verwendung;Dysenterie (Ruhr);
Q1373854;Betula platyphylla;Mandschurische Birke;P366;verwendung;Farbstoff;
Q1373854;Betula platyphylla;Mandschurische Birke;P366;verwendung;Futtermittel;
Q1373854;Betula platyphylla;Mandschurische Birke;P366;verwendung;Getränk;
Q1373854;Betula platyphylla;Mandschurische Birke;P366;verwendung;Heilpflanze;
Q1373854;Betula platyphylla;Mandschurische Birke;P366;verwendung;Holz;
Q1373854;Betula platyphylla;Mandschurische Birke;P366;verwendung;Insektizid;
Q1373854;Betula platyphylla;Mandschurische Birke;P366;verwendung;Nahrung;
Q1373854;Betula platyphylla;Mandschurische Birke;P9714;verbreitungsgebiet;Autonomes Gebiet Tibet;
Q1373854;Betula platyphylla;Mandschurische Birke;P9714;verbreitungsgebiet;Peking;
Q1373854;Betula platyphylla;Mandschurische Birke;P9714;verbreitungsgebiet;Tianjin;
Q1373854;Betula platyphylla;Mandschurische Birke;P9714;verbreitungsgebiet;Volksrepublik China;
Q10860787;Prunus subhirtella 'Autumnalis';Winterblühende Berg-Kirsche;P105;taxonomischer_rang;Cultivar;
Q10860787;Prunus subhirtella 'Autumnalis';Winterblühende Berg-Kirsche;P171;uebergeordnetes_taxon;Prunus subhirtella;
Q10860787;Prunus subhirtella 'Autumnalis';Winterblühende Berg-Kirsche;P18;bild;http://commons.wikimedia.org/wiki/Special:FilePath/Cerasus%20subhirtella.jpg;
Q10860787;Prunus subhirtella 'Autumnalis';Winterblühende Berg-Kirsche;P225;wissenschaftlicher_name;Prunus × subhirtella 'Autumnalis';
Q10860787;Prunus subhirtella 'Autumnalis';Winterblühende Berg-Kirsche;P31;ist_eine;Taxon;
Q161415;Quercus pubescens;Flaum-Eiche;P105;taxonomischer_rang;Art;
Q161415;Quercus pubescens;Flaum-Eiche;P141;gefaehrdungsstufe_iucn;nicht gefährdet;
Q161415;Quercus pubescens;Flaum-Eiche;P1672;ursprung_von;Eichenrinde;
Q161415;Quercus pubescens;Flaum-Eiche;P171;uebergeordnetes_taxon;Eichen;
Q161415;Quercus pubescens;Flaum-Eiche;P18;bild;http://commons.wikimedia.org/wiki/Special:FilePath/Flora%20della%20Sardegna%20003%20%2818%29.jpg;
Q161415;Quercus pubescens;Flaum-Eiche;P18;bild;http://commons.wikimedia.org/wiki/Special:FilePath/Quercus%20pubescens%20Tuscany.jpg;
Q161415;Quercus pubescens;Flaum-Eiche;P18;bild;http://commons.wikimedia.org/wiki/Special:FilePath/Quercus%20pubescens%20flowers%20illustration.jpg;
Q161415;Quercus pubescens;Flaum-Eiche;P18;bild;http://commons.wikimedia.org/wiki/Special:FilePath/Quercus%20pubescens052.jpg;
Q161415;Quercus pubescens;Flaum-Eiche;P181;verbreitungskarte_des_taxons;http://commons.wikimedia.org/wiki/Special:FilePath/Quercus%20pubescens%20range.svg;
Q161415;Quercus pubescens;Flaum-Eiche;P225;wissenschaftlicher_name;Quercus pubescens;
Q161415;Quercus pubescens;Flaum-Eiche;P279;unterklasse_von;Eichen;
Q161415;Quercus pubescens;Flaum-Eiche;P31;ist_eine;Taxon;
Q161415;Quercus pubescens;Flaum-Eiche;P5841;gefaehrdungsstatus_in_der_rote_liste_der_gefaehrdeten_arten_der_tschechischen_republik;near threatened;
Q1623892;Betula maximowicziana;Maximowiczs Birke;P105;taxonomischer_rang;Art;
Q1623892;Betula maximowicziana;Maximowiczs Birke;P13162;referenzabbildung;http://commons.wikimedia.org/wiki/Special:FilePath/Betula%20maximowiczii%20136-8337.jpg;
Q1623892;Betula maximowicziana;Maximowiczs Birke;P138;benannt_nach;Karl Johann Maximowicz;
Q1623892;Betula maximowicziana;Maximowiczs Birke;P141;gefaehrdungsstufe_iucn;nicht gefährdet;
Q1623892;Betula maximowicziana;Maximowiczs Birke;P171;uebergeordnetes_taxon;Birken;
Q1623892;Betula maximowicziana;Maximowiczs Birke;P18;bild;http://commons.wikimedia.org/wiki/Special:FilePath/Betula%20maximowicziana%2001-10-2005%2012.43.20.JPG;
Q1623892;Betula maximowicziana;Maximowiczs Birke;P225;wissenschaftlicher_name;Betula maximowicziana;
Q1623892;Betula maximowicziana;Maximowiczs Birke;P31;ist_eine;Taxon;
Q1623892;Betula maximowicziana;Maximowiczs Birke;P4000;fruchttyp;Nüsschen;
Q3079266;Pyrus calleriana;Chinesische Birne;P105;taxonomischer_rang;Art;
Q3079266;Pyrus calleriana;Chinesische Birne;P10906;foliage_type;laubabwerfend;
Q3079266;Pyrus calleriana;Chinesische Birne;P11801;visited_by;Bestäuber;
Q3079266;Pyrus calleriana;Chinesische Birne;P11801;visited_by;Singvögel;
Q3079266;Pyrus calleriana;Chinesische Birne;P138;benannt_nach;Joseph Marie Callery;
Q3079266;Pyrus calleriana;Chinesische Birne;P171;uebergeordnetes_taxon;Birnen;
Q3079266;Pyrus calleriana;Chinesische Birne;P18;bild;http://commons.wikimedia.org/wiki/Special:FilePath/Pyrus%20calleryana.JPG;
Q3079266;Pyrus calleriana;Chinesische Birne;P225;wissenschaftlicher_name;Pyrus calleryana;
Q3079266;Pyrus calleriana;Chinesische Birne;P2827;bluetenfarbe;Gelb;
Q3079266;Pyrus calleriana;Chinesische Birne;P2827;bluetenfarbe;Weiß;
Q3079266;Pyrus calleriana;Chinesische Birne;P31;ist_eine;Taxon;
Q3079266;Pyrus calleriana;Chinesische Birne;P366;verwendung;Gemüse;
Q3079266;Pyrus calleriana;Chinesische Birne;P366;verwendung;Heilpflanze;
Q3079266;Pyrus calleriana;Chinesische Birne;P366;verwendung;Holz;
Q3079266;Pyrus calleriana;Chinesische Birne;P366;verwendung;Nahrung;
Q3079266;Pyrus calleriana;Chinesische Birne;P366;verwendung;Obst;
Q3079266;Pyrus calleriana;Chinesische Birne;P5872;riecht_nach;sperma;
Q3079266;Pyrus calleriana;Chinesische Birne;P8193;winterhaerte_der_pflanze;5;
Q3079266;Pyrus calleriana;Chinesische Birne;P9714;verbreitungsgebiet;Fujian;
Q3079266;Pyrus calleriana;Chinesische Birne;P9714;verbreitungsgebiet;Guangdong;
Q3079266;Pyrus calleriana;Chinesische Birne;P9714;verbreitungsgebiet;Shanghai;
Q3079266;Pyrus calleriana;Chinesische Birne;P9714;verbreitungsgebiet;Volksrepublik China;
Q3079266;Pyrus calleriana;Chinesische Birne;P9714;verbreitungsgebiet;Zhoushan-Inseln;
Q161421;Fraxinus ornus `Mecsek`;Kugel Blumenesche;P105;taxonomischer_rang;Art;
Q161421;Fraxinus ornus `Mecsek`;Kugel Blumenesche;P10906;foliage_type;laubabwerfend;
Q161421;Fraxinus ornus `Mecsek`;Kugel Blumenesche;P141;gefaehrdungsstufe_iucn;nicht gefährdet;
Q161421;Fraxinus ornus `Mecsek`;Kugel Blumenesche;P171;uebergeordnetes_taxon;Eschen;
Q161421;Fraxinus ornus `Mecsek`;Kugel Blumenesche;P18;bild;http://commons.wikimedia.org/wiki/Special:FilePath/%28MHNT%29%20Fraxinus%20ornus%20-%20Flowers%20-%20Fronton%20%28Haute-Garonne%29.jpg;
Q161421;Fraxinus ornus `Mecsek`;Kugel Blumenesche;P18;bild;http://commons.wikimedia.org/wiki/Special:FilePath/COI00055913%20-%20Fraxinus%20ornus%20-%20Studniczka%2C%20Carl%20-%20s.n..jpg;
Q161421;Fraxinus ornus `Mecsek`;Kugel Blumenesche;P18;bild;http://commons.wikimedia.org/wiki/Special:FilePath/Flowering%20Ash%20Larousse%20Extracted.png;
Q161421;Fraxinus ornus `Mecsek`;Kugel Blumenesche;P18;bild;http://commons.wikimedia.org/wiki/Special:FilePath/Fraxinu%20ornus%20-%20Jasen%20%281%29.jpg;
Q161421;Fraxinus ornus `Mecsek`;Kugel Blumenesche;P18;bild;http://commons.wikimedia.org/wiki/Special:FilePath/Fraxinus%20ornus%20JPG2.jpg;
Q161421;Fraxinus ornus `Mecsek`;Kugel Blumenesche;P181;verbreitungskarte_des_taxons;http://commons.wikimedia.org/wiki/Special:FilePath/Fraxinus%20ornus%20range.svg;
Q161421;Fraxinus ornus `Mecsek`;Kugel Blumenesche;P225;wissenschaftlicher_name;Fraxinus ornus;
Q161421;Fraxinus ornus `Mecsek`;Kugel Blumenesche;P31;ist_eine;Heilpflanze;
Q161421;Fraxinus ornus `Mecsek`;Kugel Blumenesche;P31;ist_eine;Taxon;
Q161421;Fraxinus ornus `Mecsek`;Kugel Blumenesche;P4000;fruchttyp;Flügelnuss;
Q163025;Platanus species;Platane;P105;taxonomischer_rang;Gattung;
Q163025;Platanus species;Platane;P1282;openstreetmap_attribut;genus=Platanus;
Q163025;Platanus species;Platane;P1672;ursprung_von;sycamore;
Q163025;Platanus species;Platane;P171;uebergeordnetes_taxon;Platanaceae;
Q163025;Platanus species;Platane;P18;bild;http://commons.wikimedia.org/wiki/Special:FilePath/Platanus%20orientalis-IMG%205938.jpg;
Q163025;Platanus species;Platane;P18;bild;http://commons.wikimedia.org/wiki/Special:FilePath/PlatanusAcerifoliaTrunk.jpg;
Q163025;Platanus species;Platane;P225;wissenschaftlicher_name;Platanus;
Q163025;Platanus species;Platane;P279;unterklasse_von;Baum;
Q163025;Platanus species;Platane;P31;ist_eine;Taxon;
Q163025;Platanus species;Platane;P4000;fruchttyp;Nüsschen;
Q163025;Platanus species;Platane;P427;nomenklatorischer_typ;Morgenländische Platane;
Q163025;Platanus species;Platane;P443;aussprache_audiodatei;http://commons.wikimedia.org/wiki/Special:FilePath/LL-Q150%20%28fra%29-Fabricio%20Cardenas%20%28Culex%29-platane.wav;
Q165145;Quercus robur 'Fastigiata Kloster';Stieleiche 'Fastigiata Kloster';P105;taxonomischer_rang;Art;
Q165145;Quercus robur 'Fastigiata Kloster';Stieleiche 'Fastigiata Kloster';P10906;foliage_type;laubabwerfend;
Q165145;Quercus robur 'Fastigiata Kloster';Stieleiche 'Fastigiata Kloster';P12616;leaf_morphology;lobate leaf blade;
Q165145;Quercus robur 'Fastigiata Kloster';Stieleiche 'Fastigiata Kloster';P12616;leaf_morphology;lobate leaf edge;
Q165145;Quercus robur 'Fastigiata Kloster';Stieleiche 'Fastigiata Kloster';P12616;leaf_morphology;obovate leaf blade;
Q165145;Quercus robur 'Fastigiata Kloster';Stieleiche 'Fastigiata Kloster';P12616;leaf_morphology;sitzendes Blatt;
Q165145;Quercus robur 'Fastigiata Kloster';Stieleiche 'Fastigiata Kloster';P13478;nomenklatorischer_typ_von;Eichen;
Q165145;Quercus robur 'Fastigiata Kloster';Stieleiche 'Fastigiata Kloster';P141;gefaehrdungsstufe_iucn;nicht gefährdet;
Q165145;Quercus robur 'Fastigiata Kloster';Stieleiche 'Fastigiata Kloster';P1420;taxonomische_synonyme;Quercus longaeva;
Q165145;Quercus robur 'Fastigiata Kloster';Stieleiche 'Fastigiata Kloster';P1672;ursprung_von;Eichel;
Q165145;Quercus robur 'Fastigiata Kloster';Stieleiche 'Fastigiata Kloster';P1672;ursprung_von;oakwood from Quercus robur;
Q165145;Quercus robur 'Fastigiata Kloster';Stieleiche 'Fastigiata Kloster';P171;uebergeordnetes_taxon;Eichen;
Q165145;Quercus robur 'Fastigiata Kloster';Stieleiche 'Fastigiata Kloster';P18;bild;http://commons.wikimedia.org/wiki/Special:FilePath/Paprastasis%20azuolas.JPG;
Q165145;Quercus robur 'Fastigiata Kloster';Stieleiche 'Fastigiata Kloster';P181;verbreitungskarte_des_taxons;http://commons.wikimedia.org/wiki/Special:FilePath/Quercus%20robur%20range.svg;
Q165145;Quercus robur 'Fastigiata Kloster';Stieleiche 'Fastigiata Kloster';P225;wissenschaftlicher_name;Quercus robur;
Q165145;Quercus robur 'Fastigiata Kloster';Stieleiche 'Fastigiata Kloster';P279;unterklasse_von;Eichen;
Q165145;Quercus robur 'Fastigiata Kloster';Stieleiche 'Fastigiata Kloster';P31;ist_eine;Heilpflanze;
Q165145;Quercus robur 'Fastigiata Kloster';Stieleiche 'Fastigiata Kloster';P31;ist_eine;Taxon;
Q165145;Quercus robur 'Fastigiata Kloster';Stieleiche 'Fastigiata Kloster';P4000;fruchttyp;Nussfrucht;
Q165145;Quercus robur 'Fastigiata Kloster';Stieleiche 'Fastigiata Kloster';P4214;hoechste_beobachtete_lebensdauer;930.0;
Q165145;Quercus robur 'Fastigiata Kloster';Stieleiche 'Fastigiata Kloster';P5252;winteransicht;http://commons.wikimedia.org/wiki/Special:FilePath/Quercus%20robur%20-%20Stanislav%20Murashkin%20-%20606130821.jpeg;
Q165145;Quercus robur 'Fastigiata Kloster';Stieleiche 'Fastigiata Kloster';P8193;winterhaerte_der_pflanze;5;
Q165145;Quercus robur 'Fastigiata Kloster';Stieleiche 'Fastigiata Kloster';P9714;verbreitungsgebiet;Volksrepublik China;
Q26782;Picea species;Fichte;P105;taxonomischer_rang;Gattung;
Q26782;Picea species;Fichte;P1672;ursprung_von;Fichtenholz;
Q26782;Picea species;Fichte;P171;uebergeordnetes_taxon;Piceoideae;
Q26782;Picea species;Fichte;P18;bild;http://commons.wikimedia.org/wiki/Special:FilePath/Picea%20abies.jpg;
Q26782;Picea species;Fichte;P225;wissenschaftlicher_name;Picea;
Q26782;Picea species;Fichte;P279;unterklasse_von;Baum;
Q26782;Picea species;Fichte;P31;ist_eine;Taxon;
Q26782;Picea species;Fichte;P427;nomenklatorischer_typ;Gemeine Fichte;
Q25239;Alnus species;Erle;P105;taxonomischer_rang;Gattung;
Q25239;Alnus species;Erle;P1420;taxonomische_synonyme;Alnaster;
Q25239;Alnus species;Erle;P1672;ursprung_von;Erlenholz;
Q25239;Alnus species;Erle;P171;uebergeordnetes_taxon;Birkengewächse;
Q25239;Alnus species;Erle;P18;bild;http://commons.wikimedia.org/wiki/Special:FilePath/Tagalder8139.jpg;
Q25239;Alnus species;Erle;P225;wissenschaftlicher_name;Alnus;
Q25239;Alnus species;Erle;P279;unterklasse_von;Baum;
Q25239;Alnus species;Erle;P31;ist_eine;Taxon;
Q25239;Alnus species;Erle;P4000;fruchttyp;Nüsschen;
Q149741;Prunus domestica ssp. Syriaca;Pflaume,Mirabelle;P105;taxonomischer_rang;Unterart;
Q149741;Prunus domestica ssp. Syriaca;Pflaume,Mirabelle;P1672;ursprung_von;Mirabelle;
Q149741;Prunus domestica ssp. Syriaca;Pflaume,Mirabelle;P171;uebergeordnetes_taxon;Pflaume;
Q149741;Prunus domestica ssp. Syriaca;Pflaume,Mirabelle;P18;bild;http://commons.wikimedia.org/wiki/Special:FilePath/Mirabelki%20Hufcowa.JPG;
Q149741;Prunus domestica ssp. Syriaca;Pflaume,Mirabelle;P225;wissenschaftlicher_name;Prunus domestica subsp. syriaca;
Q149741;Prunus domestica ssp. Syriaca;Pflaume,Mirabelle;P31;ist_eine;Taxon;
Q149741;Prunus domestica ssp. Syriaca;Pflaume,Mirabelle;P566;basionym;Prunus syriaca;
Q130467230;Robinia pseudoacacia 'Unifoliola';Einblättrige Robinie;P105;taxonomischer_rang;Cultivar;
Q130467230;Robinia pseudoacacia 'Unifoliola';Einblättrige Robinie;P171;uebergeordnetes_taxon;Gewöhnliche Robinie;
Q130467230;Robinia pseudoacacia 'Unifoliola';Einblättrige Robinie;P225;wissenschaftlicher_name;Robinia pseudoacacia 'Unifoliola';
Q130467230;Robinia pseudoacacia 'Unifoliola';Einblättrige Robinie;P31;ist_eine;Taxon;
Q22701;Sambucus nigra;Schwarzer Holunder;P105;taxonomischer_rang;Art;
Q22701;Sambucus nigra;Schwarzer Holunder;P1325;externe_daten;https://www.gbif.org/dataset/31dc1507-a6e1-4233-a8df-c7a78596a7e4;
Q22701;Sambucus nigra;Schwarzer Holunder;P141;gefaehrdungsstufe_iucn;nicht gefährdet;
Q22701;Sambucus nigra;Schwarzer Holunder;P1672;ursprung_von;European elderberry juice;
Q22701;Sambucus nigra;Schwarzer Holunder;P1672;ursprung_von;Holunderbeeren;
Q22701;Sambucus nigra;Schwarzer Holunder;P1672;ursprung_von;Holunderblüte;
Q22701;Sambucus nigra;Schwarzer Holunder;P1672;ursprung_von;Holunderrinde;
Q22701;Sambucus nigra;Schwarzer Holunder;P1672;ursprung_von;elder wood;
Q22701;Sambucus nigra;Schwarzer Holunder;P1672;ursprung_von;elderberry extract;
Q22701;Sambucus nigra;Schwarzer Holunder;P171;uebergeordnetes_taxon;Holunder;
Q22701;Sambucus nigra;Schwarzer Holunder;P18;bild;http://commons.wikimedia.org/wiki/Special:FilePath/00%203769%20Schwarzen%20Holunder%20%28Sambucus%20nigra%29.jpg;
Q22701;Sambucus nigra;Schwarzer Holunder;P18;bild;http://commons.wikimedia.org/wiki/Special:FilePath/00%203775%20Schwarzer%20Hollunder%20%28Sambucus%20nigra%29.jpg;
Q22701;Sambucus nigra;Schwarzer Holunder;P18;bild;http://commons.wikimedia.org/wiki/Special:FilePath/Dettaglio%20-%20Caprifoliaceae%20Sambucus%20nigra%20Lin.%20Erbario%20Frizzi%20Perugia%20n.%203639.jpg;
Q22701;Sambucus nigra;Schwarzer Holunder;P18;bild;http://commons.wikimedia.org/wiki/Special:FilePath/Old%20sambucus%20nigra.jpg;
Q22701;Sambucus nigra;Schwarzer Holunder;P18;bild;http://commons.wikimedia.org/wiki/Special:FilePath/Sambucus%20nigra%20004.jpg;
Q22701;Sambucus nigra;Schwarzer Holunder;P18;bild;http://commons.wikimedia.org/wiki/Special:FilePath/Sambucus%20nigra%20L.%203018057113.jpg;
Q22701;Sambucus nigra;Schwarzer Holunder;P181;verbreitungskarte_des_taxons;http://commons.wikimedia.org/wiki/Special:FilePath/Sambucus%20nigra%20range.svg;
Q22701;Sambucus nigra;Schwarzer Holunder;P225;wissenschaftlicher_name;Sambucus nigra;
Q22701;Sambucus nigra;Schwarzer Holunder;P279;unterklasse_von;Obstbaum;
Q22701;Sambucus nigra;Schwarzer Holunder;P279;unterklasse_von;Strauch;
Q22701;Sambucus nigra;Schwarzer Holunder;P31;ist_eine;Taxon;
Q22701;Sambucus nigra;Schwarzer Holunder;P3648;natureserve_conservation_status;secure;
Q22701;Sambucus nigra;Schwarzer Holunder;P366;verwendung;Heilpflanze;
Q22701;Sambucus nigra;Schwarzer Holunder;P4000;fruchttyp;Steinfrucht;
Q22701;Sambucus nigra;Schwarzer Holunder;P5555;schematische_darstellung;http://commons.wikimedia.org/wiki/Special:FilePath/Sambucus%20nigra%20flowerdiagram.png;
Q22701;Sambucus nigra;Schwarzer Holunder;P9714;verbreitungsgebiet;Fujian;
Q22701;Sambucus nigra;Schwarzer Holunder;P9714;verbreitungsgebiet;Gabun;
Q22701;Sambucus nigra;Schwarzer Holunder;P9714;verbreitungsgebiet;Volksrepublik China;
Q22701;Sambucus nigra;Schwarzer Holunder;P973;beschrieben_in_url;https://yerbateca.org/plantas/sambucus-nigra/;
Q1536195;Ulmus carpinifolia 'Wredei';Goldulme;P105;taxonomischer_rang;Cultivar;
Q1536195;Ulmus carpinifolia 'Wredei';Goldulme;P171;uebergeordnetes_taxon;Holländische Ulme;
Q1536195;Ulmus carpinifolia 'Wredei';Goldulme;P18;bild;http://commons.wikimedia.org/wiki/Special:FilePath/RN%20Ulmus%20hollandica%20Wredei%20%28stadspark%20groningen%29.JPG;
Q1536195;Ulmus carpinifolia 'Wredei';Goldulme;P225;wissenschaftlicher_name;Ulmus ×hollandica ‘Wredei’;
Q1536195;Ulmus carpinifolia 'Wredei';Goldulme;P31;ist_eine;Cultivar;
Q99646388;Malus 'Golden Hornet';Zierapfel;P18;bild;http://commons.wikimedia.org/wiki/Special:FilePath/Malus%20fruit.jpg;
Q99646388;Malus 'Golden Hornet';Zierapfel;P279;unterklasse_von;Apfel;
Q99646388;Malus 'Golden Hornet';Zierapfel;P31;ist_eine;Apfelsorte;
Q146911;Cupressus species;Zypresse;P105;taxonomischer_rang;Gattung;
Q146911;Cupressus species;Zypresse;P1420;taxonomische_synonyme;Callitropsis;
Q146911;Cupressus species;Zypresse;P1420;taxonomische_synonyme;Hesperocyparis;
Q146911;Cupressus species;Zypresse;P1420;taxonomische_synonyme;Xanthocyparis;
Q146911;Cupressus species;Zypresse;P1672;ursprung_von;Zypressenholz;
Q146911;Cupressus species;Zypresse;P171;uebergeordnetes_taxon;Cupressoideae;
Q146911;Cupressus species;Zypresse;P171;uebergeordnetes_taxon;Zypressengewächse;
Q146911;Cupressus species;Zypresse;P18;bild;http://commons.wikimedia.org/wiki/Special:FilePath/Cupressus%20nootkatensis%2043603.jpg;
Q146911;Cupressus species;Zypresse;P18;bild;http://commons.wikimedia.org/wiki/Special:FilePath/Cupressus%20pygmaea%20foliage%20cones.jpg;
Q146911;Cupressus species;Zypresse;P18;bild;http://commons.wikimedia.org/wiki/Special:FilePath/Cypress%20Halefka.JPG;
Q146911;Cupressus species;Zypresse;P225;wissenschaftlicher_name;Cupressus;
Q146911;Cupressus species;Zypresse;P279;unterklasse_von;Baum;
Q146911;Cupressus species;Zypresse;P31;ist_eine;Taxon;
Q146911;Cupressus species;Zypresse;P427;nomenklatorischer_typ;Trauerzypresse;
Q149269;Acer japonicum;Japanischer Ahorn;P105;taxonomischer_rang;Art;
Q149269;Acer japonicum;Japanischer Ahorn;P10906;foliage_type;laubabwerfend;
Q149269;Acer japonicum;Japanischer Ahorn;P13162;referenzabbildung;http://commons.wikimedia.org/wiki/Special:FilePath/Acer%20japonicum%20SZ144.png;
Q149269;Acer japonicum;Japanischer Ahorn;P13162;referenzabbildung;http://commons.wikimedia.org/wiki/Special:FilePath/Acer%20japonicum001.JPG;
Q149269;Acer japonicum;Japanischer Ahorn;P141;gefaehrdungsstufe_iucn;nicht gefährdet;
Q149269;Acer japonicum;Japanischer Ahorn;P171;uebergeordnetes_taxon;Ahorn;
Q149269;Acer japonicum;Japanischer Ahorn;P18;bild;http://commons.wikimedia.org/wiki/Special:FilePath/Acer%20japonicum%20aconitifolium%20fall%20color.JPG;
Q149269;Acer japonicum;Japanischer Ahorn;P225;wissenschaftlicher_name;Acer japonicum;
Q149269;Acer japonicum;Japanischer Ahorn;P31;ist_eine;Taxon;
Q149269;Acer japonicum;Japanischer Ahorn;P4000;fruchttyp;Flügelnuss;
Q148950;Taxodium distichum;Sumpfzypresse;P105;taxonomischer_rang;Art;
Q148950;Taxodium distichum;Sumpfzypresse;P13162;referenzabbildung;http://commons.wikimedia.org/wiki/Special:FilePath/Southern%20wild%20flowers%20and%20trees%20%28Page%2013%2C%20Plate%20V%29%20BHL23630185.jpg;
Q148950;Taxodium distichum;Sumpfzypresse;P141;gefaehrdungsstufe_iucn;nicht gefährdet;
Q148950;Taxodium distichum;Sumpfzypresse;P1672;ursprung_von;baldcypress;
Q148950;Taxodium distichum;Sumpfzypresse;P171;uebergeordnetes_taxon;Sumpfzypressen;
Q148950;Taxodium distichum;Sumpfzypresse;P18;bild;http://commons.wikimedia.org/wiki/Special:FilePath/Taxodium%20distichum%20NRCSMS01010.jpg;
Q148950;Taxodium distichum;Sumpfzypresse;P225;wissenschaftlicher_name;Taxodium distichum;
Q148950;Taxodium distichum;Sumpfzypresse;P2974;habitat;Zypressensumpf;
Q148950;Taxodium distichum;Sumpfzypresse;P31;ist_eine;Taxon;
Q148950;Taxodium distichum;Sumpfzypresse;P3648;natureserve_conservation_status;secure;
Q148950;Taxodium distichum;Sumpfzypresse;P366;verwendung;Aufforstung;
Q148950;Taxodium distichum;Sumpfzypresse;P366;verwendung;Holz;
Q148950;Taxodium distichum;Sumpfzypresse;P4214;hoechste_beobachtete_lebensdauer;2624.0;
Q148950;Taxodium distichum;Sumpfzypresse;P443;aussprache_audiodatei;http://commons.wikimedia.org/wiki/Special:FilePath/LL-Q150%20%28fra%29-Marie-Th%C3%A9r%C3%A8se%20Benatia%20%28BiblioCanet66%29-cypr%C3%A8s%20chauve.wav;
Q148950;Taxodium distichum;Sumpfzypresse;P566;basionym;Cupressus disticha;
Q148950;Taxodium distichum;Sumpfzypresse;P9714;verbreitungsgebiet;Fujian;
Q148950;Taxodium distichum;Sumpfzypresse;P9714;verbreitungsgebiet;Guangdong;
Q148950;Taxodium distichum;Sumpfzypresse;P9714;verbreitungsgebiet;Volksrepublik China;
Q163981;Tilia americana;Amerikanische Linde;P105;taxonomischer_rang;Art;
Q163981;Tilia americana;Amerikanische Linde;P10906;foliage_type;laubabwerfend;
Q163981;Tilia americana;Amerikanische Linde;P12616;leaf_morphology;acuminate leaf point;
Q163981;Tilia americana;Amerikanische Linde;P12616;leaf_morphology;asymmetrical leaf blade;
Q163981;Tilia americana;Amerikanische Linde;P12616;leaf_morphology;cordate leaf base;
Q163981;Tilia americana;Amerikanische Linde;P12616;leaf_morphology;ovate leaf blade;
Q163981;Tilia americana;Amerikanische Linde;P12616;leaf_morphology;serrate leaf edge;
Q163981;Tilia americana;Amerikanische Linde;P12616;leaf_morphology;suborbicular leaf blade;
Q163981;Tilia americana;Amerikanische Linde;P12616;leaf_morphology;truncate leaf base;
Q163981;Tilia americana;Amerikanische Linde;P141;gefaehrdungsstufe_iucn;nicht gefährdet;
Q163981;Tilia americana;Amerikanische Linde;P1420;taxonomische_synonyme;Tilia alabamensis;
Q163981;Tilia americana;Amerikanische Linde;P1420;taxonomische_synonyme;Tilia apposita;
Q163981;Tilia americana;Amerikanische Linde;P1420;taxonomische_synonyme;Tilia ashei;
Q163981;Tilia americana;Amerikanische Linde;P1420;taxonomische_synonyme;Tilia australis;
Q163981;Tilia americana;Amerikanische Linde;P1420;taxonomische_synonyme;Tilia canadensis;
Q163981;Tilia americana;Amerikanische Linde;P1420;taxonomische_synonyme;Tilia caroliniana;
Q163981;Tilia americana;Amerikanische Linde;P1420;taxonomische_synonyme;Tilia cocksii;
Q163981;Tilia americana;Amerikanische Linde;P1420;taxonomische_synonyme;Tilia eburnea;
Q163981;Tilia americana;Amerikanische Linde;P1420;taxonomische_synonyme;Tilia georgiana;
Q163981;Tilia americana;Amerikanische Linde;P1420;taxonomische_synonyme;Tilia hypoleuca;
Q163981;Tilia americana;Amerikanische Linde;P1420;taxonomische_synonyme;Tilia lata;
Q163981;Tilia americana;Amerikanische Linde;P1420;taxonomische_synonyme;Tilia leptophylla;
Q163981;Tilia americana;Amerikanische Linde;P1420;taxonomische_synonyme;Tilia leucocarpa;
Q163981;Tilia americana;Amerikanische Linde;P1420;taxonomische_synonyme;Tilia littoralis;
Q163981;Tilia americana;Amerikanische Linde;P1420;taxonomische_synonyme;Tilia longifolia;
Q163981;Tilia americana;Amerikanische Linde;P1420;taxonomische_synonyme;Tilia neglecta;
Q163981;Tilia americana;Amerikanische Linde;P1420;taxonomische_synonyme;Tilia nigra;
Q163981;Tilia americana;Amerikanische Linde;P1420;taxonomische_synonyme;Tilia nuda;
Q163981;Tilia americana;Amerikanische Linde;P1420;taxonomische_synonyme;Tilia palmeri;
Q163981;Tilia americana;Amerikanische Linde;P1420;taxonomische_synonyme;Tilia pertomentosa;
Q163981;Tilia americana;Amerikanische Linde;P1420;taxonomische_synonyme;Tilia phanera;
Q163981;Tilia americana;Amerikanische Linde;P1420;taxonomische_synonyme;Tilia porracea;
Q163981;Tilia americana;Amerikanische Linde;P1420;taxonomische_synonyme;Tilia pubescens;
Q163981;Tilia americana;Amerikanische Linde;P1420;taxonomische_synonyme;Tilia relicta;
Q163981;Tilia americana;Amerikanische Linde;P1420;taxonomische_synonyme;Tilia stenopetala;
Q163981;Tilia americana;Amerikanische Linde;P1420;taxonomische_synonyme;Tilia texana;
Q163981;Tilia americana;Amerikanische Linde;P1420;taxonomische_synonyme;Tilia velutina;
Q163981;Tilia americana;Amerikanische Linde;P1420;taxonomische_synonyme;Tilia venulosa;
Q163981;Tilia americana;Amerikanische Linde;P1552;charakterisiert_durch;florets per infloresence;
Q163981;Tilia americana;Amerikanische Linde;P1672;ursprung_von;basswood;
Q163981;Tilia americana;Amerikanische Linde;P171;uebergeordnetes_taxon;Linde;
Q163981;Tilia americana;Amerikanische Linde;P18;bild;http://commons.wikimedia.org/wiki/Special:FilePath/TiliaAmericana%20%287477%20%282575057822%29.jpg;
Q163981;Tilia americana;Amerikanische Linde;P2043;laenge;15.0;
Q163981;Tilia americana;Amerikanische Linde;P2043;laenge;16.0;
Q163981;Tilia americana;Amerikanische Linde;P2043;laenge;5.0;
Q163981;Tilia americana;Amerikanische Linde;P2043;laenge;65.0;
Q163981;Tilia americana;Amerikanische Linde;P2043;laenge;7.0;
Q163981;Tilia americana;Amerikanische Linde;P2048;hoehe;43.0;
Q163981;Tilia americana;Amerikanische Linde;P225;wissenschaftlicher_name;Tilia americana;
Q163981;Tilia americana;Amerikanische Linde;P2827;bluetenfarbe;Gelb;
Q163981;Tilia americana;Amerikanische Linde;P31;ist_eine;Taxon;
Q163981;Tilia americana;Amerikanische Linde;P3739;bluetenstand;axillary infloresence;
Q163981;Tilia americana;Amerikanische Linde;P3739;bluetenstand;cyme;
Q163981;Tilia americana;Amerikanische Linde;P3739;bluetenstand;pendulous infloresence;
Q163981;Tilia americana;Amerikanische Linde;P3739;bluetenstand;staminodate florets or flower;
Q163981;Tilia americana;Amerikanische Linde;P8193;winterhaerte_der_pflanze;2;
Q147939;Laburnum anagyroides;Gemeiner Goldregen;P105;taxonomischer_rang;Art;
Q147939;Laburnum anagyroides;Gemeiner Goldregen;P10906;foliage_type;laubabwerfend;
Q147939;Laburnum anagyroides;Gemeiner Goldregen;P141;gefaehrdungsstufe_iucn;nicht gefährdet;
Q147939;Laburnum anagyroides;Gemeiner Goldregen;P171;uebergeordnetes_taxon;Goldregen;
Q147939;Laburnum anagyroides;Gemeiner Goldregen;P18;bild;http://commons.wikimedia.org/wiki/Special:FilePath/Laburnum%20anagyroides%20ENBLA03.jpg;
Q147939;Laburnum anagyroides;Gemeiner Goldregen;P225;wissenschaftlicher_name;Laburnum anagyroides;
Q147939;Laburnum anagyroides;Gemeiner Goldregen;P31;ist_eine;Taxon;
Q147939;Laburnum anagyroides;Gemeiner Goldregen;P9714;verbreitungsgebiet;Volksrepublik China;
Q25243;Betula species;Birke;P105;taxonomischer_rang;Gattung;
Q25243;Betula species;Birke;P1672;ursprung_von;Baltic birch;
Q25243;Betula species;Birke;P1672;ursprung_von;Birkenholz;
Q25243;Betula species;Birke;P1672;ursprung_von;Birkenrinde;
Q25243;Betula species;Birke;P1672;ursprung_von;Birkensaft;
Q25243;Betula species;Birke;P1672;ursprung_von;Birkensamen;
Q25243;Betula species;Birke;P1672;ursprung_von;Birkenöle;
Q25243;Betula species;Birke;P1672;ursprung_von;birch triterpenes;
Q25243;Betula species;Birke;P1672;ursprung_von;smell of birch;
Q25243;Betula species;Birke;P1672;ursprung_von;smell of birch tar;
Q25243;Betula species;Birke;P171;uebergeordnetes_taxon;Birkengewächse;
Q25243;Betula species;Birke;P18;bild;http://commons.wikimedia.org/wiki/Special:FilePath/Illustration%20Betula%20pendula0.jpg;
Q25243;Betula species;Birke;P181;verbreitungskarte_des_taxons;http://commons.wikimedia.org/wiki/Special:FilePath/Betula%20area.svg;
Q25243;Betula species;Birke;P225;wissenschaftlicher_name;Betula;
Q25243;Betula species;Birke;P279;unterklasse_von;Baum;
Q25243;Betula species;Birke;P279;unterklasse_von;Gehölz;
Q25243;Betula species;Birke;P31;ist_eine;Taxon;
Q25243;Betula species;Birke;P4000;fruchttyp;Nüsschen;
Q25243;Betula species;Birke;P427;nomenklatorischer_typ;Betula alba;
Q728441;Cornus kousa;Japanischer Hartriegel;P105;taxonomischer_rang;Art;
Q728441;Cornus kousa;Japanischer Hartriegel;P10906;foliage_type;laubabwerfend;
Q728441;Cornus kousa;Japanischer Hartriegel;P141;gefaehrdungsstufe_iucn;nicht gefährdet;
Q728441;Cornus kousa;Japanischer Hartriegel;P171;uebergeordnetes_taxon;Hartriegel;
Q728441;Cornus kousa;Japanischer Hartriegel;P18;bild;http://commons.wikimedia.org/wiki/Special:FilePath/2022-06-19%2017%2012%2036%20A%20Korean%20Dogwood%20blooming%20along%20Lochatong%20Road%20in%20the%20Mountainview%20section%20of%20Ewing%20Township%2C%20Mercer%20County%2C%20New%20Jersey.jpg;
Q728441;Cornus kousa;Japanischer Hartriegel;P18;bild;http://commons.wikimedia.org/wiki/Special:FilePath/Longwood%202011%2009%2002%200241%20%286160777858%29.jpg;
Q728441;Cornus kousa;Japanischer Hartriegel;P225;wissenschaftlicher_name;Cornus kousa;
Q728441;Cornus kousa;Japanischer Hartriegel;P2827;bluetenfarbe;Weiß;
Q728441;Cornus kousa;Japanischer Hartriegel;P2827;bluetenfarbe;cremefarben;
Q728441;Cornus kousa;Japanischer Hartriegel;P2827;bluetenfarbe;elfenbeinfarben;
Q728441;Cornus kousa;Japanischer Hartriegel;P31;ist_eine;Taxon;
Q728441;Cornus kousa;Japanischer Hartriegel;P366;verwendung;Heilpflanze;
Q149851;Sequoiadendron giganteum;Mammutbaum;P105;taxonomischer_rang;Art;
Q149851;Sequoiadendron giganteum;Mammutbaum;P141;gefaehrdungsstufe_iucn;gefährdete Tierarten;
Q149851;Sequoiadendron giganteum;Mammutbaum;P1420;taxonomische_synonyme;Sequoia gigantea;
Q149851;Sequoiadendron giganteum;Mammutbaum;P1420;taxonomische_synonyme;Wellingtonia gigantea;
Q149851;Sequoiadendron giganteum;Mammutbaum;P171;uebergeordnetes_taxon;Sequoiadendron;
Q149851;Sequoiadendron giganteum;Mammutbaum;P18;bild;http://commons.wikimedia.org/wiki/Special:FilePath/Grizzly%20Giant%20Mariposa%20Grove.jpg;
Q149851;Sequoiadendron giganteum;Mammutbaum;P181;verbreitungskarte_des_taxons;http://commons.wikimedia.org/wiki/Special:FilePath/Sequoiadendron%20giganteum%20levila.png;
Q149851;Sequoiadendron giganteum;Mammutbaum;P183;endemisch_in;Kalifornien;
Q149851;Sequoiadendron giganteum;Mammutbaum;P225;wissenschaftlicher_name;Sequoiadendron giganteum;
Q149851;Sequoiadendron giganteum;Mammutbaum;P2716;fotocollage;http://commons.wikimedia.org/wiki/Special:FilePath/Sequoias%20in%20EuroDisney%2C%20some%20years%20later.jpg;
Q149851;Sequoiadendron giganteum;Mammutbaum;P31;ist_eine;Taxon;
Q149851;Sequoiadendron giganteum;Mammutbaum;P3648;natureserve_conservation_status;vulnerable;
Q149851;Sequoiadendron giganteum;Mammutbaum;P366;verwendung;Aufforstung;
Q149851;Sequoiadendron giganteum;Mammutbaum;P4214;hoechste_beobachtete_lebensdauer;3266.0;
Q149851;Sequoiadendron giganteum;Mammutbaum;P566;basionym;Wellingtonia gigantea;
Q150129;Sequoia sempervirens;Küsten-Sequoie;P105;taxonomischer_rang;Art;
Q150129;Sequoia sempervirens;Küsten-Sequoie;P10906;foliage_type;Immergrüne Pflanze;
Q150129;Sequoia sempervirens;Küsten-Sequoie;P11801;visited_by;Kleinsäuger;
Q150129;Sequoia sempervirens;Küsten-Sequoie;P11801;visited_by;Nachtfalter;
Q150129;Sequoia sempervirens;Küsten-Sequoie;P11801;visited_by;Reptilien;
Q150129;Sequoia sempervirens;Küsten-Sequoie;P11801;visited_by;Singvögel;
Q150129;Sequoia sempervirens;Küsten-Sequoie;P11801;visited_by;Tagfalter;
Q150129;Sequoia sempervirens;Küsten-Sequoie;P141;gefaehrdungsstufe_iucn;gefährdete Tierarten;
Q150129;Sequoia sempervirens;Küsten-Sequoie;P1672;ursprung_von;redwood;
Q150129;Sequoia sempervirens;Küsten-Sequoie;P1672;ursprung_von;vavona;
Q150129;Sequoia sempervirens;Küsten-Sequoie;P171;uebergeordnetes_taxon;Sequoia;
Q150129;Sequoia sempervirens;Küsten-Sequoie;P18;bild;http://commons.wikimedia.org/wiki/Special:FilePath/Sequoia%20sempervirens%20Big%20Basin%20Redwoods%20State%20Park%209.jpg;
Q150129;Sequoia sempervirens;Küsten-Sequoie;P225;wissenschaftlicher_name;Sequoia sempervirens;
Q150129;Sequoia sempervirens;Küsten-Sequoie;P31;ist_eine;Taxon;
Q150129;Sequoia sempervirens;Küsten-Sequoie;P3648;natureserve_conservation_status;apparently secure;
Q150129;Sequoia sempervirens;Küsten-Sequoie;P366;verwendung;Aufforstung;
Q150129;Sequoia sempervirens;Küsten-Sequoie;P4214;hoechste_beobachtete_lebensdauer;2200.0;
Q150129;Sequoia sempervirens;Küsten-Sequoie;P566;basionym;Taxodium sempervirens;
Q150129;Sequoia sempervirens;Küsten-Sequoie;P9714;verbreitungsgebiet;Fujian;
Q837237;Euodia hupehensis;Samthaarige Stinkesche;P105;taxonomischer_rang;Art;
Q837237;Euodia hupehensis;Samthaarige Stinkesche;P10906;foliage_type;laubabwerfend;
Q837237;Euodia hupehensis;Samthaarige Stinkesche;P141;gefaehrdungsstufe_iucn;nicht gefährdet;
Q837237;Euodia hupehensis;Samthaarige Stinkesche;P1420;taxonomische_synonyme;Euodia daniellii;
Q837237;Euodia hupehensis;Samthaarige Stinkesche;P1420;taxonomische_synonyme;Evodia sutchuanensis;
Q837237;Euodia hupehensis;Samthaarige Stinkesche;P171;uebergeordnetes_taxon;Stinkeschen;
Q837237;Euodia hupehensis;Samthaarige Stinkesche;P18;bild;http://commons.wikimedia.org/wiki/Special:FilePath/TetradiumDaniellii.jpg;
Q837237;Euodia hupehensis;Samthaarige Stinkesche;P225;wissenschaftlicher_name;Tetradium daniellii;
Q837237;Euodia hupehensis;Samthaarige Stinkesche;P31;ist_eine;Makrophanerophyten;
Q837237;Euodia hupehensis;Samthaarige Stinkesche;P31;ist_eine;Taxon;
Q837237;Euodia hupehensis;Samthaarige Stinkesche;P366;verwendung;Heilpflanze;
Q837237;Euodia hupehensis;Samthaarige Stinkesche;P566;basionym;Zanthoxylum daniellii;
Q837237;Euodia hupehensis;Samthaarige Stinkesche;P9714;verbreitungsgebiet;Autonomes Gebiet Tibet;
Q837237;Euodia hupehensis;Samthaarige Stinkesche;P9714;verbreitungsgebiet;Tianjin;
Q837237;Euodia hupehensis;Samthaarige Stinkesche;P9714;verbreitungsgebiet;Volksrepublik China;
Q131673698;Ulmus glabra 'Pendula';Hänge-Ulme;P105;taxonomischer_rang;Cultivar;
Q131673698;Ulmus glabra 'Pendula';Hänge-Ulme;P171;uebergeordnetes_taxon;Bergulme;
Q131673698;Ulmus glabra 'Pendula';Hänge-Ulme;P225;wissenschaftlicher_name;Ulmus glabra 'Pendula';
Q131673698;Ulmus glabra 'Pendula';Hänge-Ulme;P31;ist_eine;Taxon;
Q886511;Fagus sylvatica 'Atropunicea';Blut-Buche;P105;taxonomischer_rang;Form;
Q886511;Fagus sylvatica 'Atropunicea';Blut-Buche;P1672;ursprung_von;Blutbuchenholz;
Q886511;Fagus sylvatica 'Atropunicea';Blut-Buche;P171;uebergeordnetes_taxon;Rotbuche;
Q886511;Fagus sylvatica 'Atropunicea';Blut-Buche;P18;bild;http://commons.wikimedia.org/wiki/Special:FilePath/FagusPurpurea052005.jpg;
Q886511;Fagus sylvatica 'Atropunicea';Blut-Buche;P225;wissenschaftlicher_name;Fagus sylvatica f. purpurea;
Q886511;Fagus sylvatica 'Atropunicea';Blut-Buche;P31;ist_eine;Taxon;
Q10951249;Malus trilobata;Dreilappiger Apfel;P105;taxonomischer_rang;Art;
Q10951249;Malus trilobata;Dreilappiger Apfel;P10906;foliage_type;laubabwerfend;
Q10951249;Malus trilobata;Dreilappiger Apfel;P12763;taxonomisches_synonym_zu;Eriolobus trilobatus;
Q10951249;Malus trilobata;Dreilappiger Apfel;P141;gefaehrdungsstufe_iucn;potenziell gefährdet;
Q10951249;Malus trilobata;Dreilappiger Apfel;P171;uebergeordnetes_taxon;Äpfel;
Q10951249;Malus trilobata;Dreilappiger Apfel;P18;bild;http://commons.wikimedia.org/wiki/Special:FilePath/Eriolobus%20trilobatus.jpg;
Q10951249;Malus trilobata;Dreilappiger Apfel;P225;wissenschaftlicher_name;Malus trilobata;
Q10951249;Malus trilobata;Dreilappiger Apfel;P31;ist_eine;Taxon;
Q27980;Schwedische Mehlbeere;Sorbus intermedia `Brouwers`;P105;taxonomischer_rang;Art;
Q27980;Schwedische Mehlbeere;Sorbus intermedia `Brouwers`;P10906;foliage_type;laubabwerfend;
Q27980;Schwedische Mehlbeere;Sorbus intermedia `Brouwers`;P141;gefaehrdungsstufe_iucn;nicht gefährdet;
Q27980;Schwedische Mehlbeere;Sorbus intermedia `Brouwers`;P171;uebergeordnetes_taxon;Mehlbeeren;
Q27980;Schwedische Mehlbeere;Sorbus intermedia `Brouwers`;P18;bild;http://commons.wikimedia.org/wiki/Special:FilePath/Sorbus%20intermedia%20Peterburg.jpg;
Q27980;Schwedische Mehlbeere;Sorbus intermedia `Brouwers`;P225;wissenschaftlicher_name;Sorbus intermedia;
Q27980;Schwedische Mehlbeere;Sorbus intermedia `Brouwers`;P31;ist_eine;Taxon;
Q27980;Schwedische Mehlbeere;Sorbus intermedia `Brouwers`;P566;basionym;Pyrus intermedia;
Q147434;Abies grandis;Riesen-Tanne;P105;taxonomischer_rang;Art;
Q147434;Abies grandis;Riesen-Tanne;P141;gefaehrdungsstufe_iucn;nicht gefährdet;
Q147434;Abies grandis;Riesen-Tanne;P171;uebergeordnetes_taxon;Tannen;
Q147434;Abies grandis;Riesen-Tanne;P18;bild;http://commons.wikimedia.org/wiki/Special:FilePath/Abies%20grandis%205359.JPG;
Q147434;Abies grandis;Riesen-Tanne;P18;bild;http://commons.wikimedia.org/wiki/Special:FilePath/Abies%20grandis%20cones.jpg;
Q147434;Abies grandis;Riesen-Tanne;P18;bild;http://commons.wikimedia.org/wiki/Special:FilePath/Abies%20grandis%20crownoldtree.jpg;
Q147434;Abies grandis;Riesen-Tanne;P181;verbreitungskarte_des_taxons;http://commons.wikimedia.org/wiki/Special:FilePath/Abies%20grandis%20range%20map%201.png;
Q147434;Abies grandis;Riesen-Tanne;P225;wissenschaftlicher_name;Abies grandis;
Q147434;Abies grandis;Riesen-Tanne;P279;unterklasse_von;evergreen tree;
Q147434;Abies grandis;Riesen-Tanne;P31;ist_eine;Taxon;
Q147434;Abies grandis;Riesen-Tanne;P3648;natureserve_conservation_status;secure;
Q147434;Abies grandis;Riesen-Tanne;P566;basionym;Pinus grandis;
Q147434;Abies grandis;Riesen-Tanne;P9714;verbreitungsgebiet;Western Oregon;
Q26745;Acer platanoides 'Drummondii';Sorte des Spitz-Ahorns;P105;taxonomischer_rang;Art;
Q26745;Acer platanoides 'Drummondii';Sorte des Spitz-Ahorns;P10906;foliage_type;laubabwerfend;
Q26745;Acer platanoides 'Drummondii';Sorte des Spitz-Ahorns;P141;gefaehrdungsstufe_iucn;nicht gefährdet;
Q26745;Acer platanoides 'Drummondii';Sorte des Spitz-Ahorns;P1672;ursprung_von;Ahornholz;
Q26745;Acer platanoides 'Drummondii';Sorte des Spitz-Ahorns;P1672;ursprung_von;Norway maple;
Q26745;Acer platanoides 'Drummondii';Sorte des Spitz-Ahorns;P1672;ursprung_von;acerin;
Q26745;Acer platanoides 'Drummondii';Sorte des Spitz-Ahorns;P171;uebergeordnetes_taxon;Ahorn;
Q26745;Acer platanoides 'Drummondii';Sorte des Spitz-Ahorns;P18;bild;http://commons.wikimedia.org/wiki/Special:FilePath/2020%20year.%20Herbarium.%20Acer%20platanoides.%20img-012.jpg;
Q26745;Acer platanoides 'Drummondii';Sorte des Spitz-Ahorns;P18;bild;http://commons.wikimedia.org/wiki/Special:FilePath/Ahornbluete.jpg;
Q26745;Acer platanoides 'Drummondii';Sorte des Spitz-Ahorns;P18;bild;http://commons.wikimedia.org/wiki/Special:FilePath/Spitz-Ahorn%28mbo%29.jpg;
Q26745;Acer platanoides 'Drummondii';Sorte des Spitz-Ahorns;P181;verbreitungskarte_des_taxons;http://commons.wikimedia.org/wiki/Special:FilePath/Acer%20platanoides%20range.svg;
Q26745;Acer platanoides 'Drummondii';Sorte des Spitz-Ahorns;P225;wissenschaftlicher_name;Acer platanoides;
Q26745;Acer platanoides 'Drummondii';Sorte des Spitz-Ahorns;P2827;bluetenfarbe;Gelb;
Q26745;Acer platanoides 'Drummondii';Sorte des Spitz-Ahorns;P31;ist_eine;Taxon;
Q26745;Acer platanoides 'Drummondii';Sorte des Spitz-Ahorns;P3739;bluetenstand;Schirmtraube;
Q26745;Acer platanoides 'Drummondii';Sorte des Spitz-Ahorns;P3739;bluetenstand;erect infloresence;
Q26745;Acer platanoides 'Drummondii';Sorte des Spitz-Ahorns;P4000;fruchttyp;Flügelnuss;
Q26745;Acer platanoides 'Drummondii';Sorte des Spitz-Ahorns;P443;aussprache_audiodatei;http://commons.wikimedia.org/wiki/Special:FilePath/LL-Q150%20%28fra%29-Fabricio%20Cardenas%20%28Culex%29-%C3%A9rable%20plane.wav;
Q26745;Acer platanoides 'Drummondii';Sorte des Spitz-Ahorns;P9714;verbreitungsgebiet;Volksrepublik China;
Q178116;Pinus parviflora 'Glauca';Mädchenkiefer;P105;taxonomischer_rang;Art;
Q178116;Pinus parviflora 'Glauca';Mädchenkiefer;P141;gefaehrdungsstufe_iucn;nicht gefährdet;
Q178116;Pinus parviflora 'Glauca';Mädchenkiefer;P171;uebergeordnetes_taxon;Pinus sect. Strobus;
Q178116;Pinus parviflora 'Glauca';Mädchenkiefer;P18;bild;http://commons.wikimedia.org/wiki/Special:FilePath/Japanese%20White%20Pine%20%28Pinus%20parviflora%29%2C%20Shigeno%2C%20Tomi%2C%20Nagano%20Prefecture%2C%20Japan%201.jpg;
Q178116;Pinus parviflora 'Glauca';Mädchenkiefer;P18;bild;http://commons.wikimedia.org/wiki/Special:FilePath/Japanese%20White%20Pine%20%28Pinus%20parviflora%29%2C%20Shigeno%2C%20Tomi%2C%20Nagano%20Prefecture%2C%20Japan%202.jpg;
Q178116;Pinus parviflora 'Glauca';Mädchenkiefer;P225;wissenschaftlicher_name;Pinus parviflora;
Q178116;Pinus parviflora 'Glauca';Mädchenkiefer;P31;ist_eine;Taxon;
Q178116;Pinus parviflora 'Glauca';Mädchenkiefer;P366;verwendung;Aufforstung;
Q178116;Pinus parviflora 'Glauca';Mädchenkiefer;P366;verwendung;Holz;
Q178116;Pinus parviflora 'Glauca';Mädchenkiefer;P9714;verbreitungsgebiet;Fujian;
Q178116;Pinus parviflora 'Glauca';Mädchenkiefer;P9714;verbreitungsgebiet;Peking;
Q178116;Pinus parviflora 'Glauca';Mädchenkiefer;P9714;verbreitungsgebiet;Volksrepublik China;
Q3396010;Malus 'Evereste';Zierapfel;P105;taxonomischer_rang;Cultivar;
Q3396010;Malus 'Evereste';Zierapfel;P225;wissenschaftlicher_name;Malus 'Evereste';
Q3396010;Malus 'Evereste';Zierapfel;P31;ist_eine;Apfelsorte;
Q28112572;Betula utilis 'Doorenbos';Himalaya Birke Doorenbos;P105;taxonomischer_rang;Unterart;
Q28112572;Betula utilis 'Doorenbos';Himalaya Birke Doorenbos;P141;gefaehrdungsstufe_iucn;keine ausreichenden Daten;
Q28112572;Betula utilis 'Doorenbos';Himalaya Birke Doorenbos;P171;uebergeordnetes_taxon;Himalaya-Birke;
Q28112572;Betula utilis 'Doorenbos';Himalaya Birke Doorenbos;P18;bild;http://commons.wikimedia.org/wiki/Special:FilePath/Betula%20utilis%20var%20jacquemontii%203.JPG;
Q28112572;Betula utilis 'Doorenbos';Himalaya Birke Doorenbos;P225;wissenschaftlicher_name;Betula utilis subsp. jacquemontii;
Q28112572;Betula utilis 'Doorenbos';Himalaya Birke Doorenbos;P31;ist_eine;Taxon;
Q28112572;Betula utilis 'Doorenbos';Himalaya Birke Doorenbos;P566;basionym;Betula jacquemontii;
Q1093540;Magnolia macrophylla;Großblättrige Magnolie;P105;taxonomischer_rang;Art;
Q1093540;Magnolia macrophylla;Großblättrige Magnolie;P141;gefaehrdungsstufe_iucn;nicht gefährdet;
Q1093540;Magnolia macrophylla;Großblättrige Magnolie;P171;uebergeordnetes_taxon;Magnolien;
Q1093540;Magnolia macrophylla;Großblättrige Magnolie;P18;bild;http://commons.wikimedia.org/wiki/Special:FilePath/MagnoliaMacrophylla.jpg;
Q1093540;Magnolia macrophylla;Großblättrige Magnolie;P181;verbreitungskarte_des_taxons;http://commons.wikimedia.org/wiki/Special:FilePath/Magnolia%20macrophylla%20range%20map.jpg;
Q1093540;Magnolia macrophylla;Großblättrige Magnolie;P225;wissenschaftlicher_name;Magnolia macrophylla;
Q1093540;Magnolia macrophylla;Großblättrige Magnolie;P31;ist_eine;Taxon;
Q1093540;Magnolia macrophylla;Großblättrige Magnolie;P4000;fruchttyp;Balgfrucht;
Q112257937;Cedrus atlantica 'Glauca';Hänge-Zeder;P105;taxonomischer_rang;Cultivar;
Q112257937;Cedrus atlantica 'Glauca';Hänge-Zeder;P171;uebergeordnetes_taxon;Atlas-Zeder;
Q112257937;Cedrus atlantica 'Glauca';Hänge-Zeder;P225;wissenschaftlicher_name;Cedrus atlantica ʽGlauca’;
Q112257937;Cedrus atlantica 'Glauca';Hänge-Zeder;P31;ist_eine;Cultivar;
Q1137607;Picea obovata;Sibirische Fichte;P105;taxonomischer_rang;Art;
Q1137607;Picea obovata;Sibirische Fichte;P13162;referenzabbildung;http://commons.wikimedia.org/wiki/Special:FilePath/Acta%20horti%20bergiani%20-%20Meddelanden%20fr%C3%A5n%20Kongl.%20Svenska%20Vetenskaps-Akademiens%20Tr%C3%A4dg%C3%A5rd%20Bergielund%20%281914%29%20%2816583672670%29.jpg;
Q1137607;Picea obovata;Sibirische Fichte;P13162;referenzabbildung;http://commons.wikimedia.org/wiki/Special:FilePath/Stamp%20of%20Russia%202013%20No%201685%20Picea%20obovata.jpg;
Q1137607;Picea obovata;Sibirische Fichte;P141;gefaehrdungsstufe_iucn;nicht gefährdet;
Q1137607;Picea obovata;Sibirische Fichte;P171;uebergeordnetes_taxon;Fichten;
Q1137607;Picea obovata;Sibirische Fichte;P18;bild;http://commons.wikimedia.org/wiki/Special:FilePath/%D0%9D%D0%B0%D1%87%D0%B0%D0%BB%D0%BE%20%D0%BC%D0%B0%D1%80%D1%82%D0%B0%20%D0%B2%20%D0%B5%D0%BB%D1%8C%D0%BD%D0%B8%D0%BA%D0%B5%20%D0%B1%D0%BB%D0%B8%D0%B7%20%D0%BC%D0%B5%D1%82%D0%B5%D0%BE%D1%81%D1%82%D0%B0%D0%BD%D1%86%D0%B8%D0%B8.jpg;
Q1137607;Picea obovata;Sibirische Fichte;P18;bild;http://commons.wikimedia.org/wiki/Special:FilePath/Picea%20obovata%20Zigalga.jpg;
Q1137607;Picea obovata;Sibirische Fichte;P225;wissenschaftlicher_name;Picea obovata;
Q1137607;Picea obovata;Sibirische Fichte;P31;ist_eine;Taxon;
Q1137607;Picea obovata;Sibirische Fichte;P9714;verbreitungsgebiet;Xinjiang;
Q1325491;Quercus turneri 'Pseudoturneri';Wintergrüne Eiche;P105;taxonomischer_rang;Nothospecies;
Q1325491;Quercus turneri 'Pseudoturneri';Wintergrüne Eiche;P1531;hybrideltern;Steineiche;
Q1325491;Quercus turneri 'Pseudoturneri';Wintergrüne Eiche;P1531;hybrideltern;Stieleiche;
Q1325491;Quercus turneri 'Pseudoturneri';Wintergrüne Eiche;P171;uebergeordnetes_taxon;Eichen;
Q1325491;Quercus turneri 'Pseudoturneri';Wintergrüne Eiche;P18;bild;http://commons.wikimedia.org/wiki/Special:FilePath/3922-Quercus%20x%20turneri%20%27Pseudoturneri%27-Arb.Brno-10.12.JPG;
Q1325491;Quercus turneri 'Pseudoturneri';Wintergrüne Eiche;P225;wissenschaftlicher_name;Quercus ×turneri;
Q1325491;Quercus turneri 'Pseudoturneri';Wintergrüne Eiche;P31;ist_eine;hybrid taxon;
Q284736;Aralia elata;Japanischer Angelicabaum;P105;taxonomischer_rang;Art;
Q284736;Aralia elata;Japanischer Angelicabaum;P141;gefaehrdungsstufe_iucn;nicht gefährdet;
Q284736;Aralia elata;Japanischer Angelicabaum;P171;uebergeordnetes_taxon;Aralia;
Q284736;Aralia elata;Japanischer Angelicabaum;P18;bild;http://commons.wikimedia.org/wiki/Special:FilePath/Aralia%20elata%20en%20fleur4081.jpg;
Q284736;Aralia elata;Japanischer Angelicabaum;P225;wissenschaftlicher_name;Aralia elata;
Q284736;Aralia elata;Japanischer Angelicabaum;P279;unterklasse_von;Nutzpflanze;
Q284736;Aralia elata;Japanischer Angelicabaum;P31;ist_eine;Taxon;
Q284736;Aralia elata;Japanischer Angelicabaum;P366;verwendung;Gemüse;
Q284736;Aralia elata;Japanischer Angelicabaum;P366;verwendung;Heilpflanze;
Q284736;Aralia elata;Japanischer Angelicabaum;P4000;fruchttyp;Beere;
Q284736;Aralia elata;Japanischer Angelicabaum;P566;basionym;Dimorphanthus elatus;
Q284736;Aralia elata;Japanischer Angelicabaum;P9714;verbreitungsgebiet;Guangdong;
Q284736;Aralia elata;Japanischer Angelicabaum;P9714;verbreitungsgebiet;Peking;
Q284736;Aralia elata;Japanischer Angelicabaum;P9714;verbreitungsgebiet;Tianjin;
Q284736;Aralia elata;Japanischer Angelicabaum;P9714;verbreitungsgebiet;Volksrepublik China;
Q284736;Aralia elata;Japanischer Angelicabaum;P9714;verbreitungsgebiet;Zhoushan-Inseln;
Q227763;Betula lenta;Zucker-Birke;P105;taxonomischer_rang;Art;
Q227763;Betula lenta;Zucker-Birke;P141;gefaehrdungsstufe_iucn;nicht gefährdet;
Q227763;Betula lenta;Zucker-Birke;P1672;ursprung_von;Salicylsäuremethylester;
Q227763;Betula lenta;Zucker-Birke;P1672;ursprung_von;sweet birch;
Q227763;Betula lenta;Zucker-Birke;P171;uebergeordnetes_taxon;Birken;
Q227763;Betula lenta;Zucker-Birke;P18;bild;http://commons.wikimedia.org/wiki/Special:FilePath/Betula%20lenta%20subsps%20lenta%2001-10-2005%2014.53.56.JPG;
Q227763;Betula lenta;Zucker-Birke;P181;verbreitungskarte_des_taxons;http://commons.wikimedia.org/wiki/Special:FilePath/Betula%20lenta%20range%20map.jpg;
Q227763;Betula lenta;Zucker-Birke;P225;wissenschaftlicher_name;Betula lenta;
Q227763;Betula lenta;Zucker-Birke;P31;ist_eine;Taxon;
Q227763;Betula lenta;Zucker-Birke;P3648;natureserve_conservation_status;secure;
Q227763;Betula lenta;Zucker-Birke;P4000;fruchttyp;Nüsschen;
Q227763;Betula lenta;Zucker-Birke;P8193;winterhaerte_der_pflanze;3;
Q1499241;Betula lutea;Gelb-Birke;P105;taxonomischer_rang;Art;
Q1499241;Betula lutea;Gelb-Birke;P141;gefaehrdungsstufe_iucn;nicht gefährdet;
Q1499241;Betula lutea;Gelb-Birke;P1672;ursprung_von;yellow birch;
Q1499241;Betula lutea;Gelb-Birke;P171;uebergeordnetes_taxon;Birken;
Q1499241;Betula lutea;Gelb-Birke;P18;bild;http://commons.wikimedia.org/wiki/Special:FilePath/Betula%20alleghaniensis.jpg;
Q1499241;Betula lutea;Gelb-Birke;P181;verbreitungskarte_des_taxons;http://commons.wikimedia.org/wiki/Special:FilePath/Betula%20alleghaniensis%20range%20map.jpg;
Q1499241;Betula lutea;Gelb-Birke;P225;wissenschaftlicher_name;Betula alleghaniensis;
Q1499241;Betula lutea;Gelb-Birke;P31;ist_eine;Taxon;
Q1499241;Betula lutea;Gelb-Birke;P3648;natureserve_conservation_status;secure;
Q1499241;Betula lutea;Gelb-Birke;P4000;fruchttyp;Flügelnuss;
Q12024;Pinus species;Kiefer;P10;video;http://commons.wikimedia.org/wiki/Special:FilePath/%D0%9B%D1%96%D1%81%D0%BE%D1%81%D0%BC%D1%83%D0%B3%D0%B0%20%D0%B1%D1%96%D0%BB%D1%8F%20%D0%9E%D0%BB%D0%B5%D1%88%D0%BA%D1%96%D0%B2%D1%81%D1%8C%D0%BA%D0%B8%D1%85%20%D0%BF%D1%96%D1%81%D0%BA%D1%96%D0%B2.webm;
Q12024;Pinus species;Kiefer;P105;taxonomischer_rang;Gattung;
Q12024;Pinus species;Kiefer;P13478;nomenklatorischer_typ_von;Kieferngewächse;
Q12024;Pinus species;Kiefer;P1672;ursprung_von;Kiefernholz;
Q12024;Pinus species;Kiefer;P1672;ursprung_von;Kiefernzapfen;
Q12024;Pinus species;Kiefer;P1672;ursprung_von;Kienöl;
Q12024;Pinus species;Kiefer;P1672;ursprung_von;Myrtol;
Q12024;Pinus species;Kiefer;P1672;ursprung_von;Pinienkern;
Q12024;Pinus species;Kiefer;P1672;ursprung_von;naval stores;
Q12024;Pinus species;Kiefer;P1672;ursprung_von;pine needle;
Q12024;Pinus species;Kiefer;P171;uebergeordnetes_taxon;Pinoideae;
Q12024;Pinus species;Kiefer;P18;bild;http://commons.wikimedia.org/wiki/Special:FilePath/Pinus%20lambertiana%20cones%20Cucamonga%20Peak.jpg;
Q12024;Pinus species;Kiefer;P18;bild;http://commons.wikimedia.org/wiki/Special:FilePath/Pinus%20pinaster.jpg;
Q12024;Pinus species;Kiefer;P18;bild;http://commons.wikimedia.org/wiki/Special:FilePath/Pinus%20sylvestris%20Grytdalen%2002.jpg;
Q12024;Pinus species;Kiefer;P18;bild;http://commons.wikimedia.org/wiki/Special:FilePath/Ponderosa%20Pine%20cones%2C%20Idaho%20Panhandle%20National%20Forest.jpg;
Q12024;Pinus species;Kiefer;P181;verbreitungskarte_des_taxons;http://commons.wikimedia.org/wiki/Special:FilePath/Pinus%20range.png;
Q12024;Pinus species;Kiefer;P225;wissenschaftlicher_name;Pinus;
Q12024;Pinus species;Kiefer;P279;unterklasse_von;Baum;
Q12024;Pinus species;Kiefer;P31;ist_eine;Taxon;
Q12024;Pinus species;Kiefer;P427;nomenklatorischer_typ;Waldkiefer;
Q12024;Pinus species;Kiefer;P523;zeitliches_auftreten_anfang;Obertrias;
Q117085;Ilex species;Stechpalme;P105;taxonomischer_rang;Gattung;
Q117085;Ilex species;Stechpalme;P1672;ursprung_von;holly;
Q117085;Ilex species;Stechpalme;P171;uebergeordnetes_taxon;Stechpalmengewächse;
Q117085;Ilex species;Stechpalme;P18;bild;http://commons.wikimedia.org/wiki/Special:FilePath/Ilex%20paraguariensis%20-%20K%C3%B6hler%E2%80%93s%20Medizinal-Pflanzen-074.jpg;
Q117085;Ilex species;Stechpalme;P18;bild;http://commons.wikimedia.org/wiki/Special:FilePath/Ilex-aquifolium%20%28Europaeische%20Stechpalme-1%29.jpg;
Q117085;Ilex species;Stechpalme;P225;wissenschaftlicher_name;Ilex;
Q117085;Ilex species;Stechpalme;P279;unterklasse_von;Baum;
Q117085;Ilex species;Stechpalme;P31;ist_eine;Taxon;
Q117085;Ilex species;Stechpalme;P4000;fruchttyp;Steinfrucht;
Q117085;Ilex species;Stechpalme;P427;nomenklatorischer_typ;Europäische Stechpalme;
Q117085;Ilex species;Stechpalme;P443;aussprache_audiodatei;http://commons.wikimedia.org/wiki/Special:FilePath/De-Stechpalme.ogg;
Q110766601;Fraxinus excelsior 'Westhof's Glorie';Sorte der Esche;P105;taxonomischer_rang;Cultivar;
Q110766601;Fraxinus excelsior 'Westhof's Glorie';Sorte der Esche;P171;uebergeordnetes_taxon;Gemeine Esche;
Q110766601;Fraxinus excelsior 'Westhof's Glorie';Sorte der Esche;P225;wissenschaftlicher_name;Fraxinus excelsior ʽWesthof's Glorie’;
Q110766601;Fraxinus excelsior 'Westhof's Glorie';Sorte der Esche;P31;ist_eine;Taxon;
Q158228;Cornus alba;Tatarischer Hartriegel;P105;taxonomischer_rang;Art;
Q158228;Cornus alba;Tatarischer Hartriegel;P13162;referenzabbildung;http://commons.wikimedia.org/wiki/Special:FilePath/Afbeeldingen%20der%20fraaiste%2C%20meest%20uitheemsche%20boomen%20en%20heesters%20%28Plate%204%29%20%287899756490%29.jpg;
Q158228;Cornus alba;Tatarischer Hartriegel;P13162;referenzabbildung;http://commons.wikimedia.org/wiki/Special:FilePath/Cornus%20alba%20-%20J.%20C.%20Krauss%20-%20t.%204%20%281802%29.png;
Q158228;Cornus alba;Tatarischer Hartriegel;P1420;taxonomische_synonyme;Swida alba;
Q158228;Cornus alba;Tatarischer Hartriegel;P171;uebergeordnetes_taxon;Hartriegel;
Q158228;Cornus alba;Tatarischer Hartriegel;P18;bild;http://commons.wikimedia.org/wiki/Special:FilePath/Cornus%20alba%20a2.jpg;
Q158228;Cornus alba;Tatarischer Hartriegel;P225;wissenschaftlicher_name;Cornus alba;
Q158228;Cornus alba;Tatarischer Hartriegel;P31;ist_eine;Taxon;
Q158228;Cornus alba;Tatarischer Hartriegel;P366;verwendung;Heilpflanze;
Q158228;Cornus alba;Tatarischer Hartriegel;P4000;fruchttyp;Steinfrucht;
Q158228;Cornus alba;Tatarischer Hartriegel;P9714;verbreitungsgebiet;Peking;
Q158228;Cornus alba;Tatarischer Hartriegel;P9714;verbreitungsgebiet;Volksrepublik China;
Q110767650;Taxus baccata 'Fastigiata';Säuleneibe;P105;taxonomischer_rang;Cultivar;
Q110767650;Taxus baccata 'Fastigiata';Säuleneibe;P171;uebergeordnetes_taxon;Europäische Eibe;
Q110767650;Taxus baccata 'Fastigiata';Säuleneibe;P18;bild;http://commons.wikimedia.org/wiki/Special:FilePath/Friedhof%20Sankt-Georg-Garten%20S%C3%A4uleneibe%208286.jpg;
Q110767650;Taxus baccata 'Fastigiata';Säuleneibe;P225;wissenschaftlicher_name;Taxus baccata 'Fastigiata';
Q110767650;Taxus baccata 'Fastigiata';Säuleneibe;P31;ist_eine;Taxon;
Q110767650;Taxus baccata 'Fastigiata';Säuleneibe;P973;beschrieben_in_url;https://www.rhs.org.uk/plants/95998/taxus-baccata-fastigiata-(f)/details;
Q670040;Cupressus arizonica;Zypresse;P105;taxonomischer_rang;Art;
Q670040;Cupressus arizonica;Zypresse;P12766;fungiert_als_basionym_von;Callitropsis arizonica;
Q670040;Cupressus arizonica;Zypresse;P12766;fungiert_als_basionym_von;Cupressus benthamii var. arizonica;
Q670040;Cupressus arizonica;Zypresse;P12766;fungiert_als_basionym_von;Hesperocyparis arizonica;
Q670040;Cupressus arizonica;Zypresse;P12766;fungiert_als_basionym_von;Neocupressus arizonica;
Q670040;Cupressus arizonica;Zypresse;P141;gefaehrdungsstufe_iucn;nicht gefährdet;
Q670040;Cupressus arizonica;Zypresse;P171;uebergeordnetes_taxon;Zypressen;
Q670040;Cupressus arizonica;Zypresse;P18;bild;http://commons.wikimedia.org/wiki/Special:FilePath/Chiricahua%20Nima1.JPG;
Q670040;Cupressus arizonica;Zypresse;P18;bild;http://commons.wikimedia.org/wiki/Special:FilePath/Cupressus%20arizonica%20tree%20Chiricahua.jpg;
Q670040;Cupressus arizonica;Zypresse;P181;verbreitungskarte_des_taxons;http://commons.wikimedia.org/wiki/Special:FilePath/Cupressus%20arizonica%20range%20map.jpg;
Q670040;Cupressus arizonica;Zypresse;P225;wissenschaftlicher_name;Cupressus arizonica;
Q670040;Cupressus arizonica;Zypresse;P31;ist_eine;Taxon;
Q670040;Cupressus arizonica;Zypresse;P31;ist_eine;Wikimedia-Dublette;
Q670040;Cupressus arizonica;Zypresse;P3648;natureserve_conservation_status;apparently secure;
Q110765996;Acer platanoides `Royal Red`;"Spitzahorn ""Royal Red""";P105;taxonomischer_rang;Cultivar;
Q110765996;Acer platanoides `Royal Red`;"Spitzahorn ""Royal Red""";P171;uebergeordnetes_taxon;Spitzahorn;
Q110765996;Acer platanoides `Royal Red`;"Spitzahorn ""Royal Red""";P225;wissenschaftlicher_name;Acer platanoides 'Royal Red';
Q110765996;Acer platanoides `Royal Red`;"Spitzahorn ""Royal Red""";P31;ist_eine;Cultivar;
Q110765996;Acer platanoides `Royal Red`;"Spitzahorn ""Royal Red""";P31;ist_eine;Taxon;
Q161364;Acer rubrum 'Armstrong';Rotahorn;P105;taxonomischer_rang;Art;
Q161364;Acer rubrum 'Armstrong';Rotahorn;P10906;foliage_type;laubabwerfend;
Q161364;Acer rubrum 'Armstrong';Rotahorn;P141;gefaehrdungsstufe_iucn;nicht gefährdet;
Q161364;Acer rubrum 'Armstrong';Rotahorn;P171;uebergeordnetes_taxon;Ahorn;
Q161364;Acer rubrum 'Armstrong';Rotahorn;P18;bild;http://commons.wikimedia.org/wiki/Special:FilePath/Red%20maple.png;
Q161364;Acer rubrum 'Armstrong';Rotahorn;P181;verbreitungskarte_des_taxons;http://commons.wikimedia.org/wiki/Special:FilePath/Acer%20rubrum%20range%20map.png;
Q161364;Acer rubrum 'Armstrong';Rotahorn;P225;wissenschaftlicher_name;Acer rubrum;
Q161364;Acer rubrum 'Armstrong';Rotahorn;P279;unterklasse_von;Laubbaum;
Q161364;Acer rubrum 'Armstrong';Rotahorn;P2827;bluetenfarbe;Rot;
Q161364;Acer rubrum 'Armstrong';Rotahorn;P31;ist_eine;Taxon;
Q161364;Acer rubrum 'Armstrong';Rotahorn;P3648;natureserve_conservation_status;secure;
Q161364;Acer rubrum 'Armstrong';Rotahorn;P3739;bluetenstand;Dolde;
Q161364;Acer rubrum 'Armstrong';Rotahorn;P3739;bluetenstand;Faszikel (Botanik);
Q161364;Acer rubrum 'Armstrong';Rotahorn;P4000;fruchttyp;Flügelnuss;
Q161364;Acer rubrum 'Armstrong';Rotahorn;P8193;winterhaerte_der_pflanze;3;
Q13189;Prunus persica;Pfirsich;P105;taxonomischer_rang;Art;
Q13189;Prunus persica;Pfirsich;P1672;ursprung_von;Pfirsich;
Q13189;Prunus persica;Pfirsich;P1672;ursprung_von;Pfirsichblüten;
Q13189;Prunus persica;Pfirsich;P1672;ursprung_von;Pfirsichholz;
Q13189;Prunus persica;Pfirsich;P1672;ursprung_von;Pfirsichsaft;
Q13189;Prunus persica;Pfirsich;P1672;ursprung_von;peach pit;
Q13189;Prunus persica;Pfirsich;P1672;ursprung_von;persic oil;
Q13189;Prunus persica;Pfirsich;P1672;ursprung_von;smell of peach blossom;
Q13189;Prunus persica;Pfirsich;P1672;ursprung_von;smell of peach fruit;
Q13189;Prunus persica;Pfirsich;P1672;ursprung_von;smell of white peach;
Q13189;Prunus persica;Pfirsich;P171;uebergeordnetes_taxon;Prunus;
Q13189;Prunus persica;Pfirsich;P171;uebergeordnetes_taxon;Prunus subg. Amygdalus;
Q13189;Prunus persica;Pfirsich;P18;bild;http://commons.wikimedia.org/wiki/Special:FilePath/Peaches%20at%20Applecrest%20Farm%20Orchards%20-%2020108462909.jpg;
Q13189;Prunus persica;Pfirsich;P225;wissenschaftlicher_name;Prunus persica;
Q13189;Prunus persica;Pfirsich;P279;unterklasse_von;Obstbaum;
Q13189;Prunus persica;Pfirsich;P31;ist_eine;Taxon;
Q13189;Prunus persica;Pfirsich;P3648;natureserve_conservation_status;secure;
Q13189;Prunus persica;Pfirsich;P366;verwendung;Futtermittel;
Q13189;Prunus persica;Pfirsich;P366;verwendung;Heilpflanze;
Q13189;Prunus persica;Pfirsich;P366;verwendung;Obst;
Q13189;Prunus persica;Pfirsich;P443;aussprache_audiodatei;http://commons.wikimedia.org/wiki/Special:FilePath/LL-Q150%20%28fra%29-Guilhelma-p%C3%AAcher.wav;
Q13189;Prunus persica;Pfirsich;P566;basionym;Amygdalus persica;
Q13189;Prunus persica;Pfirsich;P6000;wasserfussabdruck;910.0;
Q13189;Prunus persica;Pfirsich;P6800;sequenced_genome_url;https://plants.ensembl.org/Prunus_persica;
Q13189;Prunus persica;Pfirsich;P8193;winterhaerte_der_pflanze;5;
Q13189;Prunus persica;Pfirsich;P9714;verbreitungsgebiet;Autonomes Gebiet Tibet;
Q13189;Prunus persica;Pfirsich;P9714;verbreitungsgebiet;Fujian;
Q13189;Prunus persica;Pfirsich;P9714;verbreitungsgebiet;Guangdong;
Q13189;Prunus persica;Pfirsich;P9714;verbreitungsgebiet;Peking;
Q13189;Prunus persica;Pfirsich;P9714;verbreitungsgebiet;Shanghai;
Q13189;Prunus persica;Pfirsich;P9714;verbreitungsgebiet;Zhoushan-Inseln;
Q1325491;Quercus x turneri 'Pseudoturneri';Immergrüne-Eiche;P105;taxonomischer_rang;Nothospecies;
Q1325491;Quercus x turneri 'Pseudoturneri';Immergrüne-Eiche;P1531;hybrideltern;Steineiche;
Q1325491;Quercus x turneri 'Pseudoturneri';Immergrüne-Eiche;P1531;hybrideltern;Stieleiche;
Q1325491;Quercus x turneri 'Pseudoturneri';Immergrüne-Eiche;P171;uebergeordnetes_taxon;Eichen;
Q1325491;Quercus x turneri 'Pseudoturneri';Immergrüne-Eiche;P18;bild;http://commons.wikimedia.org/wiki/Special:FilePath/3922-Quercus%20x%20turneri%20%27Pseudoturneri%27-Arb.Brno-10.12.JPG;
Q1325491;Quercus x turneri 'Pseudoturneri';Immergrüne-Eiche;P225;wissenschaftlicher_name;Quercus ×turneri;
Q1325491;Quercus x turneri 'Pseudoturneri';Immergrüne-Eiche;P31;ist_eine;hybrid taxon;
Q129511342;Acer platanoides 'Emerald Queen';Sorte vom Spitz-Ahorn;P105;taxonomischer_rang;Cultivar;
Q129511342;Acer platanoides 'Emerald Queen';Sorte vom Spitz-Ahorn;P171;uebergeordnetes_taxon;Spitzahorn;
Q129511342;Acer platanoides 'Emerald Queen';Sorte vom Spitz-Ahorn;P225;wissenschaftlicher_name;Acer platanoides 'Emerald Queen';
Q129511342;Acer platanoides 'Emerald Queen';Sorte vom Spitz-Ahorn;P31;ist_eine;Taxon;
Q161253;Quercus palustris 'Green Dwarf';Kugelsumpfeiche;P105;taxonomischer_rang;Art;
Q161253;Quercus palustris 'Green Dwarf';Kugelsumpfeiche;P141;gefaehrdungsstufe_iucn;nicht gefährdet;
Q161253;Quercus palustris 'Green Dwarf';Kugelsumpfeiche;P171;uebergeordnetes_taxon;Eichen;
Q161253;Quercus palustris 'Green Dwarf';Kugelsumpfeiche;P18;bild;http://commons.wikimedia.org/wiki/Special:FilePath/Pin%20oak%20quercus%20palustris.jpg;
Q161253;Quercus palustris 'Green Dwarf';Kugelsumpfeiche;P18;bild;http://commons.wikimedia.org/wiki/Special:FilePath/Quercus%20palustris%20001.jpg;
Q161253;Quercus palustris 'Green Dwarf';Kugelsumpfeiche;P225;wissenschaftlicher_name;Quercus palustris;
Q161253;Quercus palustris 'Green Dwarf';Kugelsumpfeiche;P31;ist_eine;Taxon;
Q161253;Quercus palustris 'Green Dwarf';Kugelsumpfeiche;P8193;winterhaerte_der_pflanze;4;
Q130467792;Sorbus aucuparia 'Edulis';Eßbare Eberesche;P105;taxonomischer_rang;Cultivar;
Q130467792;Sorbus aucuparia 'Edulis';Eßbare Eberesche;P171;uebergeordnetes_taxon;Eberesche;
Q130467792;Sorbus aucuparia 'Edulis';Eßbare Eberesche;P225;wissenschaftlicher_name;Sorbus aucuparia 'Edulis';
Q130467792;Sorbus aucuparia 'Edulis';Eßbare Eberesche;P31;ist_eine;Taxon;
Q1105707;Quercus macranthera;Persische Eiche;P105;taxonomischer_rang;Art;
Q1105707;Quercus macranthera;Persische Eiche;P141;gefaehrdungsstufe_iucn;nicht gefährdet;
Q1105707;Quercus macranthera;Persische Eiche;P171;uebergeordnetes_taxon;Eichen;
Q1105707;Quercus macranthera;Persische Eiche;P18;bild;http://commons.wikimedia.org/wiki/Special:FilePath/Quercus%20macranthera%20Tbilisi.jpg;
Q1105707;Quercus macranthera;Persische Eiche;P225;wissenschaftlicher_name;Quercus macranthera;
Q1105707;Quercus macranthera;Persische Eiche;P31;ist_eine;Taxon;
Q857075;Quercus frainetto `Trump`;ungarische Eiche;P105;taxonomischer_rang;Art;
Q857075;Quercus frainetto `Trump`;ungarische Eiche;P10906;foliage_type;laubabwerfend;
Q857075;Quercus frainetto `Trump`;ungarische Eiche;P12616;leaf_morphology;lobate leaf edge;
Q857075;Quercus frainetto `Trump`;ungarische Eiche;P12616;leaf_morphology;obovate leaf blade;
Q857075;Quercus frainetto `Trump`;ungarische Eiche;P12616;leaf_morphology;petiolate leaf;
Q857075;Quercus frainetto `Trump`;ungarische Eiche;P141;gefaehrdungsstufe_iucn;nicht gefährdet;
Q857075;Quercus frainetto `Trump`;ungarische Eiche;P171;uebergeordnetes_taxon;Eichen;
Q857075;Quercus frainetto `Trump`;ungarische Eiche;P18;bild;http://commons.wikimedia.org/wiki/Special:FilePath/Quercus%20frainetto%20kew1.jpg;
Q857075;Quercus frainetto `Trump`;ungarische Eiche;P225;wissenschaftlicher_name;Quercus frainetto;
Q857075;Quercus frainetto `Trump`;ungarische Eiche;P31;ist_eine;Taxon;
Q857075;Quercus frainetto `Trump`;ungarische Eiche;P8193;winterhaerte_der_pflanze;USDA-Klimazone 6;
Q1010050;Quercus castaneifolia `Green Spire`;Kastanienblättrige Eiche;P105;taxonomischer_rang;Art;
Q1010050;Quercus castaneifolia `Green Spire`;Kastanienblättrige Eiche;P10906;foliage_type;laubabwerfend;
Q1010050;Quercus castaneifolia `Green Spire`;Kastanienblättrige Eiche;P141;gefaehrdungsstufe_iucn;potenziell gefährdet;
Q1010050;Quercus castaneifolia `Green Spire`;Kastanienblättrige Eiche;P171;uebergeordnetes_taxon;Eichen;
Q1010050;Quercus castaneifolia `Green Spire`;Kastanienblättrige Eiche;P18;bild;http://commons.wikimedia.org/wiki/Special:FilePath/Quercus%20castaneifolia2%20kew.jpg;
Q1010050;Quercus castaneifolia `Green Spire`;Kastanienblättrige Eiche;P225;wissenschaftlicher_name;Quercus castaneifolia;
Q1010050;Quercus castaneifolia `Green Spire`;Kastanienblättrige Eiche;P31;ist_eine;Taxon;
Q146149;Fagus species;Buche;P105;taxonomischer_rang;Art;
Q146149;Fagus species;Buche;P10906;foliage_type;laubabwerfend;
Q146149;Fagus species;Buche;P141;gefaehrdungsstufe_iucn;nicht gefährdet;
Q146149;Fagus species;Buche;P1420;taxonomische_synonyme;Fagus comptoniifolia;
Q146149;Fagus species;Buche;P1672;ursprung_von;European beechnut;
Q146149;Fagus species;Buche;P1672;ursprung_von;Rotbuchenholz;
Q146149;Fagus species;Buche;P171;uebergeordnetes_taxon;Buchen;
Q146149;Fagus species;Buche;P18;bild;http://commons.wikimedia.org/wiki/Special:FilePath/Grib%20skov.jpg;
Q146149;Fagus species;Buche;P181;verbreitungskarte_des_taxons;http://commons.wikimedia.org/wiki/Special:FilePath/Fagus%20sylvatica%20range.svg;
Q146149;Fagus species;Buche;P225;wissenschaftlicher_name;Fagus sylvatica;
Q146149;Fagus species;Buche;P279;unterklasse_von;Nutzpflanze;
Q146149;Fagus species;Buche;P31;ist_eine;Taxon;
Q146149;Fagus species;Buche;P366;verwendung;Gemüse;
Q146149;Fagus species;Buche;P366;verwendung;Nuss;
Q146149;Fagus species;Buche;P4000;fruchttyp;Nussfrucht;
Q146149;Fagus species;Buche;P4214;hoechste_beobachtete_lebensdauer;503.0;
Q146149;Fagus species;Buche;P527;besteht_aus;Blutbuche;
Q146149;Fagus species;Buche;P527;besteht_aus;Fagus sylvatica f. dawycki;
Q146149;Fagus species;Buche;P527;besteht_aus;Hänge-Buche;
Q146149;Fagus species;Buche;P8193;winterhaerte_der_pflanze;4;
Q2093169;Liquidambar orientalis;Morgenländischer Amberbaum;P105;taxonomischer_rang;Art;
Q2093169;Liquidambar orientalis;Morgenländischer Amberbaum;P10906;foliage_type;laubabwerfend;
Q2093169;Liquidambar orientalis;Morgenländischer Amberbaum;P141;gefaehrdungsstufe_iucn;gefährdete Tierarten;
Q2093169;Liquidambar orientalis;Morgenländischer Amberbaum;P1672;ursprung_von;Liquidambar orientalis resin;
Q2093169;Liquidambar orientalis;Morgenländischer Amberbaum;P1672;ursprung_von;styrax smell;
Q2093169;Liquidambar orientalis;Morgenländischer Amberbaum;P171;uebergeordnetes_taxon;Amberbäume;
Q2093169;Liquidambar orientalis;Morgenländischer Amberbaum;P18;bild;http://commons.wikimedia.org/wiki/Special:FilePath/Anadolu%20s%C4%B1%C4%9Fla%20a%C4%9Fac%C4%B1%20-%20Liquidambar%20orientalis%2010.jpg;
Q2093169;Liquidambar orientalis;Morgenländischer Amberbaum;P18;bild;http://commons.wikimedia.org/wiki/Special:FilePath/Liquidambar%20orientalis%20-%20Turkish%20sweetgum%2001.jpg;
Q2093169;Liquidambar orientalis;Morgenländischer Amberbaum;P18;bild;http://commons.wikimedia.org/wiki/Special:FilePath/Liquidambar%20orientalis%20-%20Turkish%20sweetgum%2003.jpg;
Q2093169;Liquidambar orientalis;Morgenländischer Amberbaum;P225;wissenschaftlicher_name;Liquidambar orientalis;
Q2093169;Liquidambar orientalis;Morgenländischer Amberbaum;P31;ist_eine;Taxon;
Q146186;Mespilus germanica;Mispel;P105;taxonomischer_rang;Art;
Q146186;Mespilus germanica;Mispel;P12766;fungiert_als_basionym_von;Crataegus germanica;
Q146186;Mespilus germanica;Mispel;P141;gefaehrdungsstufe_iucn;nicht gefährdet;
Q146186;Mespilus germanica;Mispel;P1420;taxonomische_synonyme;Crataegus germanica;
Q146186;Mespilus germanica;Mispel;P1672;ursprung_von;Mispel;
Q146186;Mespilus germanica;Mispel;P171;uebergeordnetes_taxon;Mispeln;
Q146186;Mespilus germanica;Mispel;P18;bild;http://commons.wikimedia.org/wiki/Special:FilePath/Medlar%20blossom.JPG;
Q146186;Mespilus germanica;Mispel;P18;bild;http://commons.wikimedia.org/wiki/Special:FilePath/Medlar%20pomes%20and%20leaves.jpg;
Q146186;Mespilus germanica;Mispel;P225;wissenschaftlicher_name;Mespilus germanica;
Q146186;Mespilus germanica;Mispel;P279;unterklasse_von;Obstbaum;
Q146186;Mespilus germanica;Mispel;P31;ist_eine;Taxon;
Q93327699;Fagus sylvatica 'Quercifolia';Eichenblättrige Rotbuche;P105;taxonomischer_rang;Varietät;
Q93327699;Fagus sylvatica 'Quercifolia';Eichenblättrige Rotbuche;P171;uebergeordnetes_taxon;Rotbuche;
Q93327699;Fagus sylvatica 'Quercifolia';Eichenblättrige Rotbuche;P225;wissenschaftlicher_name;Fagus sylvatica var. quercifolia;
Q93327699;Fagus sylvatica 'Quercifolia';Eichenblättrige Rotbuche;P31;ist_eine;Taxon;
Q156907;Fraxinus species;Esche;P105;taxonomischer_rang;Art;
Q156907;Fraxinus species;Esche;P10906;foliage_type;laubabwerfend;
Q156907;Fraxinus species;Esche;P13478;nomenklatorischer_typ_von;Eschen;
Q156907;Fraxinus species;Esche;P141;gefaehrdungsstufe_iucn;potenziell gefährdet;
Q156907;Fraxinus species;Esche;P1672;ursprung_von;Eschenholz;
Q156907;Fraxinus species;Esche;P1672;ursprung_von;Eschensamenöl;
Q156907;Fraxinus species;Esche;P1672;ursprung_von;Fraxinus excelsior seed;
Q156907;Fraxinus species;Esche;P1672;ursprung_von;gemeine Esche;
Q156907;Fraxinus species;Esche;P171;uebergeordnetes_taxon;Eschen;
Q156907;Fraxinus species;Esche;P18;bild;http://commons.wikimedia.org/wiki/Special:FilePath/Fraxinus%20excelsior%20001.jpg;
Q156907;Fraxinus species;Esche;P18;bild;http://commons.wikimedia.org/wiki/Special:FilePath/Fraxinus%20excelsior.jpg;
Q156907;Fraxinus species;Esche;P18;bild;http://commons.wikimedia.org/wiki/Special:FilePath/Illustration%20Fraxinus%20excelsior1.jpg;
Q156907;Fraxinus species;Esche;P181;verbreitungskarte_des_taxons;http://commons.wikimedia.org/wiki/Special:FilePath/Fraxinus%20excelsior%20range.svg;
Q156907;Fraxinus species;Esche;P225;wissenschaftlicher_name;Fraxinus excelsior;
Q156907;Fraxinus species;Esche;P279;unterklasse_von;Baum;
Q156907;Fraxinus species;Esche;P279;unterklasse_von;laubabwerfend;
Q156907;Fraxinus species;Esche;P31;ist_eine;Taxon;
Q156907;Fraxinus species;Esche;P4000;fruchttyp;Flügelnuss;
Q156907;Fraxinus species;Esche;P5252;winteransicht;http://commons.wikimedia.org/wiki/Special:FilePath/AskarVinter.jpg;
Q156907;Fraxinus species;Esche;P527;besteht_aus;Eschenrinde;
Q1591053;Pyrus salicifolia;Weidenblättrige Birne;P105;taxonomischer_rang;Art;
Q1591053;Pyrus salicifolia;Weidenblättrige Birne;P13162;referenzabbildung;http://commons.wikimedia.org/wiki/Special:FilePath/Pyrus%20Salicifolia%20-%20Poirier%20%C3%A0%20feuilles%20de%20Saule.%20%28Willow-leaved%20pear%29%20%28NYPL%20b14485031-1110452%29.tiff;
Q1591053;Pyrus salicifolia;Weidenblättrige Birne;P141;gefaehrdungsstufe_iucn;potenziell gefährdet;
Q1591053;Pyrus salicifolia;Weidenblättrige Birne;P171;uebergeordnetes_taxon;Birnen;
Q1591053;Pyrus salicifolia;Weidenblättrige Birne;P18;bild;http://commons.wikimedia.org/wiki/Special:FilePath/Grusza%20wierzbolistna%20Pyrus%20salicifolia%20var%20Pendula%20RB1.JPG;
Q1591053;Pyrus salicifolia;Weidenblättrige Birne;P225;wissenschaftlicher_name;Pyrus salicifolia;
Q1591053;Pyrus salicifolia;Weidenblättrige Birne;P31;ist_eine;Taxon;
Q1825748;Metasequoia species;Urweltmammutbaum;P105;taxonomischer_rang;Gattung;
Q1825748;Metasequoia species;Urweltmammutbaum;P171;uebergeordnetes_taxon;Mammutbäume;
Q1825748;Metasequoia species;Urweltmammutbaum;P18;bild;http://commons.wikimedia.org/wiki/Special:FilePath/Metasequoia%20glyptostroboides.jpg;
Q1825748;Metasequoia species;Urweltmammutbaum;P225;wissenschaftlicher_name;Metasequoia;
Q1825748;Metasequoia species;Urweltmammutbaum;P31;ist_eine;Taxon;
Q1825748;Metasequoia species;Urweltmammutbaum;P427;nomenklatorischer_typ;Urweltmammutbaum;
Q157969;Elaeagnus angustifolia;Schmalblättrige Ölweide;P105;taxonomischer_rang;Art;
Q157969;Elaeagnus angustifolia;Schmalblättrige Ölweide;P10906;foliage_type;laubabwerfend;
Q157969;Elaeagnus angustifolia;Schmalblättrige Ölweide;P141;gefaehrdungsstufe_iucn;nicht gefährdet;
Q157969;Elaeagnus angustifolia;Schmalblättrige Ölweide;P171;uebergeordnetes_taxon;Ölweiden;
Q157969;Elaeagnus angustifolia;Schmalblättrige Ölweide;P18;bild;http://commons.wikimedia.org/wiki/Special:FilePath/Elaeagnus%20angustifolia%2020050608%20852.jpg;
Q157969;Elaeagnus angustifolia;Schmalblättrige Ölweide;P18;bild;http://commons.wikimedia.org/wiki/Special:FilePath/Para%C3%ADso%20%28%C3%A1rbol%29.jpg;
Q157969;Elaeagnus angustifolia;Schmalblättrige Ölweide;P18;bild;http://commons.wikimedia.org/wiki/Special:FilePath/Russian%20Olive.jpg;
Q157969;Elaeagnus angustifolia;Schmalblättrige Ölweide;P225;wissenschaftlicher_name;Elaeagnus angustifolia;
Q157969;Elaeagnus angustifolia;Schmalblättrige Ölweide;P31;ist_eine;Taxon;
Q157969;Elaeagnus angustifolia;Schmalblättrige Ölweide;P366;verwendung;Heilpflanze;
Q157969;Elaeagnus angustifolia;Schmalblättrige Ölweide;P366;verwendung;Nahrung;
Q157969;Elaeagnus angustifolia;Schmalblättrige Ölweide;P4000;fruchttyp;Steinfrucht;
Q157969;Elaeagnus angustifolia;Schmalblättrige Ölweide;P9714;verbreitungsgebiet;Peking;
Q157969;Elaeagnus angustifolia;Schmalblättrige Ölweide;P9714;verbreitungsgebiet;Volksrepublik China;
Q157969;Elaeagnus angustifolia;Schmalblättrige Ölweide;P9714;verbreitungsgebiet;Xinjiang;
Q74068;Chamaecyparis pisifera;Sawara-Scheinzypresse;P105;taxonomischer_rang;Art;
Q74068;Chamaecyparis pisifera;Sawara-Scheinzypresse;P141;gefaehrdungsstufe_iucn;nicht gefährdet;
Q74068;Chamaecyparis pisifera;Sawara-Scheinzypresse;P171;uebergeordnetes_taxon;Scheinzypressen;
Q74068;Chamaecyparis pisifera;Sawara-Scheinzypresse;P18;bild;http://commons.wikimedia.org/wiki/Special:FilePath/Chamaecyparis%20pisifera%20near%20Mount%20Buk%C5%8D%2C%20Saitama%2C%20Japan%20%2849576718803%29.jpg;
Q74068;Chamaecyparis pisifera;Sawara-Scheinzypresse;P225;wissenschaftlicher_name;Chamaecyparis pisifera;
Q74068;Chamaecyparis pisifera;Sawara-Scheinzypresse;P31;ist_eine;Taxon;
Q74068;Chamaecyparis pisifera;Sawara-Scheinzypresse;P366;verwendung;Aufforstung;
Q74068;Chamaecyparis pisifera;Sawara-Scheinzypresse;P566;basionym;Retinospora pisifera;
Q74068;Chamaecyparis pisifera;Sawara-Scheinzypresse;P9714;verbreitungsgebiet;Fujian;
Q74068;Chamaecyparis pisifera;Sawara-Scheinzypresse;P9714;verbreitungsgebiet;Guangdong;
Q74068;Chamaecyparis pisifera;Sawara-Scheinzypresse;P9714;verbreitungsgebiet;Volksrepublik China;
Q837237;Evodia hupehensis;Hupeh-Stinkesche;P105;taxonomischer_rang;Art;
Q837237;Evodia hupehensis;Hupeh-Stinkesche;P10906;foliage_type;laubabwerfend;
Q837237;Evodia hupehensis;Hupeh-Stinkesche;P141;gefaehrdungsstufe_iucn;nicht gefährdet;
Q837237;Evodia hupehensis;Hupeh-Stinkesche;P1420;taxonomische_synonyme;Euodia daniellii;
Q837237;Evodia hupehensis;Hupeh-Stinkesche;P1420;taxonomische_synonyme;Evodia sutchuanensis;
Q837237;Evodia hupehensis;Hupeh-Stinkesche;P171;uebergeordnetes_taxon;Stinkeschen;
Q837237;Evodia hupehensis;Hupeh-Stinkesche;P18;bild;http://commons.wikimedia.org/wiki/Special:FilePath/TetradiumDaniellii.jpg;
Q837237;Evodia hupehensis;Hupeh-Stinkesche;P225;wissenschaftlicher_name;Tetradium daniellii;
Q837237;Evodia hupehensis;Hupeh-Stinkesche;P31;ist_eine;Makrophanerophyten;
Q837237;Evodia hupehensis;Hupeh-Stinkesche;P31;ist_eine;Taxon;
Q837237;Evodia hupehensis;Hupeh-Stinkesche;P366;verwendung;Heilpflanze;
Q837237;Evodia hupehensis;Hupeh-Stinkesche;P566;basionym;Zanthoxylum daniellii;
Q837237;Evodia hupehensis;Hupeh-Stinkesche;P9714;verbreitungsgebiet;Autonomes Gebiet Tibet;
Q837237;Evodia hupehensis;Hupeh-Stinkesche;P9714;verbreitungsgebiet;Tianjin;
Q837237;Evodia hupehensis;Hupeh-Stinkesche;P9714;verbreitungsgebiet;Volksrepublik China;
Q844835;Koelreuteria paniculata;Blasenesche;P105;taxonomischer_rang;Art;
Q844835;Koelreuteria paniculata;Blasenesche;P10906;foliage_type;laubabwerfend;
Q844835;Koelreuteria paniculata;Blasenesche;P141;gefaehrdungsstufe_iucn;nicht gefährdet;
Q844835;Koelreuteria paniculata;Blasenesche;P171;uebergeordnetes_taxon;Koelreuteria;
Q844835;Koelreuteria paniculata;Blasenesche;P18;bild;http://commons.wikimedia.org/wiki/Special:FilePath/%28MHNT%29%20Koelreuteria%20paniculata%20-%20inflorescences%20and%20fruits%20-%20Palais%20Niel.jpg;
Q844835;Koelreuteria paniculata;Blasenesche;P225;wissenschaftlicher_name;Koelreuteria paniculata;
Q844835;Koelreuteria paniculata;Blasenesche;P31;ist_eine;Taxon;
Q844835;Koelreuteria paniculata;Blasenesche;P366;verwendung;Heilpflanze;
Q844835;Koelreuteria paniculata;Blasenesche;P9714;verbreitungsgebiet;Autonomes Gebiet Tibet;
Q844835;Koelreuteria paniculata;Blasenesche;P9714;verbreitungsgebiet;Guangdong;
Q844835;Koelreuteria paniculata;Blasenesche;P9714;verbreitungsgebiet;Peking;
Q844835;Koelreuteria paniculata;Blasenesche;P9714;verbreitungsgebiet;Tianjin;
Q844835;Koelreuteria paniculata;Blasenesche;P9714;verbreitungsgebiet;Volksrepublik China;
Q129514890;Acer platanoides 'Dissectum';Geschlitzter Spitzahorn;P105;taxonomischer_rang;Cultivar;
Q129514890;Acer platanoides 'Dissectum';Geschlitzter Spitzahorn;P171;uebergeordnetes_taxon;Spitzahorn;
Q129514890;Acer platanoides 'Dissectum';Geschlitzter Spitzahorn;P225;wissenschaftlicher_name;Acer platanoides 'Dissectum';
Q129514890;Acer platanoides 'Dissectum';Geschlitzter Spitzahorn;P31;ist_eine;Taxon;
Q1470571;Malus tschonoskii;Wollapfel;P105;taxonomischer_rang;Art;
Q1470571;Malus tschonoskii;Wollapfel;P10906;foliage_type;laubabwerfend;
Q1470571;Malus tschonoskii;Wollapfel;P12763;taxonomisches_synonym_zu;Macromeles tschonoskii;
Q1470571;Malus tschonoskii;Wollapfel;P141;gefaehrdungsstufe_iucn;keine ausreichenden Daten;
Q1470571;Malus tschonoskii;Wollapfel;P171;uebergeordnetes_taxon;Äpfel;
Q1470571;Malus tschonoskii;Wollapfel;P18;bild;http://commons.wikimedia.org/wiki/Special:FilePath/Malus-tschonoskii.JPG;
Q1470571;Malus tschonoskii;Wollapfel;P225;wissenschaftlicher_name;Malus tschonoskii;
Q1470571;Malus tschonoskii;Wollapfel;P31;ist_eine;Taxon;
Q1470571;Malus tschonoskii;Wollapfel;P566;basionym;Pyrus tschonoskii;
Q11122869;Rhamnus frangula;Faulbaum;P105;taxonomischer_rang;Art;
Q11122869;Rhamnus frangula;Faulbaum;P12763;taxonomisches_synonym_zu;Faulbaum;
Q11122869;Rhamnus frangula;Faulbaum;P1672;ursprung_von;Faulbaumrinde;
Q11122869;Rhamnus frangula;Faulbaum;P171;uebergeordnetes_taxon;Kreuzdorn;
Q11122869;Rhamnus frangula;Faulbaum;P18;bild;http://commons.wikimedia.org/wiki/Special:FilePath/Rhamnus%20frangula%2007%20ies.jpg;
Q11122869;Rhamnus frangula;Faulbaum;P225;wissenschaftlicher_name;Rhamnus frangula;
Q11122869;Rhamnus frangula;Faulbaum;P31;ist_eine;Synonym;
Q11122869;Rhamnus frangula;Faulbaum;P31;ist_eine;Taxon;
Q11122869;Rhamnus frangula;Faulbaum;P366;verwendung;Heilpflanze;
Q52626848;Malus toringo;Japanischer Zierapfel;P105;taxonomischer_rang;Art;
Q52626848;Malus toringo;Japanischer Zierapfel;P141;gefaehrdungsstufe_iucn;keine ausreichenden Daten;
Q52626848;Malus toringo;Japanischer Zierapfel;P171;uebergeordnetes_taxon;Äpfel;
Q52626848;Malus toringo;Japanischer Zierapfel;P225;wissenschaftlicher_name;Malus toringo;
Q52626848;Malus toringo;Japanischer Zierapfel;P31;ist_eine;Taxon;
Q52626848;Malus toringo;Japanischer Zierapfel;P566;basionym;Sorbus toringo;
Q52626848;Malus toringo;Japanischer Zierapfel;P9714;verbreitungsgebiet;Fujian;
Q52626848;Malus toringo;Japanischer Zierapfel;P9714;verbreitungsgebiet;Guangdong;
Q52626848;Malus toringo;Japanischer Zierapfel;P9714;verbreitungsgebiet;Shanghai;
Q52626848;Malus toringo;Japanischer Zierapfel;P9714;verbreitungsgebiet;Volksrepublik China;
Q1283223;Abies procera;Edel-Tanne;P105;taxonomischer_rang;Art;
Q1283223;Abies procera;Edel-Tanne;P141;gefaehrdungsstufe_iucn;nicht gefährdet;
Q1283223;Abies procera;Edel-Tanne;P171;uebergeordnetes_taxon;Tannen;
Q1283223;Abies procera;Edel-Tanne;P18;bild;http://commons.wikimedia.org/wiki/Special:FilePath/Abies%20procera%207137.JPG;
Q1283223;Abies procera;Edel-Tanne;P18;bild;http://commons.wikimedia.org/wiki/Special:FilePath/Abies%20procera1.jpg;
Q1283223;Abies procera;Edel-Tanne;P181;verbreitungskarte_des_taxons;http://commons.wikimedia.org/wiki/Special:FilePath/Abies%20procera%20range%20map%202.png;
Q1283223;Abies procera;Edel-Tanne;P225;wissenschaftlicher_name;Abies procera;
Q1283223;Abies procera;Edel-Tanne;P279;unterklasse_von;evergreen tree;
Q1283223;Abies procera;Edel-Tanne;P31;ist_eine;Taxon;
Q1283223;Abies procera;Edel-Tanne;P3648;natureserve_conservation_status;secure;
Q942031;Magnolia liliiflora;Purpur-Magnolie;P105;taxonomischer_rang;Art;
Q942031;Magnolia liliiflora;Purpur-Magnolie;P12766;fungiert_als_basionym_von;Yulania liliiflora;
Q942031;Magnolia liliiflora;Purpur-Magnolie;P13177;homonymous_taxon;Magnolia liliflora;
Q942031;Magnolia liliiflora;Purpur-Magnolie;P141;gefaehrdungsstufe_iucn;keine ausreichenden Daten;
Q942031;Magnolia liliiflora;Purpur-Magnolie;P171;uebergeordnetes_taxon;Magnolien;
Q942031;Magnolia liliiflora;Purpur-Magnolie;P18;bild;http://commons.wikimedia.org/wiki/Special:FilePath/Magnolienbluete%20freiburg.jpg;
Q942031;Magnolia liliiflora;Purpur-Magnolie;P225;wissenschaftlicher_name;Magnolia liliiflora;
Q942031;Magnolia liliiflora;Purpur-Magnolie;P2827;bluetenfarbe;Purpur;
Q942031;Magnolia liliiflora;Purpur-Magnolie;P31;ist_eine;Taxon;
Q942031;Magnolia liliiflora;Purpur-Magnolie;P366;verwendung;Heilpflanze;
Q942031;Magnolia liliiflora;Purpur-Magnolie;P4000;fruchttyp;Balgfrucht;
Q26745;Acer platanoides 'Circinatum';Sorte vom Spitz-Ahorn;P105;taxonomischer_rang;Art;
Q26745;Acer platanoides 'Circinatum';Sorte vom Spitz-Ahorn;P10906;foliage_type;laubabwerfend;
Q26745;Acer platanoides 'Circinatum';Sorte vom Spitz-Ahorn;P141;gefaehrdungsstufe_iucn;nicht gefährdet;
Q26745;Acer platanoides 'Circinatum';Sorte vom Spitz-Ahorn;P1672;ursprung_von;Ahornholz;
Q26745;Acer platanoides 'Circinatum';Sorte vom Spitz-Ahorn;P1672;ursprung_von;Norway maple;
Q26745;Acer platanoides 'Circinatum';Sorte vom Spitz-Ahorn;P1672;ursprung_von;acerin;
Q26745;Acer platanoides 'Circinatum';Sorte vom Spitz-Ahorn;P171;uebergeordnetes_taxon;Ahorn;
Q26745;Acer platanoides 'Circinatum';Sorte vom Spitz-Ahorn;P18;bild;http://commons.wikimedia.org/wiki/Special:FilePath/2020%20year.%20Herbarium.%20Acer%20platanoides.%20img-012.jpg;
Q26745;Acer platanoides 'Circinatum';Sorte vom Spitz-Ahorn;P18;bild;http://commons.wikimedia.org/wiki/Special:FilePath/Ahornbluete.jpg;
Q26745;Acer platanoides 'Circinatum';Sorte vom Spitz-Ahorn;P18;bild;http://commons.wikimedia.org/wiki/Special:FilePath/Spitz-Ahorn%28mbo%29.jpg;
Q26745;Acer platanoides 'Circinatum';Sorte vom Spitz-Ahorn;P181;verbreitungskarte_des_taxons;http://commons.wikimedia.org/wiki/Special:FilePath/Acer%20platanoides%20range.svg;
Q26745;Acer platanoides 'Circinatum';Sorte vom Spitz-Ahorn;P225;wissenschaftlicher_name;Acer platanoides;
Q26745;Acer platanoides 'Circinatum';Sorte vom Spitz-Ahorn;P2827;bluetenfarbe;Gelb;
Q26745;Acer platanoides 'Circinatum';Sorte vom Spitz-Ahorn;P31;ist_eine;Taxon;
Q26745;Acer platanoides 'Circinatum';Sorte vom Spitz-Ahorn;P3739;bluetenstand;Schirmtraube;
Q26745;Acer platanoides 'Circinatum';Sorte vom Spitz-Ahorn;P3739;bluetenstand;erect infloresence;
Q26745;Acer platanoides 'Circinatum';Sorte vom Spitz-Ahorn;P4000;fruchttyp;Flügelnuss;
Q26745;Acer platanoides 'Circinatum';Sorte vom Spitz-Ahorn;P443;aussprache_audiodatei;http://commons.wikimedia.org/wiki/Special:FilePath/LL-Q150%20%28fra%29-Fabricio%20Cardenas%20%28Culex%29-%C3%A9rable%20plane.wav;
Q26745;Acer platanoides 'Circinatum';Sorte vom Spitz-Ahorn;P9714;verbreitungsgebiet;Volksrepublik China;
Q159558;Sorbus domestica;Speierling;P105;taxonomischer_rang;Art;
Q159558;Sorbus domestica;Speierling;P10906;foliage_type;laubabwerfend;
Q159558;Sorbus domestica;Speierling;P12766;fungiert_als_basionym_von;Cormus domestica;
Q159558;Sorbus domestica;Speierling;P13162;referenzabbildung;http://commons.wikimedia.org/wiki/Special:FilePath/Sorbus%20domestica%20Sturm8.jpg;
Q159558;Sorbus domestica;Speierling;P141;gefaehrdungsstufe_iucn;nicht gefährdet;
Q159558;Sorbus domestica;Speierling;P1672;ursprung_von;service tree fruit;
Q159558;Sorbus domestica;Speierling;P171;uebergeordnetes_taxon;Mehlbeeren;
Q159558;Sorbus domestica;Speierling;P18;bild;http://commons.wikimedia.org/wiki/Special:FilePath/Sorbus%20domestica%20habit.jpg;
Q159558;Sorbus domestica;Speierling;P18;bild;http://commons.wikimedia.org/wiki/Special:FilePath/Speierling%20Castell%2C%202.jpg;
Q159558;Sorbus domestica;Speierling;P181;verbreitungskarte_des_taxons;http://commons.wikimedia.org/wiki/Special:FilePath/Sorbus%20domestica%20range.svg;
Q159558;Sorbus domestica;Speierling;P225;wissenschaftlicher_name;Sorbus domestica;
Q159558;Sorbus domestica;Speierling;P279;unterklasse_von;Baum;
Q159558;Sorbus domestica;Speierling;P31;ist_eine;Taxon;
Q159558;Sorbus domestica;Speierling;P443;aussprache_audiodatei;http://commons.wikimedia.org/wiki/Special:FilePath/LL-Q150%20%28fra%29-Myriam%20Pied%20%28Culex%29-cormier.wav;
Q159558;Sorbus domestica;Speierling;P5555;schematische_darstellung;http://commons.wikimedia.org/wiki/Special:FilePath/Sorbus%20domestica%20flowerdiagram.png;
Q15337558;Quercus x hispanica;Spanische Eiche;P105;taxonomischer_rang;Nothospecies;
Q15337558;Quercus x hispanica;Spanische Eiche;P10906;foliage_type;laubabwerfend;
Q15337558;Quercus x hispanica;Spanische Eiche;P13162;referenzabbildung;http://commons.wikimedia.org/wiki/Special:FilePath/Arboretum%20et%20fruticetum%20britannicum%2C%20or%20-%20The%20trees%20and%20shrubs%20of%20Britain%2C%20native%20and%20foreign%2C%20hardy%20and%20half-hardy%2C%20pictorially%20and%20botanically%20delineated%2C%20and%20scientifically%20and%20popularly%20described%20%2819129081503%29.jpg;
Q15337558;Quercus x hispanica;Spanische Eiche;P13162;referenzabbildung;http://commons.wikimedia.org/wiki/Special:FilePath/Fig.%201.%20Quercus%20pseudo-coccifera%20-%20Ch%C3%A9ne%20faux-Kerm%C3%A9s.%20Fig.%202.%20Quercus%20pseudo-suber.%20%28Abraham%27s%20Oak%20-%20False%20Cork%20Oak%29%20%28NYPL%20b14485031-1110844%29.tiff;
Q15337558;Quercus x hispanica;Spanische Eiche;P1420;taxonomische_synonyme;Quercus incisa;
Q15337558;Quercus x hispanica;Spanische Eiche;P1531;hybrideltern;Korkeiche;
Q15337558;Quercus x hispanica;Spanische Eiche;P1531;hybrideltern;Zerreiche;
Q15337558;Quercus x hispanica;Spanische Eiche;P171;uebergeordnetes_taxon;Eichen;
Q15337558;Quercus x hispanica;Spanische Eiche;P18;bild;http://commons.wikimedia.org/wiki/Special:FilePath/Quercus%20hispanica%20Lucombeana%20JPG1a.jpg;
Q15337558;Quercus x hispanica;Spanische Eiche;P225;wissenschaftlicher_name;Quercus × hispanica;
Q15337558;Quercus x hispanica;Spanische Eiche;P31;ist_eine;hybrid taxon;
Q163078;Prunus x yedoensis;Yoshino-Kirsche;P105;taxonomischer_rang;Nothospecies;
Q163078;Prunus x yedoensis;Yoshino-Kirsche;P10906;foliage_type;laubabwerfend;
Q163078;Prunus x yedoensis;Yoshino-Kirsche;P12766;fungiert_als_basionym_von;Cerasus yedoensis;
Q163078;Prunus x yedoensis;Yoshino-Kirsche;P1420;taxonomische_synonyme;Cerasus yedoensis;
Q163078;Prunus x yedoensis;Yoshino-Kirsche;P1531;hybrideltern;Prunus itosakura;
Q163078;Prunus x yedoensis;Yoshino-Kirsche;P1531;hybrideltern;Prunus speciosa;
Q163078;Prunus x yedoensis;Yoshino-Kirsche;P171;uebergeordnetes_taxon;Prunus;
Q163078;Prunus x yedoensis;Yoshino-Kirsche;P18;bild;http://commons.wikimedia.org/wiki/Special:FilePath/2020-04-07%20Prunus%20%C3%97%20yedoensis%20Tambasasayama%2CHyogo%28%E4%B8%B9%E6%B3%A2%E7%AF%A0%E5%B1%B1%E5%B8%82%E7%AF%A0%E5%B1%B1%E5%B7%9D%E3%81%AE%E3%82%BD%E3%83%A1%E3%82%A4%E3%83%A8%E3%82%B7%E3%83%8E%29DSCF2986%E2%98%86%E5%BD%A1.jpg;
Q163078;Prunus x yedoensis;Yoshino-Kirsche;P225;wissenschaftlicher_name;Prunus × yedoensis;
Q163078;Prunus x yedoensis;Yoshino-Kirsche;P31;ist_eine;hybrid taxon;
Q18470510;Acer cappadocicum 'Rubrum';Kolchischer Blut-Ahorn;P105;taxonomischer_rang;Cultivar;
Q18470510;Acer cappadocicum 'Rubrum';Kolchischer Blut-Ahorn;P171;uebergeordnetes_taxon;Kolchischer Ahorn;
Q18470510;Acer cappadocicum 'Rubrum';Kolchischer Blut-Ahorn;P225;wissenschaftlicher_name;Acer cappadocicum 'Rubrum';
Q18470510;Acer cappadocicum 'Rubrum';Kolchischer Blut-Ahorn;P31;ist_eine;Taxon;
Q147525;Quercus rubra 'Aurea';Sorte der Rot-Eiche;P105;taxonomischer_rang;Art;
Q147525;Quercus rubra 'Aurea';Sorte der Rot-Eiche;P10906;foliage_type;laubabwerfend;
Q147525;Quercus rubra 'Aurea';Sorte der Rot-Eiche;P12616;leaf_morphology;lobate leaf edge;
Q147525;Quercus rubra 'Aurea';Sorte der Rot-Eiche;P12616;leaf_morphology;obovate leaf blade;
Q147525;Quercus rubra 'Aurea';Sorte der Rot-Eiche;P12616;leaf_morphology;ovate leaf blade;
Q147525;Quercus rubra 'Aurea';Sorte der Rot-Eiche;P141;gefaehrdungsstufe_iucn;nicht gefährdet;
Q147525;Quercus rubra 'Aurea';Sorte der Rot-Eiche;P1420;taxonomische_synonyme;Quercus borealis;
Q147525;Quercus rubra 'Aurea';Sorte der Rot-Eiche;P1420;taxonomische_synonyme;Quercus borealis f. flabellata;
Q147525;Quercus rubra 'Aurea';Sorte der Rot-Eiche;P1420;taxonomische_synonyme;Quercus borealis var. flabellata;
Q147525;Quercus rubra 'Aurea';Sorte der Rot-Eiche;P1420;taxonomische_synonyme;Quercus borealis var. maxima;
Q147525;Quercus rubra 'Aurea';Sorte der Rot-Eiche;P1420;taxonomische_synonyme;Quercus coccinea var. ambigua;
Q147525;Quercus rubra 'Aurea';Sorte der Rot-Eiche;P1420;taxonomische_synonyme;Quercus maxima;
Q147525;Quercus rubra 'Aurea';Sorte der Rot-Eiche;P1420;taxonomische_synonyme;Quercus rubra f. houbae;
Q147525;Quercus rubra 'Aurea';Sorte der Rot-Eiche;P1420;taxonomische_synonyme;Quercus rubra f. juvenilis;
Q147525;Quercus rubra 'Aurea';Sorte der Rot-Eiche;P1420;taxonomische_synonyme;Quercus rubra f. obovata;
Q147525;Quercus rubra 'Aurea';Sorte der Rot-Eiche;P1420;taxonomische_synonyme;Quercus rubra var. ambigua;
Q147525;Quercus rubra 'Aurea';Sorte der Rot-Eiche;P1420;taxonomische_synonyme;Quercus rubra var. borealis;
Q147525;Quercus rubra 'Aurea';Sorte der Rot-Eiche;P1420;taxonomische_synonyme;Quercus rubra var. hispanica;
Q147525;Quercus rubra 'Aurea';Sorte der Rot-Eiche;P1420;taxonomische_synonyme;Quercus rubra var. latepinnatifida;
Q147525;Quercus rubra 'Aurea';Sorte der Rot-Eiche;P1420;taxonomische_synonyme;Quercus rubra var. latifolia;
Q147525;Quercus rubra 'Aurea';Sorte der Rot-Eiche;P1420;taxonomische_synonyme;Quercus rubra var. maxima;
Q147525;Quercus rubra 'Aurea';Sorte der Rot-Eiche;P1420;taxonomische_synonyme;Quercus rubra var. ramosissima;
Q147525;Quercus rubra 'Aurea';Sorte der Rot-Eiche;P1420;taxonomische_synonyme;Quercus rubra var. subserrata;
Q147525;Quercus rubra 'Aurea';Sorte der Rot-Eiche;P171;uebergeordnetes_taxon;Eichen;
Q147525;Quercus rubra 'Aurea';Sorte der Rot-Eiche;P18;bild;http://commons.wikimedia.org/wiki/Special:FilePath/Twin%20Sisters%20Trail%20%2814%29%20%2814092717698%29.jpg;
Q147525;Quercus rubra 'Aurea';Sorte der Rot-Eiche;P181;verbreitungskarte_des_taxons;http://commons.wikimedia.org/wiki/Special:FilePath/Quercus%20rubra%20range%20map%200.png;
Q147525;Quercus rubra 'Aurea';Sorte der Rot-Eiche;P225;wissenschaftlicher_name;Quercus rubra;
Q147525;Quercus rubra 'Aurea';Sorte der Rot-Eiche;P31;ist_eine;Taxon;
Q147525;Quercus rubra 'Aurea';Sorte der Rot-Eiche;P4214;hoechste_beobachtete_lebensdauer;326.0;
Q147525;Quercus rubra 'Aurea';Sorte der Rot-Eiche;P8193;winterhaerte_der_pflanze;4;
Q1249717;Malus domestica `Dülmener Herbstrosenapfel`;`Dülmener Herbstrosenapfel`;P1531;hybrideltern;Kasseler Renette;
Q1249717;Malus domestica `Dülmener Herbstrosenapfel`;`Dülmener Herbstrosenapfel`;P1531;hybrideltern;Weißer Astrachan;
Q1249717;Malus domestica `Dülmener Herbstrosenapfel`;`Dülmener Herbstrosenapfel`;P18;bild;http://commons.wikimedia.org/wiki/Special:FilePath/Cross%20section%20of%20Dulmener%20Rosenapfel%2C%20National%20Fruit%20Collection%20%28acc.%201967-050%29.jpg;
Q1249717;Malus domestica `Dülmener Herbstrosenapfel`;`Dülmener Herbstrosenapfel`;P279;unterklasse_von;Kochapfel;
Q1249717;Malus domestica `Dülmener Herbstrosenapfel`;`Dülmener Herbstrosenapfel`;P279;unterklasse_von;Tafelapfel;
Q1249717;Malus domestica `Dülmener Herbstrosenapfel`;`Dülmener Herbstrosenapfel`;P31;ist_eine;Apfelsorte;
Q1249717;Malus domestica `Dülmener Herbstrosenapfel`;`Dülmener Herbstrosenapfel`;P740;gruendungsort;Dülmen;
Q657935;Acer davidii;Davids-Ahorn;P105;taxonomischer_rang;Art;
Q657935;Acer davidii;Davids-Ahorn;P10906;foliage_type;laubabwerfend;
Q657935;Acer davidii;Davids-Ahorn;P13162;referenzabbildung;http://commons.wikimedia.org/wiki/Special:FilePath/Acer%20davidii.jpg;
Q657935;Acer davidii;Davids-Ahorn;P13162;referenzabbildung;http://commons.wikimedia.org/wiki/Special:FilePath/E%20mei%20zhi%20wu%20tu%20zhi%20%281945%29%20%2821099749180%29.jpg;
Q657935;Acer davidii;Davids-Ahorn;P141;gefaehrdungsstufe_iucn;nicht gefährdet;
Q657935;Acer davidii;Davids-Ahorn;P171;uebergeordnetes_taxon;Ahorn;
Q657935;Acer davidii;Davids-Ahorn;P18;bild;http://commons.wikimedia.org/wiki/Special:FilePath/Acer%20davidii%20leaves.JPG;
Q657935;Acer davidii;Davids-Ahorn;P225;wissenschaftlicher_name;Acer davidii;
Q657935;Acer davidii;Davids-Ahorn;P31;ist_eine;Makrophanerophyten;
Q657935;Acer davidii;Davids-Ahorn;P31;ist_eine;Taxon;
Q657935;Acer davidii;Davids-Ahorn;P366;verwendung;Faser;
Q657935;Acer davidii;Davids-Ahorn;P366;verwendung;Heilpflanze;
Q657935;Acer davidii;Davids-Ahorn;P3739;bluetenstand;Traube;
Q657935;Acer davidii;Davids-Ahorn;P4000;fruchttyp;Flügelnuss;
Q657935;Acer davidii;Davids-Ahorn;P9714;verbreitungsgebiet;Autonomes Gebiet Tibet;
Q657935;Acer davidii;Davids-Ahorn;P9714;verbreitungsgebiet;Guangdong;
Q657935;Acer davidii;Davids-Ahorn;P9714;verbreitungsgebiet;Volksrepublik China;
Q180606;Viburnum rhytidophyllum;Runzelblättriger Schneeball;P105;taxonomischer_rang;Art;
Q180606;Viburnum rhytidophyllum;Runzelblättriger Schneeball;P10906;foliage_type;laubabwerfend;
Q180606;Viburnum rhytidophyllum;Runzelblättriger Schneeball;P171;uebergeordnetes_taxon;Schneeball;
Q180606;Viburnum rhytidophyllum;Runzelblättriger Schneeball;P18;bild;http://commons.wikimedia.org/wiki/Special:FilePath/Viburnum%20rhytidophyllum.jpg;
Q180606;Viburnum rhytidophyllum;Runzelblättriger Schneeball;P225;wissenschaftlicher_name;Viburnum rhytidophyllum;
Q180606;Viburnum rhytidophyllum;Runzelblättriger Schneeball;P31;ist_eine;Taxon;
Q180606;Viburnum rhytidophyllum;Runzelblättriger Schneeball;P366;verwendung;Faser;
Q180606;Viburnum rhytidophyllum;Runzelblättriger Schneeball;P366;verwendung;Heilpflanze;
Q180606;Viburnum rhytidophyllum;Runzelblättriger Schneeball;P9714;verbreitungsgebiet;Volksrepublik China;
Q25618;Larix species;Lärche;P105;taxonomischer_rang;Gattung;
Q25618;Larix species;Lärche;P1672;ursprung_von;Lärchenholz;
Q25618;Larix species;Lärche;P171;uebergeordnetes_taxon;Laricoideae;
Q25618;Larix species;Lärche;P18;bild;http://commons.wikimedia.org/wiki/Special:FilePath/M%C3%A9l%C3%A8ze%20en%20Automne.JPG;
Q25618;Larix species;Lärche;P225;wissenschaftlicher_name;Larix;
Q25618;Larix species;Lärche;P279;unterklasse_von;Baum;
Q25618;Larix species;Lärche;P31;ist_eine;Taxon;
Q158776;Carpinus species;Hainbuche;P105;taxonomischer_rang;Art;
Q158776;Carpinus species;Hainbuche;P10906;foliage_type;laubabwerfend;
Q158776;Carpinus species;Hainbuche;P141;gefaehrdungsstufe_iucn;nicht gefährdet;
Q158776;Carpinus species;Hainbuche;P1420;taxonomische_synonyme;Carpinus betulus f. quercifolia;
Q158776;Carpinus species;Hainbuche;P1420;taxonomische_synonyme;Carpinus betulus var. quercifolia;
Q158776;Carpinus species;Hainbuche;P1420;taxonomische_synonyme;Carpinus caucasica;
Q158776;Carpinus species;Hainbuche;P1420;taxonomische_synonyme;Carpinus vulgaris;
Q158776;Carpinus species;Hainbuche;P1672;ursprung_von;Holz der Gemeinen Hainbuche;
Q158776;Carpinus species;Hainbuche;P171;uebergeordnetes_taxon;Hainbuchen;
Q158776;Carpinus species;Hainbuche;P18;bild;http://commons.wikimedia.org/wiki/Special:FilePath/Brohmer-Berge-Rothem%C3%BChl-24-10-2009-30.jpg;
Q158776;Carpinus species;Hainbuche;P18;bild;http://commons.wikimedia.org/wiki/Special:FilePath/Carpinus%20betulus%20-%20Hunsr%C3%BCck%20001.jpg;
Q158776;Carpinus species;Hainbuche;P18;bild;http://commons.wikimedia.org/wiki/Special:FilePath/Carpinus%20betulus%20Sturm33.jpg;
Q158776;Carpinus species;Hainbuche;P181;verbreitungskarte_des_taxons;http://commons.wikimedia.org/wiki/Special:FilePath/Carpinus%20betulus%20range.svg;
Q158776;Carpinus species;Hainbuche;P225;wissenschaftlicher_name;Carpinus betulus;
Q158776;Carpinus species;Hainbuche;P31;ist_eine;Taxon;
Q158776;Carpinus species;Hainbuche;P4000;fruchttyp;Nussfrucht;
Q165321;Prunus serrulata 'Shidare-Sakura';Japanische Hängekirsche;P105;taxonomischer_rang;Art;
Q165321;Prunus serrulata 'Shidare-Sakura';Japanische Hängekirsche;P10906;foliage_type;laubabwerfend;
Q165321;Prunus serrulata 'Shidare-Sakura';Japanische Hängekirsche;P13162;referenzabbildung;http://commons.wikimedia.org/wiki/Special:FilePath/Naturalis%20Biodiversity%20Center%20-%20RMNH.ART.362-Prunus%20persica-Prunus%20pendula-Prunus%20jamasakura-Prunus%20subhirtella-Prunus%20buergeriana-Prunus%20leveilleana-Y%C5%ABshi%20Ishizaki-%20Cock%20Blomhoff%20Collection%20-pencil%20drawing-water%20colour.jpg;
Q165321;Prunus serrulata 'Shidare-Sakura';Japanische Hängekirsche;P171;uebergeordnetes_taxon;Prunus subg. Cerasus;
Q165321;Prunus serrulata 'Shidare-Sakura';Japanische Hängekirsche;P18;bild;http://commons.wikimedia.org/wiki/Special:FilePath/Cerisier%20du%20Japon%20Prunus%20serrulata.jpg;
Q165321;Prunus serrulata 'Shidare-Sakura';Japanische Hängekirsche;P225;wissenschaftlicher_name;Prunus serrulata;
Q165321;Prunus serrulata 'Shidare-Sakura';Japanische Hängekirsche;P2827;bluetenfarbe;hellrosa;
Q165321;Prunus serrulata 'Shidare-Sakura';Japanische Hängekirsche;P31;ist_eine;Taxon;
Q165321;Prunus serrulata 'Shidare-Sakura';Japanische Hängekirsche;P8193;winterhaerte_der_pflanze;5;
Q165321;Prunus serrulata 'Shidare-Sakura';Japanische Hängekirsche;P9714;verbreitungsgebiet;Guangdong;
Q165321;Prunus serrulata 'Shidare-Sakura';Japanische Hängekirsche;P9714;verbreitungsgebiet;Peking;
Q165321;Prunus serrulata 'Shidare-Sakura';Japanische Hängekirsche;P9714;verbreitungsgebiet;Tianjin;
Q165321;Prunus serrulata 'Shidare-Sakura';Japanische Hängekirsche;P9714;verbreitungsgebiet;Volksrepublik China;
Q147278;Pinus cembra;Zirbelkiefer;P105;taxonomischer_rang;Art;
Q147278;Pinus cembra;Zirbelkiefer;P141;gefaehrdungsstufe_iucn;nicht gefährdet;
Q147278;Pinus cembra;Zirbelkiefer;P171;uebergeordnetes_taxon;Pinus sect. Cembra;
Q147278;Pinus cembra;Zirbelkiefer;P18;bild;http://commons.wikimedia.org/wiki/Special:FilePath/Zirbe01.jpg;
Q147278;Pinus cembra;Zirbelkiefer;P181;verbreitungskarte_des_taxons;http://commons.wikimedia.org/wiki/Special:FilePath/Mapa%20pinus%20cembra1.png;
Q147278;Pinus cembra;Zirbelkiefer;P225;wissenschaftlicher_name;Pinus cembra;
Q147278;Pinus cembra;Zirbelkiefer;P31;ist_eine;Taxon;
Q147278;Pinus cembra;Zirbelkiefer;P4214;hoechste_beobachtete_lebensdauer;701.0;
Q148986;Rhus typhina;Essig-Baum;P105;taxonomischer_rang;Art;
Q148986;Rhus typhina;Essig-Baum;P141;gefaehrdungsstufe_iucn;nicht gefährdet;
Q148986;Rhus typhina;Essig-Baum;P171;uebergeordnetes_taxon;Rhus;
Q148986;Rhus typhina;Essig-Baum;P18;bild;http://commons.wikimedia.org/wiki/Special:FilePath/Rhty%20002%20lhp.jpg;
Q148986;Rhus typhina;Essig-Baum;P225;wissenschaftlicher_name;Rhus typhina;
Q148986;Rhus typhina;Essig-Baum;P31;ist_eine;Taxon;
Q148986;Rhus typhina;Essig-Baum;P9714;verbreitungsgebiet;Peking;
Q148986;Rhus typhina;Essig-Baum;P9714;verbreitungsgebiet;Tianjin;
Q148986;Rhus typhina;Essig-Baum;P9714;verbreitungsgebiet;Volksrepublik China;
Q161105;Platanus orientalis;Morgenländische Platane;P105;taxonomischer_rang;Art;
Q161105;Platanus orientalis;Morgenländische Platane;P10906;foliage_type;laubabwerfend;
Q161105;Platanus orientalis;Morgenländische Platane;P11220;fruchtfarbe;Braun;
Q161105;Platanus orientalis;Morgenländische Platane;P13478;nomenklatorischer_typ_von;Platanen;
Q161105;Platanus orientalis;Morgenländische Platane;P141;gefaehrdungsstufe_iucn;keine ausreichenden Daten;
Q161105;Platanus orientalis;Morgenländische Platane;P1420;taxonomische_synonyme;Platanus cuneata;
Q161105;Platanus orientalis;Morgenländische Platane;P171;uebergeordnetes_taxon;Platanen;
Q161105;Platanus orientalis;Morgenländische Platane;P18;bild;http://commons.wikimedia.org/wiki/Special:FilePath/Fruits%20of%20Platanus%20orientalis.jpg;
Q161105;Platanus orientalis;Morgenländische Platane;P18;bild;http://commons.wikimedia.org/wiki/Special:FilePath/Plane%20tree%20Grove%20Tsav%20River.jpg;
Q161105;Platanus orientalis;Morgenländische Platane;P225;wissenschaftlicher_name;Platanus orientalis;
Q161105;Platanus orientalis;Morgenländische Platane;P2827;bluetenfarbe;Grün;
Q161105;Platanus orientalis;Morgenländische Platane;P31;ist_eine;Heilpflanze;
Q161105;Platanus orientalis;Morgenländische Platane;P31;ist_eine;Taxon;
Q161105;Platanus orientalis;Morgenländische Platane;P366;verwendung;Aufforstung;
Q161105;Platanus orientalis;Morgenländische Platane;P9714;verbreitungsgebiet;Autonomes Gebiet Tibet;
Q161105;Platanus orientalis;Morgenländische Platane;P9714;verbreitungsgebiet;Peking;
Q161105;Platanus orientalis;Morgenländische Platane;P9714;verbreitungsgebiet;Volksrepublik China;
Q149471;Populus balsamifera;Balsam-Pappel;P105;taxonomischer_rang;Art;
Q149471;Populus balsamifera;Balsam-Pappel;P12766;fungiert_als_basionym_von;Aigeiros balsamifera;
Q149471;Populus balsamifera;Balsam-Pappel;P141;gefaehrdungsstufe_iucn;nicht gefährdet;
Q149471;Populus balsamifera;Balsam-Pappel;P171;uebergeordnetes_taxon;Pappeln;
Q149471;Populus balsamifera;Balsam-Pappel;P18;bild;http://commons.wikimedia.org/wiki/Special:FilePath/Populus%20balsamifera.jpg;
Q149471;Populus balsamifera;Balsam-Pappel;P225;wissenschaftlicher_name;Populus balsamifera;
Q149471;Populus balsamifera;Balsam-Pappel;P31;ist_eine;Taxon;
Q157540;Salix cinerea;Asch-Weide;P105;taxonomischer_rang;Art;
Q157540;Salix cinerea;Asch-Weide;P141;gefaehrdungsstufe_iucn;nicht gefährdet;
Q157540;Salix cinerea;Asch-Weide;P171;uebergeordnetes_taxon;Weiden;
Q157540;Salix cinerea;Asch-Weide;P18;bild;http://commons.wikimedia.org/wiki/Special:FilePath/Salix%20cinerea%20Habitus%20in%20spring%20Germany.jpg;
Q157540;Salix cinerea;Asch-Weide;P181;verbreitungskarte_des_taxons;http://commons.wikimedia.org/wiki/Special:FilePath/Salix%20cinerea%20map.png;
Q157540;Salix cinerea;Asch-Weide;P225;wissenschaftlicher_name;Salix cinerea;
Q157540;Salix cinerea;Asch-Weide;P31;ist_eine;Taxon;
Q157540;Salix cinerea;Asch-Weide;P5588;invasiv_in;Australien;
Q157540;Salix cinerea;Asch-Weide;P9714;verbreitungsgebiet;Xinjiang;
Q165378;Hippophae rhamnoides;Gemeiner Sanddorn;P105;taxonomischer_rang;Art;
Q165378;Hippophae rhamnoides;Gemeiner Sanddorn;P12766;fungiert_als_basionym_von;Elaeagnus rhamnoides;
Q165378;Hippophae rhamnoides;Gemeiner Sanddorn;P141;gefaehrdungsstufe_iucn;nicht gefährdet;
Q165378;Hippophae rhamnoides;Gemeiner Sanddorn;P1420;taxonomische_synonyme;Elaeagnus rhamnoides;
Q165378;Hippophae rhamnoides;Gemeiner Sanddorn;P1672;ursprung_von;Sanddornsaft;
Q165378;Hippophae rhamnoides;Gemeiner Sanddorn;P1672;ursprung_von;sea buckthorn oil;
Q165378;Hippophae rhamnoides;Gemeiner Sanddorn;P1672;ursprung_von;sea-buckthorn fruit;
Q165378;Hippophae rhamnoides;Gemeiner Sanddorn;P1672;ursprung_von;sea-buckthorn seed oil;
Q165378;Hippophae rhamnoides;Gemeiner Sanddorn;P171;uebergeordnetes_taxon;Hippophae;
Q165378;Hippophae rhamnoides;Gemeiner Sanddorn;P18;bild;http://commons.wikimedia.org/wiki/Special:FilePath/Hippophae%20%28Novogrudinina%29.jpg;
Q165378;Hippophae rhamnoides;Gemeiner Sanddorn;P225;wissenschaftlicher_name;Hippophae rhamnoides;
Q165378;Hippophae rhamnoides;Gemeiner Sanddorn;P279;unterklasse_von;Gehölz;
Q165378;Hippophae rhamnoides;Gemeiner Sanddorn;P31;ist_eine;Heilpflanze;
Q165378;Hippophae rhamnoides;Gemeiner Sanddorn;P31;ist_eine;Taxon;
Q165378;Hippophae rhamnoides;Gemeiner Sanddorn;P366;verwendung;Heilpflanze;
Q165378;Hippophae rhamnoides;Gemeiner Sanddorn;P366;verwendung;Nahrung;
Q165378;Hippophae rhamnoides;Gemeiner Sanddorn;P366;verwendung;Obst;
Q165378;Hippophae rhamnoides;Gemeiner Sanddorn;P366;verwendung;therapeutische Fertignahrung;
Q165378;Hippophae rhamnoides;Gemeiner Sanddorn;P9714;verbreitungsgebiet;Autonomes Gebiet Tibet;
Q165378;Hippophae rhamnoides;Gemeiner Sanddorn;P9714;verbreitungsgebiet;Xinjiang;
Q1944479;Tilia Mongolica;Mongolische Linde;P105;taxonomischer_rang;Art;
Q1944479;Tilia Mongolica;Mongolische Linde;P10906;foliage_type;laubabwerfend;
Q1944479;Tilia Mongolica;Mongolische Linde;P141;gefaehrdungsstufe_iucn;nicht gefährdet;
Q1944479;Tilia Mongolica;Mongolische Linde;P1552;charakterisiert_durch;florets per infloresence;
Q1944479;Tilia Mongolica;Mongolische Linde;P171;uebergeordnetes_taxon;Linde;
Q1944479;Tilia Mongolica;Mongolische Linde;P18;bild;http://commons.wikimedia.org/wiki/Special:FilePath/Mongolian%20Lime%20leaf.jpg;
Q1944479;Tilia Mongolica;Mongolische Linde;P225;wissenschaftlicher_name;Tilia mongolica;
Q1944479;Tilia Mongolica;Mongolische Linde;P31;ist_eine;Makrophanerophyten;
Q1944479;Tilia Mongolica;Mongolische Linde;P31;ist_eine;Taxon;
Q1944479;Tilia Mongolica;Mongolische Linde;P366;verwendung;Brennholz;
Q1944479;Tilia Mongolica;Mongolische Linde;P366;verwendung;Faser;
Q1944479;Tilia Mongolica;Mongolische Linde;P366;verwendung;Holz;
Q1944479;Tilia Mongolica;Mongolische Linde;P3739;bluetenstand;cyme;
Q1944479;Tilia Mongolica;Mongolische Linde;P3739;bluetenstand;erect infloresence;
Q1944479;Tilia Mongolica;Mongolische Linde;P9714;verbreitungsgebiet;Peking;
Q1944479;Tilia Mongolica;Mongolische Linde;P9714;verbreitungsgebiet;Tianjin;
Q1944479;Tilia Mongolica;Mongolische Linde;P9714;verbreitungsgebiet;Volksrepublik China;
Q852572;Juglans nigra;Schwarznuß;P105;taxonomischer_rang;Art;
Q852572;Juglans nigra;Schwarznuß;P10906;foliage_type;laubabwerfend;
Q852572;Juglans nigra;Schwarznuß;P141;gefaehrdungsstufe_iucn;nicht gefährdet;
Q852572;Juglans nigra;Schwarznuß;P1672;ursprung_von;Amerikanischer Nussbaum;
Q852572;Juglans nigra;Schwarznuß;P1672;ursprung_von;black walnut;
Q852572;Juglans nigra;Schwarznuß;P1672;ursprung_von;black walnut dye;
Q852572;Juglans nigra;Schwarznuß;P171;uebergeordnetes_taxon;Walnüsse;
Q852572;Juglans nigra;Schwarznuß;P18;bild;http://commons.wikimedia.org/wiki/Special:FilePath/Black%20Walnut%20Juglans%20nigra%20Nut%202400px.jpg;
Q852572;Juglans nigra;Schwarznuß;P18;bild;http://commons.wikimedia.org/wiki/Special:FilePath/Juglans%20nigra%20SCA-0322.jpg;
Q852572;Juglans nigra;Schwarznuß;P181;verbreitungskarte_des_taxons;http://commons.wikimedia.org/wiki/Special:FilePath/Juglans%20nigra%20range%20map.jpg;
Q852572;Juglans nigra;Schwarznuß;P225;wissenschaftlicher_name;Juglans nigra;
Q852572;Juglans nigra;Schwarznuß;P31;ist_eine;Taxon;
Q852572;Juglans nigra;Schwarznuß;P8193;winterhaerte_der_pflanze;4;
Q852572;Juglans nigra;Schwarznuß;P9714;verbreitungsgebiet;Volksrepublik China;
Q7879473;Ulmus glabra 'Lutescens';Sorte der Berg- Ulme;P105;taxonomischer_rang;Cultivar;
Q7879473;Ulmus glabra 'Lutescens';Sorte der Berg- Ulme;P171;uebergeordnetes_taxon;Bergulme;
Q7879473;Ulmus glabra 'Lutescens';Sorte der Berg- Ulme;P18;bild;http://commons.wikimedia.org/wiki/Special:FilePath/RN%20glabra%20Lutescens%20%28vinkeleskade%20amsterdam%29.jpg;
Q7879473;Ulmus glabra 'Lutescens';Sorte der Berg- Ulme;P225;wissenschaftlicher_name;Ulmus glabra ‘Lutescens’;
Q7879473;Ulmus glabra 'Lutescens';Sorte der Berg- Ulme;P31;ist_eine;Cultivar;
Q1581524;Fraxinus latifolia;Oregon-Esche;P105;taxonomischer_rang;Art;
Q1581524;Fraxinus latifolia;Oregon-Esche;P11801;visited_by;Agrilus planipennis;
Q1581524;Fraxinus latifolia;Oregon-Esche;P141;gefaehrdungsstufe_iucn;potenziell gefährdet;
Q1581524;Fraxinus latifolia;Oregon-Esche;P171;uebergeordnetes_taxon;Eschen;
Q1581524;Fraxinus latifolia;Oregon-Esche;P18;bild;http://commons.wikimedia.org/wiki/Special:FilePath/Fraxinus%20latifolia%20JPG1A.jpg;
Q1581524;Fraxinus latifolia;Oregon-Esche;P181;verbreitungskarte_des_taxons;http://commons.wikimedia.org/wiki/Special:FilePath/Oregon%20ash%20map.gif;
Q1581524;Fraxinus latifolia;Oregon-Esche;P225;wissenschaftlicher_name;Fraxinus latifolia;
Q1581524;Fraxinus latifolia;Oregon-Esche;P279;unterklasse_von;Laubbaum;
Q1581524;Fraxinus latifolia;Oregon-Esche;P31;ist_eine;Taxon;
Q1581524;Fraxinus latifolia;Oregon-Esche;P3648;natureserve_conservation_status;secure;
Q1581524;Fraxinus latifolia;Oregon-Esche;P9714;verbreitungsgebiet;British Columbia;
Q1581524;Fraxinus latifolia;Oregon-Esche;P9714;verbreitungsgebiet;Northwest California;
Q1581524;Fraxinus latifolia;Oregon-Esche;P9714;verbreitungsgebiet;Südkalifornien;
Q1581524;Fraxinus latifolia;Oregon-Esche;P9714;verbreitungsgebiet;West-Washington;
Q1581524;Fraxinus latifolia;Oregon-Esche;P9714;verbreitungsgebiet;Western Oregon;
Q926249;Cornus controversa;Pagoden-Hartriegel;P105;taxonomischer_rang;Art;
Q926249;Cornus controversa;Pagoden-Hartriegel;P10906;foliage_type;Immergrüne Pflanze;
Q926249;Cornus controversa;Pagoden-Hartriegel;P12766;fungiert_als_basionym_von;Bothrocaryum controversum;
Q926249;Cornus controversa;Pagoden-Hartriegel;P13162;referenzabbildung;http://commons.wikimedia.org/wiki/Special:FilePath/Cornus%20controversa%20138-8464.jpg;
Q926249;Cornus controversa;Pagoden-Hartriegel;P141;gefaehrdungsstufe_iucn;nicht gefährdet;
Q926249;Cornus controversa;Pagoden-Hartriegel;P1420;taxonomische_synonyme;Bothrocaryum controversum;
Q926249;Cornus controversa;Pagoden-Hartriegel;P171;uebergeordnetes_taxon;Hartriegel;
Q926249;Cornus controversa;Pagoden-Hartriegel;P18;bild;http://commons.wikimedia.org/wiki/Special:FilePath/Cornus%20controversa%20%27variegata%27%20-%20NBGB%20-%20IMG%204246.JPG;
Q926249;Cornus controversa;Pagoden-Hartriegel;P225;wissenschaftlicher_name;Cornus controversa;
Q926249;Cornus controversa;Pagoden-Hartriegel;P31;ist_eine;Taxon;
Q926249;Cornus controversa;Pagoden-Hartriegel;P366;verwendung;Baustoff;
Q926249;Cornus controversa;Pagoden-Hartriegel;P366;verwendung;Heilpflanze;
Q926249;Cornus controversa;Pagoden-Hartriegel;P9714;verbreitungsgebiet;Autonomes Gebiet Tibet;
Q926249;Cornus controversa;Pagoden-Hartriegel;P9714;verbreitungsgebiet;Guangdong;
Q926249;Cornus controversa;Pagoden-Hartriegel;P9714;verbreitungsgebiet;Volksrepublik China;
Q147255;Thuja species;Lebensbaum;P105;taxonomischer_rang;Gattung;
Q147255;Thuja species;Lebensbaum;P171;uebergeordnetes_taxon;Thujoideae;
Q147255;Thuja species;Lebensbaum;P171;uebergeordnetes_taxon;Zypressengewächse;
Q147255;Thuja species;Lebensbaum;P18;bild;http://commons.wikimedia.org/wiki/Special:FilePath/Thuja%20occidentalis%20%28eastern%20arbor%20vitae%20tree%29%20%28Natural%20Bridge%20State%20Park%2C%20Virginia%2C%20USA%29%202%20%2827804946205%29.jpg;
Q147255;Thuja species;Lebensbaum;P18;bild;http://commons.wikimedia.org/wiki/Special:FilePath/Thuja%20plicata%2043569.JPG;
Q147255;Thuja species;Lebensbaum;P225;wissenschaftlicher_name;Thuja;
Q147255;Thuja species;Lebensbaum;P31;ist_eine;Taxon;
Q3125935;Halesia carolina;Schneeglöckchenbaum;P105;taxonomischer_rang;Art;
Q3125935;Halesia carolina;Schneeglöckchenbaum;P141;gefaehrdungsstufe_iucn;nicht gefährdet;
Q3125935;Halesia carolina;Schneeglöckchenbaum;P171;uebergeordnetes_taxon;Halesia;
Q3125935;Halesia carolina;Schneeglöckchenbaum;P18;bild;http://commons.wikimedia.org/wiki/Special:FilePath/Halesia%20carolina3.jpg;
Q3125935;Halesia carolina;Schneeglöckchenbaum;P225;wissenschaftlicher_name;Halesia carolina;
Q3125935;Halesia carolina;Schneeglöckchenbaum;P31;ist_eine;Taxon;
Q3125935;Halesia carolina;Schneeglöckchenbaum;P3648;natureserve_conservation_status;apparently secure;
Q1089472;Acer capillipes;Roter Schlangenhautahorn;P105;taxonomischer_rang;Art;
Q1089472;Acer capillipes;Roter Schlangenhautahorn;P141;gefaehrdungsstufe_iucn;nicht gefährdet;
Q1089472;Acer capillipes;Roter Schlangenhautahorn;P171;uebergeordnetes_taxon;Ahorn;
Q1089472;Acer capillipes;Roter Schlangenhautahorn;P18;bild;http://commons.wikimedia.org/wiki/Special:FilePath/Acer%20capillipes1.jpg;
Q1089472;Acer capillipes;Roter Schlangenhautahorn;P225;wissenschaftlicher_name;Acer capillipes;
Q1089472;Acer capillipes;Roter Schlangenhautahorn;P31;ist_eine;Taxon;
Q1089472;Acer capillipes;Roter Schlangenhautahorn;P3739;bluetenstand;Traube;
Q1089472;Acer capillipes;Roter Schlangenhautahorn;P4000;fruchttyp;Flügelnuss;
Q130467211;Robinia Pseudoacacia `Semperflorens`;"Robinie ""Semperflorens""";P105;taxonomischer_rang;Cultivar;
Q130467211;Robinia Pseudoacacia `Semperflorens`;"Robinie ""Semperflorens""";P171;uebergeordnetes_taxon;Gewöhnliche Robinie;
Q130467211;Robinia Pseudoacacia `Semperflorens`;"Robinie ""Semperflorens""";P225;wissenschaftlicher_name;Robinia pseudoacacia 'Semperflorens';
Q130467211;Robinia Pseudoacacia `Semperflorens`;"Robinie ""Semperflorens""";P31;ist_eine;Taxon;
Q504004;Ulmus x hollandica 'Commelin';Sorte der Holländischen Ulme;P105;taxonomischer_rang;Nothospecies;
Q504004;Ulmus x hollandica 'Commelin';Sorte der Holländischen Ulme;P1531;hybrideltern;Bergulme;
Q504004;Ulmus x hollandica 'Commelin';Sorte der Holländischen Ulme;P1531;hybrideltern;Feldulme;
Q504004;Ulmus x hollandica 'Commelin';Sorte der Holländischen Ulme;P171;uebergeordnetes_taxon;Ulmen;
Q504004;Ulmus x hollandica 'Commelin';Sorte der Holländischen Ulme;P18;bild;http://commons.wikimedia.org/wiki/Special:FilePath/Huntingdon%20elm.jpg;
Q504004;Ulmus x hollandica 'Commelin';Sorte der Holländischen Ulme;P225;wissenschaftlicher_name;Ulmus ×hollandica;
Q504004;Ulmus x hollandica 'Commelin';Sorte der Holländischen Ulme;P31;ist_eine;hybrid taxon;
Q158912;Salix pentandra;Lorbeer-Weide;P105;taxonomischer_rang;Art;
Q158912;Salix pentandra;Lorbeer-Weide;P141;gefaehrdungsstufe_iucn;nicht gefährdet;
Q158912;Salix pentandra;Lorbeer-Weide;P171;uebergeordnetes_taxon;Weiden;
Q158912;Salix pentandra;Lorbeer-Weide;P18;bild;http://commons.wikimedia.org/wiki/Special:FilePath/Salix%20pentandra0.jpg;
Q158912;Salix pentandra;Lorbeer-Weide;P225;wissenschaftlicher_name;Salix pentandra;
Q158912;Salix pentandra;Lorbeer-Weide;P31;ist_eine;Taxon;
Q158912;Salix pentandra;Lorbeer-Weide;P366;verwendung;Heilpflanze;
Q158912;Salix pentandra;Lorbeer-Weide;P4000;fruchttyp;Kapselfrucht;
Q158912;Salix pentandra;Lorbeer-Weide;P5841;gefaehrdungsstatus_in_der_rote_liste_der_gefaehrdeten_arten_der_tschechischen_republik;near threatened;
Q158912;Salix pentandra;Lorbeer-Weide;P9714;verbreitungsgebiet;Volksrepublik China;
Q158912;Salix pentandra;Lorbeer-Weide;P9714;verbreitungsgebiet;Xinjiang;
Q920344;Zelkova serrata;Japanische Zelkove;P105;taxonomischer_rang;Art;
Q920344;Zelkova serrata;Japanische Zelkove;P10906;foliage_type;laubabwerfend;
Q920344;Zelkova serrata;Japanische Zelkove;P141;gefaehrdungsstufe_iucn;potenziell gefährdet;
Q920344;Zelkova serrata;Japanische Zelkove;P1420;taxonomische_synonyme;Zelkova serrata var. longifolia;
Q920344;Zelkova serrata;Japanische Zelkove;P171;uebergeordnetes_taxon;Zelkoven;
Q920344;Zelkova serrata;Japanische Zelkove;P18;bild;http://commons.wikimedia.org/wiki/Special:FilePath/Zelkova%20serrata%20Noma%20keyaki01.jpg;
Q920344;Zelkova serrata;Japanische Zelkove;P225;wissenschaftlicher_name;Zelkova serrata;
Q920344;Zelkova serrata;Japanische Zelkove;P31;ist_eine;Taxon;
Q920344;Zelkova serrata;Japanische Zelkove;P366;verwendung;Baustoff;
Q920344;Zelkova serrata;Japanische Zelkove;P366;verwendung;Faser;
Q920344;Zelkova serrata;Japanische Zelkove;P566;basionym;Corchorus serratus;
Q920344;Zelkova serrata;Japanische Zelkove;P9714;verbreitungsgebiet;Fujian;
Q920344;Zelkova serrata;Japanische Zelkove;P9714;verbreitungsgebiet;Guangdong;
Q920344;Zelkova serrata;Japanische Zelkove;P9714;verbreitungsgebiet;Shanghai;
Q920344;Zelkova serrata;Japanische Zelkove;P9714;verbreitungsgebiet;Volksrepublik China;
Q26745;Acer platanoides 'Laciniatum';Sorte vom Spitz-Ahorn;P105;taxonomischer_rang;Art;
Q26745;Acer platanoides 'Laciniatum';Sorte vom Spitz-Ahorn;P10906;foliage_type;laubabwerfend;
Q26745;Acer platanoides 'Laciniatum';Sorte vom Spitz-Ahorn;P141;gefaehrdungsstufe_iucn;nicht gefährdet;
Q26745;Acer platanoides 'Laciniatum';Sorte vom Spitz-Ahorn;P1672;ursprung_von;Ahornholz;
Q26745;Acer platanoides 'Laciniatum';Sorte vom Spitz-Ahorn;P1672;ursprung_von;Norway maple;
Q26745;Acer platanoides 'Laciniatum';Sorte vom Spitz-Ahorn;P1672;ursprung_von;acerin;
Q26745;Acer platanoides 'Laciniatum';Sorte vom Spitz-Ahorn;P171;uebergeordnetes_taxon;Ahorn;
Q26745;Acer platanoides 'Laciniatum';Sorte vom Spitz-Ahorn;P18;bild;http://commons.wikimedia.org/wiki/Special:FilePath/2020%20year.%20Herbarium.%20Acer%20platanoides.%20img-012.jpg;
Q26745;Acer platanoides 'Laciniatum';Sorte vom Spitz-Ahorn;P18;bild;http://commons.wikimedia.org/wiki/Special:FilePath/Ahornbluete.jpg;
Q26745;Acer platanoides 'Laciniatum';Sorte vom Spitz-Ahorn;P18;bild;http://commons.wikimedia.org/wiki/Special:FilePath/Spitz-Ahorn%28mbo%29.jpg;
Q26745;Acer platanoides 'Laciniatum';Sorte vom Spitz-Ahorn;P181;verbreitungskarte_des_taxons;http://commons.wikimedia.org/wiki/Special:FilePath/Acer%20platanoides%20range.svg;
Q26745;Acer platanoides 'Laciniatum';Sorte vom Spitz-Ahorn;P225;wissenschaftlicher_name;Acer platanoides;
Q26745;Acer platanoides 'Laciniatum';Sorte vom Spitz-Ahorn;P2827;bluetenfarbe;Gelb;
Q26745;Acer platanoides 'Laciniatum';Sorte vom Spitz-Ahorn;P31;ist_eine;Taxon;
Q26745;Acer platanoides 'Laciniatum';Sorte vom Spitz-Ahorn;P3739;bluetenstand;Schirmtraube;
Q26745;Acer platanoides 'Laciniatum';Sorte vom Spitz-Ahorn;P3739;bluetenstand;erect infloresence;
Q26745;Acer platanoides 'Laciniatum';Sorte vom Spitz-Ahorn;P4000;fruchttyp;Flügelnuss;
Q26745;Acer platanoides 'Laciniatum';Sorte vom Spitz-Ahorn;P443;aussprache_audiodatei;http://commons.wikimedia.org/wiki/Special:FilePath/LL-Q150%20%28fra%29-Fabricio%20Cardenas%20%28Culex%29-%C3%A9rable%20plane.wav;
Q26745;Acer platanoides 'Laciniatum';Sorte vom Spitz-Ahorn;P9714;verbreitungsgebiet;Volksrepublik China;
Q145939;Abies concolor;Colorado-Tanne;P105;taxonomischer_rang;Art;
Q145939;Abies concolor;Colorado-Tanne;P10906;foliage_type;Immergrüne Pflanze;
Q145939;Abies concolor;Colorado-Tanne;P141;gefaehrdungsstufe_iucn;nicht gefährdet;
Q145939;Abies concolor;Colorado-Tanne;P1672;ursprung_von;white fir;
Q145939;Abies concolor;Colorado-Tanne;P171;uebergeordnetes_taxon;Tannen;
Q145939;Abies concolor;Colorado-Tanne;P18;bild;http://commons.wikimedia.org/wiki/Special:FilePath/Abies%20concolor%20Yosemite%20NP.jpg;
Q145939;Abies concolor;Colorado-Tanne;P18;bild;http://commons.wikimedia.org/wiki/Special:FilePath/Abies%20concolor%20subsp.%20concolor%20crown.jpg;
Q145939;Abies concolor;Colorado-Tanne;P181;verbreitungskarte_des_taxons;http://commons.wikimedia.org/wiki/Special:FilePath/Abies%20concolor%20range%20map%203.png;
Q145939;Abies concolor;Colorado-Tanne;P225;wissenschaftlicher_name;Abies concolor;
Q145939;Abies concolor;Colorado-Tanne;P2974;habitat;mountainous area;
Q145939;Abies concolor;Colorado-Tanne;P31;ist_eine;Taxon;
Q145939;Abies concolor;Colorado-Tanne;P3648;natureserve_conservation_status;secure;
Q145939;Abies concolor;Colorado-Tanne;P566;basionym;Picea concolor;
Q145939;Abies concolor;Colorado-Tanne;P9714;verbreitungsgebiet;Western North America;
Q390100;Abies koreana;Korea-Tanne;P105;taxonomischer_rang;Art;
Q390100;Abies koreana;Korea-Tanne;P138;benannt_nach;Korea;
Q390100;Abies koreana;Korea-Tanne;P141;gefaehrdungsstufe_iucn;gefährdete Tierarten;
Q390100;Abies koreana;Korea-Tanne;P171;uebergeordnetes_taxon;Tannen;
Q390100;Abies koreana;Korea-Tanne;P18;bild;http://commons.wikimedia.org/wiki/Special:FilePath/Abies%20koreana%204.jpg;
Q390100;Abies koreana;Korea-Tanne;P18;bild;http://commons.wikimedia.org/wiki/Special:FilePath/Abies%20koreana%20at%20Jirisan%20mountain%2001.JPG;
Q390100;Abies koreana;Korea-Tanne;P183;endemisch_in;Korea;
Q390100;Abies koreana;Korea-Tanne;P225;wissenschaftlicher_name;Abies koreana;
Q390100;Abies koreana;Korea-Tanne;P31;ist_eine;Taxon;
Q157417;Robinia pseudoacacia 'Fastigata';Sorte der Robinie;P105;taxonomischer_rang;Art;
Q157417;Robinia pseudoacacia 'Fastigata';Sorte der Robinie;P10906;foliage_type;laubabwerfend;
Q157417;Robinia pseudoacacia 'Fastigata';Sorte der Robinie;P141;gefaehrdungsstufe_iucn;nicht gefährdet;
Q157417;Robinia pseudoacacia 'Fastigata';Sorte der Robinie;P1552;charakterisiert_durch;Stickstofffixierung;
Q157417;Robinia pseudoacacia 'Fastigata';Sorte der Robinie;P1552;charakterisiert_durch;wildlife attraction;
Q157417;Robinia pseudoacacia 'Fastigata';Sorte der Robinie;P1672;ursprung_von;Black Locust seed;
Q157417;Robinia pseudoacacia 'Fastigata';Sorte der Robinie;P1672;ursprung_von;Black Locust wood;
Q157417;Robinia pseudoacacia 'Fastigata';Sorte der Robinie;P1672;ursprung_von;Robinienholz;
Q157417;Robinia pseudoacacia 'Fastigata';Sorte der Robinie;P171;uebergeordnetes_taxon;Robinien;
Q157417;Robinia pseudoacacia 'Fastigata';Sorte der Robinie;P18;bild;http://commons.wikimedia.org/wiki/Special:FilePath/Korina%202011-05-20%20Robinia%20pseudoacacia%203.jpg;
Q157417;Robinia pseudoacacia 'Fastigata';Sorte der Robinie;P18;bild;http://commons.wikimedia.org/wiki/Special:FilePath/Villn%C3%B6%C3%9F%20Robinie%20beim%20Mantinghof%20Pardell.jpg;
Q157417;Robinia pseudoacacia 'Fastigata';Sorte der Robinie;P181;verbreitungskarte_des_taxons;http://commons.wikimedia.org/wiki/Special:FilePath/Robinia%20pseudoacacia%20distribution%20map.png;
Q157417;Robinia pseudoacacia 'Fastigata';Sorte der Robinie;P225;wissenschaftlicher_name;Robinia pseudoacacia;
Q157417;Robinia pseudoacacia 'Fastigata';Sorte der Robinie;P2670;enthaelt_elemente_von;Toxin;
Q157417;Robinia pseudoacacia 'Fastigata';Sorte der Robinie;P279;unterklasse_von;Giftpflanze;
Q157417;Robinia pseudoacacia 'Fastigata';Sorte der Robinie;P279;unterklasse_von;Nutzpflanze;
Q157417;Robinia pseudoacacia 'Fastigata';Sorte der Robinie;P279;unterklasse_von;fertilizer tree;
Q157417;Robinia pseudoacacia 'Fastigata';Sorte der Robinie;P2827;bluetenfarbe;Weiß;
Q157417;Robinia pseudoacacia 'Fastigata';Sorte der Robinie;P31;ist_eine;Taxon;
Q157417;Robinia pseudoacacia 'Fastigata';Sorte der Robinie;P3648;natureserve_conservation_status;secure;
Q157417;Robinia pseudoacacia 'Fastigata';Sorte der Robinie;P366;verwendung;Aufforstung;
Q157417;Robinia pseudoacacia 'Fastigata';Sorte der Robinie;P366;verwendung;Bienentrachtpflanze;
Q157417;Robinia pseudoacacia 'Fastigata';Sorte der Robinie;P366;verwendung;Futtermittel;
Q157417;Robinia pseudoacacia 'Fastigata';Sorte der Robinie;P366;verwendung;Heilpflanze;
Q157417;Robinia pseudoacacia 'Fastigata';Sorte der Robinie;P366;verwendung;Holz;
Q157417;Robinia pseudoacacia 'Fastigata';Sorte der Robinie;P366;verwendung;Nahrung;
Q157417;Robinia pseudoacacia 'Fastigata';Sorte der Robinie;P366;verwendung;soil retention;
Q157417;Robinia pseudoacacia 'Fastigata';Sorte der Robinie;P3739;bluetenstand;Traube;
Q157417;Robinia pseudoacacia 'Fastigata';Sorte der Robinie;P5252;winteransicht;http://commons.wikimedia.org/wiki/Special:FilePath/Robinia%20pseudoacacia%20-%20%D0%AE%D1%80%D0%B8%D0%B9%20%D0%94%D0%B0%D0%BD%D0%B8%D0%BB%D0%B5%D0%B2%D1%81%D0%BA%D0%B8%D0%B9%20%28Yuriy%20Danilevsky%29%20-%20604778214.jpeg;
Q157417;Robinia pseudoacacia 'Fastigata';Sorte der Robinie;P5588;invasiv_in;Shanghai;
Q157417;Robinia pseudoacacia 'Fastigata';Sorte der Robinie;P8193;winterhaerte_der_pflanze;3;
Q157417;Robinia pseudoacacia 'Fastigata';Sorte der Robinie;P9714;verbreitungsgebiet;Autonomes Gebiet Tibet;
Q157417;Robinia pseudoacacia 'Fastigata';Sorte der Robinie;P9714;verbreitungsgebiet;Fujian;
Q157417;Robinia pseudoacacia 'Fastigata';Sorte der Robinie;P9714;verbreitungsgebiet;Peking;
Q157417;Robinia pseudoacacia 'Fastigata';Sorte der Robinie;P9714;verbreitungsgebiet;Shanghai;
Q157417;Robinia pseudoacacia 'Fastigata';Sorte der Robinie;P9714;verbreitungsgebiet;Tianjin;
Q157417;Robinia pseudoacacia 'Fastigata';Sorte der Robinie;P9714;verbreitungsgebiet;Volksrepublik China;
Q2611816;Quercus muehlenbergii;Gelb Eiche;P105;taxonomischer_rang;Art;
Q2611816;Quercus muehlenbergii;Gelb Eiche;P141;gefaehrdungsstufe_iucn;nicht gefährdet;
Q2611816;Quercus muehlenbergii;Gelb Eiche;P171;uebergeordnetes_taxon;Eichen;
Q2611816;Quercus muehlenbergii;Gelb Eiche;P18;bild;http://commons.wikimedia.org/wiki/Special:FilePath/Chinkapin%20oak.jpg;
Q2611816;Quercus muehlenbergii;Gelb Eiche;P181;verbreitungskarte_des_taxons;http://commons.wikimedia.org/wiki/Special:FilePath/Quercus%20muehlenbergii%20range%20map%201.png;
Q2611816;Quercus muehlenbergii;Gelb Eiche;P225;wissenschaftlicher_name;Quercus muehlenbergii;
Q2611816;Quercus muehlenbergii;Gelb Eiche;P31;ist_eine;Taxon;
Q2611816;Quercus muehlenbergii;Gelb Eiche;P4214;hoechste_beobachtete_lebensdauer;278.0;
Q2611816;Quercus muehlenbergii;Gelb Eiche;P8193;winterhaerte_der_pflanze;3;
Q157417;Robinia pseudoacacia 'Monophylla Fastigi';Sorte der Robinie;P105;taxonomischer_rang;Art;
Q157417;Robinia pseudoacacia 'Monophylla Fastigi';Sorte der Robinie;P10906;foliage_type;laubabwerfend;
Q157417;Robinia pseudoacacia 'Monophylla Fastigi';Sorte der Robinie;P141;gefaehrdungsstufe_iucn;nicht gefährdet;
Q157417;Robinia pseudoacacia 'Monophylla Fastigi';Sorte der Robinie;P1552;charakterisiert_durch;Stickstofffixierung;
Q157417;Robinia pseudoacacia 'Monophylla Fastigi';Sorte der Robinie;P1552;charakterisiert_durch;wildlife attraction;
Q157417;Robinia pseudoacacia 'Monophylla Fastigi';Sorte der Robinie;P1672;ursprung_von;Black Locust seed;
Q157417;Robinia pseudoacacia 'Monophylla Fastigi';Sorte der Robinie;P1672;ursprung_von;Black Locust wood;
Q157417;Robinia pseudoacacia 'Monophylla Fastigi';Sorte der Robinie;P1672;ursprung_von;Robinienholz;
Q157417;Robinia pseudoacacia 'Monophylla Fastigi';Sorte der Robinie;P171;uebergeordnetes_taxon;Robinien;
Q157417;Robinia pseudoacacia 'Monophylla Fastigi';Sorte der Robinie;P18;bild;http://commons.wikimedia.org/wiki/Special:FilePath/Korina%202011-05-20%20Robinia%20pseudoacacia%203.jpg;
Q157417;Robinia pseudoacacia 'Monophylla Fastigi';Sorte der Robinie;P18;bild;http://commons.wikimedia.org/wiki/Special:FilePath/Villn%C3%B6%C3%9F%20Robinie%20beim%20Mantinghof%20Pardell.jpg;
Q157417;Robinia pseudoacacia 'Monophylla Fastigi';Sorte der Robinie;P181;verbreitungskarte_des_taxons;http://commons.wikimedia.org/wiki/Special:FilePath/Robinia%20pseudoacacia%20distribution%20map.png;
Q157417;Robinia pseudoacacia 'Monophylla Fastigi';Sorte der Robinie;P225;wissenschaftlicher_name;Robinia pseudoacacia;
Q157417;Robinia pseudoacacia 'Monophylla Fastigi';Sorte der Robinie;P2670;enthaelt_elemente_von;Toxin;
Q157417;Robinia pseudoacacia 'Monophylla Fastigi';Sorte der Robinie;P279;unterklasse_von;Giftpflanze;
Q157417;Robinia pseudoacacia 'Monophylla Fastigi';Sorte der Robinie;P279;unterklasse_von;Nutzpflanze;
Q157417;Robinia pseudoacacia 'Monophylla Fastigi';Sorte der Robinie;P279;unterklasse_von;fertilizer tree;
Q157417;Robinia pseudoacacia 'Monophylla Fastigi';Sorte der Robinie;P2827;bluetenfarbe;Weiß;
Q157417;Robinia pseudoacacia 'Monophylla Fastigi';Sorte der Robinie;P31;ist_eine;Taxon;
Q157417;Robinia pseudoacacia 'Monophylla Fastigi';Sorte der Robinie;P3648;natureserve_conservation_status;secure;
Q157417;Robinia pseudoacacia 'Monophylla Fastigi';Sorte der Robinie;P366;verwendung;Aufforstung;
Q157417;Robinia pseudoacacia 'Monophylla Fastigi';Sorte der Robinie;P366;verwendung;Bienentrachtpflanze;
Q157417;Robinia pseudoacacia 'Monophylla Fastigi';Sorte der Robinie;P366;verwendung;Futtermittel;
Q157417;Robinia pseudoacacia 'Monophylla Fastigi';Sorte der Robinie;P366;verwendung;Heilpflanze;
Q157417;Robinia pseudoacacia 'Monophylla Fastigi';Sorte der Robinie;P366;verwendung;Holz;
Q157417;Robinia pseudoacacia 'Monophylla Fastigi';Sorte der Robinie;P366;verwendung;Nahrung;
Q157417;Robinia pseudoacacia 'Monophylla Fastigi';Sorte der Robinie;P366;verwendung;soil retention;
Q157417;Robinia pseudoacacia 'Monophylla Fastigi';Sorte der Robinie;P3739;bluetenstand;Traube;
Q157417;Robinia pseudoacacia 'Monophylla Fastigi';Sorte der Robinie;P5252;winteransicht;http://commons.wikimedia.org/wiki/Special:FilePath/Robinia%20pseudoacacia%20-%20%D0%AE%D1%80%D0%B8%D0%B9%20%D0%94%D0%B0%D0%BD%D0%B8%D0%BB%D0%B5%D0%B2%D1%81%D0%BA%D0%B8%D0%B9%20%28Yuriy%20Danilevsky%29%20-%20604778214.jpeg;
Q157417;Robinia pseudoacacia 'Monophylla Fastigi';Sorte der Robinie;P5588;invasiv_in;Shanghai;
Q157417;Robinia pseudoacacia 'Monophylla Fastigi';Sorte der Robinie;P8193;winterhaerte_der_pflanze;3;
Q157417;Robinia pseudoacacia 'Monophylla Fastigi';Sorte der Robinie;P9714;verbreitungsgebiet;Autonomes Gebiet Tibet;
Q157417;Robinia pseudoacacia 'Monophylla Fastigi';Sorte der Robinie;P9714;verbreitungsgebiet;Fujian;
Q157417;Robinia pseudoacacia 'Monophylla Fastigi';Sorte der Robinie;P9714;verbreitungsgebiet;Peking;
Q157417;Robinia pseudoacacia 'Monophylla Fastigi';Sorte der Robinie;P9714;verbreitungsgebiet;Shanghai;
Q157417;Robinia pseudoacacia 'Monophylla Fastigi';Sorte der Robinie;P9714;verbreitungsgebiet;Tianjin;
Q157417;Robinia pseudoacacia 'Monophylla Fastigi';Sorte der Robinie;P9714;verbreitungsgebiet;Volksrepublik China;
Q7263800;Pyrus nivalis;Schneebirne;P105;taxonomischer_rang;Art;
Q7263800;Pyrus nivalis;Schneebirne;P141;gefaehrdungsstufe_iucn;keine ausreichenden Daten;
Q7263800;Pyrus nivalis;Schneebirne;P1672;ursprung_von;snow pear;
Q7263800;Pyrus nivalis;Schneebirne;P1672;ursprung_von;snow pear juice;
Q7263800;Pyrus nivalis;Schneebirne;P171;uebergeordnetes_taxon;Birnen;
Q7263800;Pyrus nivalis;Schneebirne;P18;bild;http://commons.wikimedia.org/wiki/Special:FilePath/Pyrusnivalis.jpg;
Q7263800;Pyrus nivalis;Schneebirne;P225;wissenschaftlicher_name;Pyrus nivalis;
Q7263800;Pyrus nivalis;Schneebirne;P31;ist_eine;Taxon;
Q7263800;Pyrus nivalis;Schneebirne;P5841;gefaehrdungsstatus_in_der_rote_liste_der_gefaehrdeten_arten_der_tschechischen_republik;data deficient;
Q164158;Amelanchier alnifolia;Erlen-Felsenbirne;P105;taxonomischer_rang;Art;
Q164158;Amelanchier alnifolia;Erlen-Felsenbirne;P11220;fruchtfarbe;Dunkelviolett;
Q164158;Amelanchier alnifolia;Erlen-Felsenbirne;P11220;fruchtfarbe;nearly black;
Q164158;Amelanchier alnifolia;Erlen-Felsenbirne;P12273;montana_plant_life_url;http://montana.plant-life.org/cgi-bin/species03.cgi?Rosaceae_Amelanchieralnifolia;
Q164158;Amelanchier alnifolia;Erlen-Felsenbirne;P12616;leaf_morphology;orbicular leaf blade;
Q164158;Amelanchier alnifolia;Erlen-Felsenbirne;P12616;leaf_morphology;ovate leaf blade;
Q164158;Amelanchier alnifolia;Erlen-Felsenbirne;P141;gefaehrdungsstufe_iucn;nicht gefährdet;
Q164158;Amelanchier alnifolia;Erlen-Felsenbirne;P1672;ursprung_von;Pacific serviceberry;
Q164158;Amelanchier alnifolia;Erlen-Felsenbirne;P171;uebergeordnetes_taxon;Felsenbirnen;
Q164158;Amelanchier alnifolia;Erlen-Felsenbirne;P18;bild;http://commons.wikimedia.org/wiki/Special:FilePath/Amelanchier%20alnifolia%206338.JPG;
Q164158;Amelanchier alnifolia;Erlen-Felsenbirne;P181;verbreitungskarte_des_taxons;http://commons.wikimedia.org/wiki/Special:FilePath/Amelanchier%20alnifolia%20range%20map.jpg;
Q164158;Amelanchier alnifolia;Erlen-Felsenbirne;P225;wissenschaftlicher_name;Amelanchier alnifolia;
Q164158;Amelanchier alnifolia;Erlen-Felsenbirne;P279;unterklasse_von;Baum;
Q164158;Amelanchier alnifolia;Erlen-Felsenbirne;P279;unterklasse_von;Nutzpflanze;
Q164158;Amelanchier alnifolia;Erlen-Felsenbirne;P2827;bluetenfarbe;Weiß;
Q164158;Amelanchier alnifolia;Erlen-Felsenbirne;P31;ist_eine;Taxon;
Q164158;Amelanchier alnifolia;Erlen-Felsenbirne;P3648;natureserve_conservation_status;secure;
Q164158;Amelanchier alnifolia;Erlen-Felsenbirne;P366;verwendung;essbare Pflanzen;
Q164158;Amelanchier alnifolia;Erlen-Felsenbirne;P4000;fruchttyp;Apfelfrucht;
Q164158;Amelanchier alnifolia;Erlen-Felsenbirne;P566;basionym;Aronia alnifolia;
Q164158;Amelanchier alnifolia;Erlen-Felsenbirne;P8193;winterhaerte_der_pflanze;2;
Q164158;Amelanchier alnifolia;Erlen-Felsenbirne;P8193;winterhaerte_der_pflanze;3;
Q3926580;Alnus serrulata;Hasel-Erle;P105;taxonomischer_rang;Art;
Q3926580;Alnus serrulata;Hasel-Erle;P141;gefaehrdungsstufe_iucn;nicht gefährdet;
Q3926580;Alnus serrulata;Hasel-Erle;P171;uebergeordnetes_taxon;Erlen;
Q3926580;Alnus serrulata;Hasel-Erle;P18;bild;http://commons.wikimedia.org/wiki/Special:FilePath/Tagalder8139.jpg;
Q3926580;Alnus serrulata;Hasel-Erle;P181;verbreitungskarte_des_taxons;http://commons.wikimedia.org/wiki/Special:FilePath/Alnus%20serrulata%20range%20map.jpg;
Q3926580;Alnus serrulata;Hasel-Erle;P225;wissenschaftlicher_name;Alnus serrulata;
Q3926580;Alnus serrulata;Hasel-Erle;P31;ist_eine;Taxon;
Q3926580;Alnus serrulata;Hasel-Erle;P3648;natureserve_conservation_status;secure;
Q3926580;Alnus serrulata;Hasel-Erle;P566;basionym;Betula serrulata;
Q159570;Ailanthus vilmoriana;Götterbaum;P105;taxonomischer_rang;Art;
Q159570;Ailanthus vilmoriana;Götterbaum;P10906;foliage_type;laubabwerfend;
Q159570;Ailanthus vilmoriana;Götterbaum;P1672;ursprung_von;ailanthus wood;
Q159570;Ailanthus vilmoriana;Götterbaum;P171;uebergeordnetes_taxon;Götterbäume;
Q159570;Ailanthus vilmoriana;Götterbaum;P18;bild;http://commons.wikimedia.org/wiki/Special:FilePath/G%C3%B6tterbaum%20%28Ailanthus%20altissima%29.jpg;
Q159570;Ailanthus vilmoriana;Götterbaum;P183;endemisch_in;Taiwan;
Q159570;Ailanthus vilmoriana;Götterbaum;P225;wissenschaftlicher_name;Ailanthus altissima;
Q159570;Ailanthus vilmoriana;Götterbaum;P31;ist_eine;Makrophanerophyten;
Q159570;Ailanthus vilmoriana;Götterbaum;P31;ist_eine;Taxon;
Q159570;Ailanthus vilmoriana;Götterbaum;P366;verwendung;Futtermittel;
Q159570;Ailanthus vilmoriana;Götterbaum;P366;verwendung;Heilpflanze;
Q159570;Ailanthus vilmoriana;Götterbaum;P366;verwendung;Holz;
Q159570;Ailanthus vilmoriana;Götterbaum;P366;verwendung;Nahrung;
Q159570;Ailanthus vilmoriana;Götterbaum;P4000;fruchttyp;Flügelnuss;
Q159570;Ailanthus vilmoriana;Götterbaum;P5588;invasiv_in;Frankreich;
Q159570;Ailanthus vilmoriana;Götterbaum;P5588;invasiv_in;Oregon;
Q159570;Ailanthus vilmoriana;Götterbaum;P566;basionym;Toxicodendron altissimum;
Q159570;Ailanthus vilmoriana;Götterbaum;P5872;riecht_nach;sperma;
Q159570;Ailanthus vilmoriana;Götterbaum;P9714;verbreitungsgebiet;Autonomes Gebiet Tibet;
Q159570;Ailanthus vilmoriana;Götterbaum;P9714;verbreitungsgebiet;Guangdong;
Q159570;Ailanthus vilmoriana;Götterbaum;P9714;verbreitungsgebiet;Peking;
Q159570;Ailanthus vilmoriana;Götterbaum;P9714;verbreitungsgebiet;Tianjin;
Q159570;Ailanthus vilmoriana;Götterbaum;P9714;verbreitungsgebiet;Volksrepublik China;
Q159570;Ailanthus vilmoriana;Götterbaum;P9714;verbreitungsgebiet;Zhoushan-Inseln;
Q130257124;Aesculus x carnea 'Briotii';Sorte der Roten Roßkastanie;P105;taxonomischer_rang;Cultivar;
Q130257124;Aesculus x carnea 'Briotii';Sorte der Roten Roßkastanie;P171;uebergeordnetes_taxon;Fleischrote Rosskastanie;
Q130257124;Aesculus x carnea 'Briotii';Sorte der Roten Roßkastanie;P225;wissenschaftlicher_name;Aesculus × carnea 'Briotii';
Q130257124;Aesculus x carnea 'Briotii';Sorte der Roten Roßkastanie;P31;ist_eine;Taxon;
Q1283223;Abies procera 'Glauca';Adels-Tanne;P105;taxonomischer_rang;Art;
Q1283223;Abies procera 'Glauca';Adels-Tanne;P141;gefaehrdungsstufe_iucn;nicht gefährdet;
Q1283223;Abies procera 'Glauca';Adels-Tanne;P171;uebergeordnetes_taxon;Tannen;
Q1283223;Abies procera 'Glauca';Adels-Tanne;P18;bild;http://commons.wikimedia.org/wiki/Special:FilePath/Abies%20procera%207137.JPG;
Q1283223;Abies procera 'Glauca';Adels-Tanne;P18;bild;http://commons.wikimedia.org/wiki/Special:FilePath/Abies%20procera1.jpg;
Q1283223;Abies procera 'Glauca';Adels-Tanne;P181;verbreitungskarte_des_taxons;http://commons.wikimedia.org/wiki/Special:FilePath/Abies%20procera%20range%20map%202.png;
Q1283223;Abies procera 'Glauca';Adels-Tanne;P225;wissenschaftlicher_name;Abies procera;
Q1283223;Abies procera 'Glauca';Adels-Tanne;P279;unterklasse_von;evergreen tree;
Q1283223;Abies procera 'Glauca';Adels-Tanne;P31;ist_eine;Taxon;
Q1283223;Abies procera 'Glauca';Adels-Tanne;P3648;natureserve_conservation_status;secure;
Q599523;Acer macrophyllum;Großblättriger Ahorn;P105;taxonomischer_rang;Art;
Q599523;Acer macrophyllum;Großblättriger Ahorn;P10906;foliage_type;laubabwerfend;
Q599523;Acer macrophyllum;Großblättriger Ahorn;P141;gefaehrdungsstufe_iucn;nicht gefährdet;
Q599523;Acer macrophyllum;Großblättriger Ahorn;P1672;ursprung_von;Bigleaf maple flower cluster;
Q599523;Acer macrophyllum;Großblättriger Ahorn;P1672;ursprung_von;Bigleaf maple sap;
Q599523;Acer macrophyllum;Großblättriger Ahorn;P1672;ursprung_von;Bigleaf maple shoot;
Q599523;Acer macrophyllum;Großblättriger Ahorn;P1703;bestaeubt_durch;Insekten;
Q599523;Acer macrophyllum;Großblättriger Ahorn;P171;uebergeordnetes_taxon;Ahorn;
Q599523;Acer macrophyllum;Großblättriger Ahorn;P18;bild;http://commons.wikimedia.org/wiki/Special:FilePath/Acer%20macrophyllum%201199.jpg;
Q599523;Acer macrophyllum;Großblättriger Ahorn;P181;verbreitungskarte_des_taxons;http://commons.wikimedia.org/wiki/Special:FilePath/Acer%20macrophyllum%20range%20map.png;
Q599523;Acer macrophyllum;Großblättriger Ahorn;P225;wissenschaftlicher_name;Acer macrophyllum;
Q599523;Acer macrophyllum;Großblättriger Ahorn;P2670;enthaelt_elemente_von;Wild Food;
Q599523;Acer macrophyllum;Großblättriger Ahorn;P279;unterklasse_von;Laubbaum;
Q599523;Acer macrophyllum;Großblättriger Ahorn;P279;unterklasse_von;Nutzpflanze;
Q599523;Acer macrophyllum;Großblättriger Ahorn;P2827;bluetenfarbe;grüngelb;
Q599523;Acer macrophyllum;Großblättriger Ahorn;P2974;habitat;hardwood forest;
Q599523;Acer macrophyllum;Großblättriger Ahorn;P31;ist_eine;Taxon;
Q599523;Acer macrophyllum;Großblättriger Ahorn;P3648;natureserve_conservation_status;secure;
Q599523;Acer macrophyllum;Großblättriger Ahorn;P3739;bluetenstand;Schirmtraube;
Q599523;Acer macrophyllum;Großblättriger Ahorn;P3739;bluetenstand;Traube;
Q599523;Acer macrophyllum;Großblättriger Ahorn;P3741;samenausbreitung;Anemochorie;
Q599523;Acer macrophyllum;Großblättriger Ahorn;P4000;fruchttyp;Flügelnuss;
Q599523;Acer macrophyllum;Großblättriger Ahorn;P4214;hoechste_beobachtete_lebensdauer;175.0;
Q599523;Acer macrophyllum;Großblättriger Ahorn;P8193;winterhaerte_der_pflanze;5;
Q599523;Acer macrophyllum;Großblättriger Ahorn;P9714;verbreitungsgebiet;Kalifornische Küstengebirge;
Q599523;Acer macrophyllum;Großblättriger Ahorn;P9714;verbreitungsgebiet;West-Washington;
Q599523;Acer macrophyllum;Großblättriger Ahorn;P9714;verbreitungsgebiet;Western Oregon;
Q159620;Aesculus flava;Gelbe Pavie;P105;taxonomischer_rang;Art;
Q159620;Aesculus flava;Gelbe Pavie;P141;gefaehrdungsstufe_iucn;nicht gefährdet;
Q159620;Aesculus flava;Gelbe Pavie;P1420;taxonomische_synonyme;Aesculus flava var. purpurascens;
Q159620;Aesculus flava;Gelbe Pavie;P1420;taxonomische_synonyme;Aesculus octandra;
Q159620;Aesculus flava;Gelbe Pavie;P1420;taxonomische_synonyme;Aesculus octandra f. vestita;
Q159620;Aesculus flava;Gelbe Pavie;P1420;taxonomische_synonyme;Aesculus octandra var. purpurascens;
Q159620;Aesculus flava;Gelbe Pavie;P1420;taxonomische_synonyme;Pavia flava;
Q159620;Aesculus flava;Gelbe Pavie;P171;uebergeordnetes_taxon;Rosskastanien;
Q159620;Aesculus flava;Gelbe Pavie;P18;bild;http://commons.wikimedia.org/wiki/Special:FilePath/Yellow%20buckeye%20fruit%20and%20leaves.jpg;
Q159620;Aesculus flava;Gelbe Pavie;P181;verbreitungskarte_des_taxons;http://commons.wikimedia.org/wiki/Special:FilePath/Aesculus%20flava%20map.png;
Q159620;Aesculus flava;Gelbe Pavie;P225;wissenschaftlicher_name;Aesculus flava;
Q159620;Aesculus flava;Gelbe Pavie;P31;ist_eine;Taxon;
Q159620;Aesculus flava;Gelbe Pavie;P3648;natureserve_conservation_status;secure;
Q159620;Aesculus flava;Gelbe Pavie;P3739;bluetenstand;Rispe;
Q156918;Salix alba 'Liempde';Sorte der Silber-Weide;P105;taxonomischer_rang;Art;
Q156918;Salix alba 'Liempde';Sorte der Silber-Weide;P10906;foliage_type;laubabwerfend;
Q156918;Salix alba 'Liempde';Sorte der Silber-Weide;P13478;nomenklatorischer_typ_von;Weiden;
Q156918;Salix alba 'Liempde';Sorte der Silber-Weide;P141;gefaehrdungsstufe_iucn;nicht gefährdet;
Q156918;Salix alba 'Liempde';Sorte der Silber-Weide;P171;uebergeordnetes_taxon;Weiden;
Q156918;Salix alba 'Liempde';Sorte der Silber-Weide;P18;bild;http://commons.wikimedia.org/wiki/Special:FilePath/2015-05-08%20B%C3%BCdingen%20Naturdenkmal%20440.221%20Silber-Weide%20-%200919.jpg;
Q156918;Salix alba 'Liempde';Sorte der Silber-Weide;P18;bild;http://commons.wikimedia.org/wiki/Special:FilePath/Illustration%20Salix%20alba0.jpg;
Q156918;Salix alba 'Liempde';Sorte der Silber-Weide;P18;bild;http://commons.wikimedia.org/wiki/Special:FilePath/Salix%20alba%20an%20der%20Isar.jpg;
Q156918;Salix alba 'Liempde';Sorte der Silber-Weide;P181;verbreitungskarte_des_taxons;http://commons.wikimedia.org/wiki/Special:FilePath/Salix%20alba%20range.svg;
Q156918;Salix alba 'Liempde';Sorte der Silber-Weide;P225;wissenschaftlicher_name;Salix alba;
Q156918;Salix alba 'Liempde';Sorte der Silber-Weide;P31;ist_eine;Taxon;
Q156918;Salix alba 'Liempde';Sorte der Silber-Weide;P366;verwendung;Heilpflanze;
Q156918;Salix alba 'Liempde';Sorte der Silber-Weide;P4000;fruchttyp;Kapselfrucht;
Q156918;Salix alba 'Liempde';Sorte der Silber-Weide;P5588;invasiv_in;Australien;
Q156918;Salix alba 'Liempde';Sorte der Silber-Weide;P9714;verbreitungsgebiet;Autonomes Gebiet Tibet;
Q156918;Salix alba 'Liempde';Sorte der Silber-Weide;P9714;verbreitungsgebiet;Xinjiang;
Q4673185;Acer x zoeschense;Zoeschener Ahorn;P105;taxonomischer_rang;Nothospecies;
Q4673185;Acer x zoeschense;Zoeschener Ahorn;P10906;foliage_type;laubabwerfend;
Q4673185;Acer x zoeschense;Zoeschener Ahorn;P1531;hybrideltern;Acer cappadocicum subsp. lobelii;
Q4673185;Acer x zoeschense;Zoeschener Ahorn;P1531;hybrideltern;Feldahorn;
Q4673185;Acer x zoeschense;Zoeschener Ahorn;P171;uebergeordnetes_taxon;Ahorn;
Q4673185;Acer x zoeschense;Zoeschener Ahorn;P18;bild;http://commons.wikimedia.org/wiki/Special:FilePath/Acer%20zoeschense2.jpg;
Q4673185;Acer x zoeschense;Zoeschener Ahorn;P225;wissenschaftlicher_name;Acer × zoeschense;
Q4673185;Acer x zoeschense;Zoeschener Ahorn;P31;ist_eine;hybrid taxon;
Q4673185;Acer x zoeschense;Zoeschener Ahorn;P3739;bluetenstand;Schirmtraube;
Q4673185;Acer x zoeschense;Zoeschener Ahorn;P3739;bluetenstand;erect infloresence;
Q157960;Sorbus aria 'Decaisneana';Sorte der Mehlbeere;P105;taxonomischer_rang;Art;
Q157960;Sorbus aria 'Decaisneana';Sorte der Mehlbeere;P10906;foliage_type;laubabwerfend;
Q157960;Sorbus aria 'Decaisneana';Sorte der Mehlbeere;P12763;taxonomisches_synonym_zu;Aria edulis;
Q157960;Sorbus aria 'Decaisneana';Sorte der Mehlbeere;P141;gefaehrdungsstufe_iucn;nicht gefährdet;
Q157960;Sorbus aria 'Decaisneana';Sorte der Mehlbeere;P1672;ursprung_von;Mehlbeere;
Q157960;Sorbus aria 'Decaisneana';Sorte der Mehlbeere;P171;uebergeordnetes_taxon;Mehlbeeren;
Q157960;Sorbus aria 'Decaisneana';Sorte der Mehlbeere;P18;bild;http://commons.wikimedia.org/wiki/Special:FilePath/Sorbus%20aria-3420.jpg;
Q157960;Sorbus aria 'Decaisneana';Sorte der Mehlbeere;P18;bild;http://commons.wikimedia.org/wiki/Special:FilePath/Sorbus%20aria.jpg;
Q157960;Sorbus aria 'Decaisneana';Sorte der Mehlbeere;P181;verbreitungskarte_des_taxons;http://commons.wikimedia.org/wiki/Special:FilePath/Sorbus%20aria%20range.svg;
Q157960;Sorbus aria 'Decaisneana';Sorte der Mehlbeere;P225;wissenschaftlicher_name;Sorbus aria;
Q157960;Sorbus aria 'Decaisneana';Sorte der Mehlbeere;P31;ist_eine;Taxon;
Q157960;Sorbus aria 'Decaisneana';Sorte der Mehlbeere;P566;basionym;Crataegus aria;
Q157960;Sorbus aria 'Decaisneana';Sorte der Mehlbeere;P5841;gefaehrdungsstatus_in_der_rote_liste_der_gefaehrdeten_arten_der_tschechischen_republik;gefährdet;
Q1631520;Betula albosinensis;Kupfer-Birke;P105;taxonomischer_rang;Art;
Q1631520;Betula albosinensis;Kupfer-Birke;P12766;fungiert_als_basionym_von;Betula utilis subsp. albosinensis;
Q1631520;Betula albosinensis;Kupfer-Birke;P171;uebergeordnetes_taxon;Himalaya-Birke;
Q1631520;Betula albosinensis;Kupfer-Birke;P18;bild;http://commons.wikimedia.org/wiki/Special:FilePath/Betula-albosinensis-habit.JPG;
Q1631520;Betula albosinensis;Kupfer-Birke;P225;wissenschaftlicher_name;Betula albosinensis;
Q1631520;Betula albosinensis;Kupfer-Birke;P31;ist_eine;Makrophanerophyten;
Q1631520;Betula albosinensis;Kupfer-Birke;P31;ist_eine;Taxon;
Q1631520;Betula albosinensis;Kupfer-Birke;P366;verwendung;Heilpflanze;
Q1631520;Betula albosinensis;Kupfer-Birke;P366;verwendung;Holz;
Q1631520;Betula albosinensis;Kupfer-Birke;P9714;verbreitungsgebiet;Volksrepublik China;
Q285744;Acer rufinerve;Rosthaariger Streifen-Ahorn;P105;taxonomischer_rang;Art;
Q285744;Acer rufinerve;Rosthaariger Streifen-Ahorn;P13162;referenzabbildung;http://commons.wikimedia.org/wiki/Special:FilePath/Acer%20rufinerve%20SZ148.png;
Q285744;Acer rufinerve;Rosthaariger Streifen-Ahorn;P141;gefaehrdungsstufe_iucn;nicht gefährdet;
Q285744;Acer rufinerve;Rosthaariger Streifen-Ahorn;P171;uebergeordnetes_taxon;Ahorn;
Q285744;Acer rufinerve;Rosthaariger Streifen-Ahorn;P18;bild;http://commons.wikimedia.org/wiki/Special:FilePath/Acer%20rufinerve%20leaf%2001%20by%20Line1.JPG;
Q285744;Acer rufinerve;Rosthaariger Streifen-Ahorn;P225;wissenschaftlicher_name;Acer rufinerve;
Q285744;Acer rufinerve;Rosthaariger Streifen-Ahorn;P31;ist_eine;Taxon;
Q285744;Acer rufinerve;Rosthaariger Streifen-Ahorn;P3739;bluetenstand;Traube;
Q285744;Acer rufinerve;Rosthaariger Streifen-Ahorn;P4000;fruchttyp;Nüsschen;
Q161648;Sciadopitys verticillata;Schirmtanne;P105;taxonomischer_rang;Art;
Q161648;Sciadopitys verticillata;Schirmtanne;P141;gefaehrdungsstufe_iucn;potenziell gefährdet;
Q161648;Sciadopitys verticillata;Schirmtanne;P171;uebergeordnetes_taxon;Sciadopitys;
Q161648;Sciadopitys verticillata;Schirmtanne;P18;bild;http://commons.wikimedia.org/wiki/Special:FilePath/Sekiunji%20Koyamaki%2C%20Osaki.jpg;
Q161648;Sciadopitys verticillata;Schirmtanne;P183;endemisch_in;Japan;
Q161648;Sciadopitys verticillata;Schirmtanne;P225;wissenschaftlicher_name;Sciadopitys verticillata;
Q161648;Sciadopitys verticillata;Schirmtanne;P31;ist_eine;Taxon;
Q161648;Sciadopitys verticillata;Schirmtanne;P366;verwendung;Aufforstung;
Q161648;Sciadopitys verticillata;Schirmtanne;P9714;verbreitungsgebiet;Fujian;
Q11122869;Rhamnus species;Faulbaum;P105;taxonomischer_rang;Art;
Q11122869;Rhamnus species;Faulbaum;P12763;taxonomisches_synonym_zu;Faulbaum;
Q11122869;Rhamnus species;Faulbaum;P1672;ursprung_von;Faulbaumrinde;
Q11122869;Rhamnus species;Faulbaum;P171;uebergeordnetes_taxon;Kreuzdorn;
Q11122869;Rhamnus species;Faulbaum;P18;bild;http://commons.wikimedia.org/wiki/Special:FilePath/Rhamnus%20frangula%2007%20ies.jpg;
Q11122869;Rhamnus species;Faulbaum;P225;wissenschaftlicher_name;Rhamnus frangula;
Q11122869;Rhamnus species;Faulbaum;P31;ist_eine;Synonym;
Q11122869;Rhamnus species;Faulbaum;P31;ist_eine;Taxon;
Q11122869;Rhamnus species;Faulbaum;P366;verwendung;Heilpflanze;
Q9578320;Acer negundo 'Aureovariegatum';Gelbblättriger Eschen-Ahorn;P105;taxonomischer_rang;Form;
Q9578320;Acer negundo 'Aureovariegatum';Gelbblättriger Eschen-Ahorn;P171;uebergeordnetes_taxon;Eschen-Ahorn;
Q9578320;Acer negundo 'Aureovariegatum';Gelbblättriger Eschen-Ahorn;P225;wissenschaftlicher_name;Acer negundo f. aureovariegatum;
Q9578320;Acer negundo 'Aureovariegatum';Gelbblättriger Eschen-Ahorn;P31;ist_eine;Taxon;
Q131448;Sambucus species;Holunder;P105;taxonomischer_rang;Gattung;
Q131448;Sambucus species;Holunder;P171;uebergeordnetes_taxon;Viburnaceae;
Q131448;Sambucus species;Holunder;P18;bild;http://commons.wikimedia.org/wiki/Special:FilePath/Sambucus%20nigra0.jpg;
Q131448;Sambucus species;Holunder;P225;wissenschaftlicher_name;Sambucus;
Q131448;Sambucus species;Holunder;P31;ist_eine;Taxon;
Q131448;Sambucus species;Holunder;P4000;fruchttyp;Beere;
Q131448;Sambucus species;Holunder;P4000;fruchttyp;Steinfrucht;
Q131448;Sambucus species;Holunder;P443;aussprache_audiodatei;http://commons.wikimedia.org/wiki/Special:FilePath/De-Holunder.ogg;
Q131448;Sambucus species;Holunder;P443;aussprache_audiodatei;http://commons.wikimedia.org/wiki/Special:FilePath/LL-Q150%20%28fra%29-Fabricio%20Cardenas%20%28Culex%29-sureau.wav;
Q131448;Sambucus species;Holunder;P989;audiodatei_eines_gesprochenen_texts;http://commons.wikimedia.org/wiki/Special:FilePath/Nl-Vlier%20%28plant%29-article.ogg;
Q133698944;Sorbus arnoldiana;Eberesche;P105;taxonomischer_rang;Art;
Q133698944;Sorbus arnoldiana;Eberesche;P171;uebergeordnetes_taxon;Mehlbeeren;
Q133698944;Sorbus arnoldiana;Eberesche;P225;wissenschaftlicher_name;Sorbus arnoldiana;
Q133698944;Sorbus arnoldiana;Eberesche;P31;ist_eine;Taxon;
Q147475;Pinus mugo;Berg-Kiefer;P105;taxonomischer_rang;Art;
Q147475;Pinus mugo;Berg-Kiefer;P10906;foliage_type;Immergrüne Pflanze;
Q147475;Pinus mugo;Berg-Kiefer;P141;gefaehrdungsstufe_iucn;nicht gefährdet;
Q147475;Pinus mugo;Berg-Kiefer;P1672;ursprung_von;Latschenkiefernöl;
Q147475;Pinus mugo;Berg-Kiefer;P1672;ursprung_von;pine needle oil;
Q147475;Pinus mugo;Berg-Kiefer;P171;uebergeordnetes_taxon;Pinus sect. Pinus;
Q147475;Pinus mugo;Berg-Kiefer;P18;bild;http://commons.wikimedia.org/wiki/Special:FilePath/Kosodrzewina%20%28Sosna%20g%C3%B3rska%29%20Pinus%20mugo%20mugo.jpg;
Q147475;Pinus mugo;Berg-Kiefer;P181;verbreitungskarte_des_taxons;http://commons.wikimedia.org/wiki/Special:FilePath/Pinus%20mugo%20range.svg;
Q147475;Pinus mugo;Berg-Kiefer;P225;wissenschaftlicher_name;Pinus mugo;
Q147475;Pinus mugo;Berg-Kiefer;P31;ist_eine;Taxon;
Q147475;Pinus mugo;Berg-Kiefer;P443;aussprache_audiodatei;http://commons.wikimedia.org/wiki/Special:FilePath/De-Bergkiefer.ogg;
Q130599614;Tilia cordata 'Greenspire';Sorte der Winter-Linde;P105;taxonomischer_rang;Cultivar;
Q130599614;Tilia cordata 'Greenspire';Sorte der Winter-Linde;P171;uebergeordnetes_taxon;Winterlinde;
Q130599614;Tilia cordata 'Greenspire';Sorte der Winter-Linde;P225;wissenschaftlicher_name;Tilia cordata 'Greenspire';
Q130599614;Tilia cordata 'Greenspire';Sorte der Winter-Linde;P31;ist_eine;Taxon;
Q159657;Tilia x euchlora Selektion;Selektion der Krimlinde;P105;taxonomischer_rang;Nothospecies;
Q159657;Tilia x euchlora Selektion;Selektion der Krimlinde;P10906;foliage_type;laubabwerfend;
Q159657;Tilia x euchlora Selektion;Selektion der Krimlinde;P1420;taxonomische_synonyme;Tilia ×budensis;
Q159657;Tilia x euchlora Selektion;Selektion der Krimlinde;P1531;hybrideltern;Tilia dasystyla subsp. dasystyla;
Q159657;Tilia x euchlora Selektion;Selektion der Krimlinde;P1531;hybrideltern;Winterlinde;
Q159657;Tilia x euchlora Selektion;Selektion der Krimlinde;P171;uebergeordnetes_taxon;Linde;
Q159657;Tilia x euchlora Selektion;Selektion der Krimlinde;P18;bild;http://commons.wikimedia.org/wiki/Special:FilePath/Tilia%20euchlora1.JPG;
Q159657;Tilia x euchlora Selektion;Selektion der Krimlinde;P225;wissenschaftlicher_name;Tilia euchlora;
Q159657;Tilia x euchlora Selektion;Selektion der Krimlinde;P31;ist_eine;hybrid taxon;
Q159657;Tilia x euchlora Selektion;Selektion der Krimlinde;P3739;bluetenstand;cyme;
Q159657;Tilia x euchlora Selektion;Selektion der Krimlinde;P3739;bluetenstand;pendulous infloresence;
Q159657;Tilia x euchlora Selektion;Selektion der Krimlinde;P3739;bluetenstand;staminodeless florets or flower;
Q131573892;Gleditsia triacanthos 'Skyline';Gleditschie 'Skyline';P105;taxonomischer_rang;Cultivar;
Q131573892;Gleditsia triacanthos 'Skyline';Gleditschie 'Skyline';P12763;taxonomisches_synonym_zu;Gleditsia triacanthos ‘Skycole’;
Q131573892;Gleditsia triacanthos 'Skyline';Gleditschie 'Skyline';P171;uebergeordnetes_taxon;Amerikanische Gleditschie;
Q131573892;Gleditsia triacanthos 'Skyline';Gleditschie 'Skyline';P225;wissenschaftlicher_name;Gleditsia triacanthos ‘Skyline’;
Q131573892;Gleditsia triacanthos 'Skyline';Gleditschie 'Skyline';P31;ist_eine;Taxon;
Q3547946;Ulmus carpinifolia;Ulme;P105;taxonomischer_rang;Art;
Q3547946;Ulmus carpinifolia;Ulme;P10906;foliage_type;laubabwerfend;
Q3547946;Ulmus carpinifolia;Ulme;P171;uebergeordnetes_taxon;Ulmen;
Q3547946;Ulmus carpinifolia;Ulme;P18;bild;http://commons.wikimedia.org/wiki/Special:FilePath/DWHV09%20Ulme%20%28Ulmus%20carpinifolia%29.jpg;
Q3547946;Ulmus carpinifolia;Ulme;P18;bild;http://commons.wikimedia.org/wiki/Special:FilePath/UlmusCarpinifoliaLeaf.jpg;
Q3547946;Ulmus carpinifolia;Ulme;P225;wissenschaftlicher_name;Ulmus carpinifolia;
Q3547946;Ulmus carpinifolia;Ulme;P31;ist_eine;Taxon;
Q130374687;Fraxinus excelsior 'Pendula';Hänge-Esche;P105;taxonomischer_rang;Cultivar;
Q130374687;Fraxinus excelsior 'Pendula';Hänge-Esche;P171;uebergeordnetes_taxon;Gemeine Esche;
Q130374687;Fraxinus excelsior 'Pendula';Hänge-Esche;P225;wissenschaftlicher_name;Fraxinus excelsior 'Pendula';
Q130374687;Fraxinus excelsior 'Pendula';Hänge-Esche;P31;ist_eine;Taxon;
Q46871;Juglans species;Walnußgewächs;P105;taxonomischer_rang;Art;
Q46871;Juglans species;Walnußgewächs;P10906;foliage_type;laubabwerfend;
Q46871;Juglans species;Walnußgewächs;P1282;openstreetmap_attribut;species=Juglans_regia;
Q46871;Juglans species;Walnußgewächs;P141;gefaehrdungsstufe_iucn;nicht gefährdet;
Q46871;Juglans species;Walnußgewächs;P1672;ursprung_von;Europäisches Walnussholz;
Q46871;Juglans species;Walnußgewächs;P1672;ursprung_von;Walnuss;
Q46871;Juglans species;Walnußgewächs;P1672;ursprung_von;Walnussblätter;
Q46871;Juglans species;Walnußgewächs;P1672;ursprung_von;Walnussöl;
Q46871;Juglans species;Walnußgewächs;P1672;ursprung_von;grüne Walnüsse;
Q46871;Juglans species;Walnußgewächs;P171;uebergeordnetes_taxon;Walnüsse;
Q46871;Juglans species;Walnußgewächs;P18;bild;http://commons.wikimedia.org/wiki/Special:FilePath/%D8%AF%D8%B1%D8%AE%D8%AA%D8%A7%D9%86%20%DA%A9%D9%87%D9%86%D8%B3%D8%A7%D9%84%20%DA%AF%D8%B1%D8%AF%D9%88%20%D8%AF%D8%B1%20%D8%B1%D9%88%D8%B3%D8%AA%D8%A7%DB%8C%20%D8%AC%D9%87%D8%A7%D9%86%20%D8%B9%DA%A9%D8%B3%20%D8%A7%D8%B2%20%D8%A7%D8%AD%D9%85%D8%AF%20%D9%86%DB%8C%DA%A9%20%DA%AF%D9%81%D8%AA%D8%A7%D8%B1%201391.jpg;
Q46871;Juglans species;Walnußgewächs;P18;bild;http://commons.wikimedia.org/wiki/Special:FilePath/Juglans%20regia%20Echte%20Walnussfrucht%201.jpg;
Q46871;Juglans species;Walnußgewächs;P18;bild;http://commons.wikimedia.org/wiki/Special:FilePath/Noix%20en%20automne%20-%20walnuts.JPG;
Q46871;Juglans species;Walnußgewächs;P18;bild;http://commons.wikimedia.org/wiki/Special:FilePath/Walnut%20forest%20in%20Arslanbab.jpg;
Q46871;Juglans species;Walnußgewächs;P181;verbreitungskarte_des_taxons;http://commons.wikimedia.org/wiki/Special:FilePath/Juglans%20regia%20range.svg;
Q46871;Juglans species;Walnußgewächs;P225;wissenschaftlicher_name;Juglans regia;
Q46871;Juglans species;Walnußgewächs;P279;unterklasse_von;Baum;
Q46871;Juglans species;Walnußgewächs;P279;unterklasse_von;Nutzpflanze;
Q46871;Juglans species;Walnußgewächs;P31;ist_eine;Taxon;
Q46871;Juglans species;Walnußgewächs;P366;verwendung;Aufforstung;
Q46871;Juglans species;Walnußgewächs;P366;verwendung;Farbstoff;
Q46871;Juglans species;Walnußgewächs;P366;verwendung;Gemüse;
Q46871;Juglans species;Walnußgewächs;P366;verwendung;Heilpflanze;
Q46871;Juglans species;Walnußgewächs;P366;verwendung;Holz;
Q46871;Juglans species;Walnußgewächs;P443;aussprache_audiodatei;http://commons.wikimedia.org/wiki/Special:FilePath/De-Echte%20Walnuss.ogg;
Q46871;Juglans species;Walnußgewächs;P443;aussprache_audiodatei;http://commons.wikimedia.org/wiki/Special:FilePath/Fr-noyer%20commun.ogg;
Q46871;Juglans species;Walnußgewächs;P443;aussprache_audiodatei;http://commons.wikimedia.org/wiki/Special:FilePath/LL-Q150%20%28fra%29-Guilhelma-noyer%20commun.wav;
Q46871;Juglans species;Walnußgewächs;P443;aussprache_audiodatei;http://commons.wikimedia.org/wiki/Special:FilePath/LL-Q5137%20%28guj%29-Sushant%20savla-%E0%AA%85%E0%AA%96%E0%AA%B0%E0%AB%8B%E0%AA%9F.wav;
Q46871;Juglans species;Walnußgewächs;P6000;wasserfussabdruck;4918.0;
Q46871;Juglans species;Walnußgewächs;P6800;sequenced_genome_url;https://plants.ensembl.org/Juglans_regia;
Q46871;Juglans species;Walnußgewächs;P8193;winterhaerte_der_pflanze;3;
Q46871;Juglans species;Walnußgewächs;P9714;verbreitungsgebiet;Autonomes Gebiet Tibet;
Q46871;Juglans species;Walnußgewächs;P9714;verbreitungsgebiet;Fujian;
Q46871;Juglans species;Walnußgewächs;P9714;verbreitungsgebiet;Guangdong;
Q46871;Juglans species;Walnußgewächs;P9714;verbreitungsgebiet;Peking;
Q46871;Juglans species;Walnußgewächs;P9714;verbreitungsgebiet;Volksrepublik China;
Q46871;Juglans species;Walnußgewächs;P9714;verbreitungsgebiet;Xinjiang;
Q46871;Juglans species;Walnußgewächs;P989;audiodatei_eines_gesprochenen_texts;http://commons.wikimedia.org/wiki/Special:FilePath/Nl-okkernoot-article.ogg;
Q130355880;Fraxinus angustifolia 'Raywood';Sorte der Schmalblättrigen Esche;P105;taxonomischer_rang;Cultivar;
Q130355880;Fraxinus angustifolia 'Raywood';Sorte der Schmalblättrigen Esche;P171;uebergeordnetes_taxon;Schmalblättrige Esche;
Q130355880;Fraxinus angustifolia 'Raywood';Sorte der Schmalblättrigen Esche;P225;wissenschaftlicher_name;Fraxinus angustifolia 'Raywood';
Q130355880;Fraxinus angustifolia 'Raywood';Sorte der Schmalblättrigen Esche;P31;ist_eine;Taxon;
Q630288;Juglans cinerea;Butternuß;P105;taxonomischer_rang;Art;
Q630288;Juglans cinerea;Butternuß;P141;gefaehrdungsstufe_iucn;gefährdete Tierarten;
Q630288;Juglans cinerea;Butternuß;P171;uebergeordnetes_taxon;Walnüsse;
Q630288;Juglans cinerea;Butternuß;P18;bild;http://commons.wikimedia.org/wiki/Special:FilePath/Juglans%20cinerea%2001.jpg;
Q630288;Juglans cinerea;Butternuß;P181;verbreitungskarte_des_taxons;http://commons.wikimedia.org/wiki/Special:FilePath/Juglans%20cinerea%20range%20map%201.png;
Q630288;Juglans cinerea;Butternuß;P225;wissenschaftlicher_name;Juglans cinerea;
Q630288;Juglans cinerea;Butternuß;P279;unterklasse_von;Nutzpflanze;
Q630288;Juglans cinerea;Butternuß;P31;ist_eine;Taxon;
Q630288;Juglans cinerea;Butternuß;P3648;natureserve_conservation_status;vulnerable;
Q630288;Juglans cinerea;Butternuß;P366;verwendung;Nuss;
Q630288;Juglans cinerea;Butternuß;P8193;winterhaerte_der_pflanze;3;
Q1193369;Fraxinus americana;Weiße Esche;P105;taxonomischer_rang;Art;
Q1193369;Fraxinus americana;Weiße Esche;P10906;foliage_type;laubabwerfend;
Q1193369;Fraxinus americana;Weiße Esche;P141;gefaehrdungsstufe_iucn;vom Aussterben bedroht;
Q1193369;Fraxinus americana;Weiße Esche;P1672;ursprung_von;white ash;
Q1193369;Fraxinus americana;Weiße Esche;P171;uebergeordnetes_taxon;Eschen;
Q1193369;Fraxinus americana;Weiße Esche;P18;bild;http://commons.wikimedia.org/wiki/Special:FilePath/Fraxinus%20americana%20-%20White%20Ash%20leaves%2C%20New%20York%201.jpg;
Q1193369;Fraxinus americana;Weiße Esche;P18;bild;http://commons.wikimedia.org/wiki/Special:FilePath/Glacier%20Pools%20Preserve%20%2821%29%20%2819052549854%29.jpg;
Q1193369;Fraxinus americana;Weiße Esche;P181;verbreitungskarte_des_taxons;http://commons.wikimedia.org/wiki/Special:FilePath/Fraxinus%20americana%20range%20map%204.png;
Q1193369;Fraxinus americana;Weiße Esche;P225;wissenschaftlicher_name;Fraxinus americana;
Q1193369;Fraxinus americana;Weiße Esche;P31;ist_eine;Taxon;
Q1193369;Fraxinus americana;Weiße Esche;P3648;natureserve_conservation_status;apparently secure;
Q1193369;Fraxinus americana;Weiße Esche;P4000;fruchttyp;Flügelnuss;
Q1193369;Fraxinus americana;Weiße Esche;P9714;verbreitungsgebiet;Peking;
Q1193369;Fraxinus americana;Weiße Esche;P9714;verbreitungsgebiet;Volksrepublik China;
Q146149;Fagus sylvatica 'Purpurea Pendula';Trauer-Blut-Buche;P105;taxonomischer_rang;Art;
Q146149;Fagus sylvatica 'Purpurea Pendula';Trauer-Blut-Buche;P10906;foliage_type;laubabwerfend;
Q146149;Fagus sylvatica 'Purpurea Pendula';Trauer-Blut-Buche;P141;gefaehrdungsstufe_iucn;nicht gefährdet;
Q146149;Fagus sylvatica 'Purpurea Pendula';Trauer-Blut-Buche;P1420;taxonomische_synonyme;Fagus comptoniifolia;
Q146149;Fagus sylvatica 'Purpurea Pendula';Trauer-Blut-Buche;P1672;ursprung_von;European beechnut;
Q146149;Fagus sylvatica 'Purpurea Pendula';Trauer-Blut-Buche;P1672;ursprung_von;Rotbuchenholz;
Q146149;Fagus sylvatica 'Purpurea Pendula';Trauer-Blut-Buche;P171;uebergeordnetes_taxon;Buchen;
Q146149;Fagus sylvatica 'Purpurea Pendula';Trauer-Blut-Buche;P18;bild;http://commons.wikimedia.org/wiki/Special:FilePath/Grib%20skov.jpg;
Q146149;Fagus sylvatica 'Purpurea Pendula';Trauer-Blut-Buche;P181;verbreitungskarte_des_taxons;http://commons.wikimedia.org/wiki/Special:FilePath/Fagus%20sylvatica%20range.svg;
Q146149;Fagus sylvatica 'Purpurea Pendula';Trauer-Blut-Buche;P225;wissenschaftlicher_name;Fagus sylvatica;
Q146149;Fagus sylvatica 'Purpurea Pendula';Trauer-Blut-Buche;P279;unterklasse_von;Nutzpflanze;
Q146149;Fagus sylvatica 'Purpurea Pendula';Trauer-Blut-Buche;P31;ist_eine;Taxon;
Q146149;Fagus sylvatica 'Purpurea Pendula';Trauer-Blut-Buche;P366;verwendung;Gemüse;
Q146149;Fagus sylvatica 'Purpurea Pendula';Trauer-Blut-Buche;P366;verwendung;Nuss;
Q146149;Fagus sylvatica 'Purpurea Pendula';Trauer-Blut-Buche;P4000;fruchttyp;Nussfrucht;
Q146149;Fagus sylvatica 'Purpurea Pendula';Trauer-Blut-Buche;P4214;hoechste_beobachtete_lebensdauer;503.0;
Q146149;Fagus sylvatica 'Purpurea Pendula';Trauer-Blut-Buche;P527;besteht_aus;Blutbuche;
Q146149;Fagus sylvatica 'Purpurea Pendula';Trauer-Blut-Buche;P527;besteht_aus;Fagus sylvatica f. dawycki;
Q146149;Fagus sylvatica 'Purpurea Pendula';Trauer-Blut-Buche;P527;besteht_aus;Hänge-Buche;
Q146149;Fagus sylvatica 'Purpurea Pendula';Trauer-Blut-Buche;P8193;winterhaerte_der_pflanze;4;
Q130389528;Fagus sylvatica 'Dawyck Purple';Säulenblutbuche 'Dawyck Purple';P105;taxonomischer_rang;Cultivar;
Q130389528;Fagus sylvatica 'Dawyck Purple';Säulenblutbuche 'Dawyck Purple';P171;uebergeordnetes_taxon;Rotbuche;
Q130389528;Fagus sylvatica 'Dawyck Purple';Säulenblutbuche 'Dawyck Purple';P225;wissenschaftlicher_name;Fagus sylvatica 'Dawyck Purple';
Q130389528;Fagus sylvatica 'Dawyck Purple';Säulenblutbuche 'Dawyck Purple';P31;ist_eine;Taxon;
Q110765786;Fagus sylvatica 'Atropunicea Pendula';Trauer-Blut-Buche;P105;taxonomischer_rang;Cultivar;
Q110765786;Fagus sylvatica 'Atropunicea Pendula';Trauer-Blut-Buche;P171;uebergeordnetes_taxon;Rotbuche;
Q110765786;Fagus sylvatica 'Atropunicea Pendula';Trauer-Blut-Buche;P18;bild;http://commons.wikimedia.org/wiki/Special:FilePath/Bokvarianter.jpg;
Q110765786;Fagus sylvatica 'Atropunicea Pendula';Trauer-Blut-Buche;P225;wissenschaftlicher_name;Fagus sylvatica 'Atropunicea';
Q110765786;Fagus sylvatica 'Atropunicea Pendula';Trauer-Blut-Buche;P31;ist_eine;Taxon;
Q16889035;Fagus sylvatica 'Asplenifolia';Farnblättrige Buche;P105;taxonomischer_rang;Cultivar;
Q16889035;Fagus sylvatica 'Asplenifolia';Farnblättrige Buche;P171;uebergeordnetes_taxon;Rotbuche;
Q16889035;Fagus sylvatica 'Asplenifolia';Farnblättrige Buche;P225;wissenschaftlicher_name;Fagus sylvatica 'Asplenifolia';
Q16889035;Fagus sylvatica 'Asplenifolia';Farnblättrige Buche;P31;ist_eine;Taxon;
Q941891;acer buergerianum;Burgen Ahorn;P105;taxonomischer_rang;Art;
Q941891;acer buergerianum;Burgen Ahorn;P10906;foliage_type;laubabwerfend;
Q941891;acer buergerianum;Burgen Ahorn;P13162;referenzabbildung;http://commons.wikimedia.org/wiki/Special:FilePath/Acer%20sp%20SZ143.png;
Q941891;acer buergerianum;Burgen Ahorn;P141;gefaehrdungsstufe_iucn;nicht gefährdet;
Q941891;acer buergerianum;Burgen Ahorn;P1420;taxonomische_synonyme;Acer subtrilobum;
Q941891;acer buergerianum;Burgen Ahorn;P171;uebergeordnetes_taxon;Ahorn;
Q941891;acer buergerianum;Burgen Ahorn;P18;bild;http://commons.wikimedia.org/wiki/Special:FilePath/Acer%20buergerianum%20seeds.jpg;
Q941891;acer buergerianum;Burgen Ahorn;P18;bild;http://commons.wikimedia.org/wiki/Special:FilePath/Morris%20Arboretum%20Acer%20buergerianum.JPG;
Q941891;acer buergerianum;Burgen Ahorn;P225;wissenschaftlicher_name;Acer buergerianum;
Q941891;acer buergerianum;Burgen Ahorn;P31;ist_eine;Taxon;
Q941891;acer buergerianum;Burgen Ahorn;P4000;fruchttyp;Flügelnuss;
Q941891;acer buergerianum;Burgen Ahorn;P9714;verbreitungsgebiet;Guangdong;
Q941891;acer buergerianum;Burgen Ahorn;P9714;verbreitungsgebiet;Peking;
Q941891;acer buergerianum;Burgen Ahorn;P9714;verbreitungsgebiet;Shanghai;
Q941891;acer buergerianum;Burgen Ahorn;P9714;verbreitungsgebiet;Volksrepublik China;
Q941891;acer buergerianum;Burgen Ahorn;P9714;verbreitungsgebiet;Zhoushan-Inseln;
Q11874202;Picea abies 'Virgata';Schlangenfichte;P105;taxonomischer_rang;Form;
Q11874202;Picea abies 'Virgata';Schlangenfichte;P171;uebergeordnetes_taxon;Gemeine Fichte;
Q11874202;Picea abies 'Virgata';Schlangenfichte;P225;wissenschaftlicher_name;Picea abies f. virgata;
Q11874202;Picea abies 'Virgata';Schlangenfichte;P31;ist_eine;Taxon;
Q481711;Phellodendron amurense;Amur-Korkbaum;P105;taxonomischer_rang;Art;
Q481711;Phellodendron amurense;Amur-Korkbaum;P10906;foliage_type;laubabwerfend;
Q481711;Phellodendron amurense;Amur-Korkbaum;P13162;referenzabbildung;http://commons.wikimedia.org/wiki/Special:FilePath/D%C3%A9veloppement%20et%20structure%20anatomique%20du%20t%C3%A9gument%20s%C3%A9minal%20des%20Rutac%C3%A9es%20%281913%29%20%2820899046031%29.jpg;
Q481711;Phellodendron amurense;Amur-Korkbaum;P13162;referenzabbildung;http://commons.wikimedia.org/wiki/Special:FilePath/Dong%20bei%20mu%20ben%20zhi%20wu%20tu%20zhi%20%281955%29%20%2821000187851%29.jpg;
Q481711;Phellodendron amurense;Amur-Korkbaum;P1672;ursprung_von;Phellodendri Cortex;
Q481711;Phellodendron amurense;Amur-Korkbaum;P171;uebergeordnetes_taxon;Korkbäume;
Q481711;Phellodendron amurense;Amur-Korkbaum;P18;bild;http://commons.wikimedia.org/wiki/Special:FilePath/Phellodendron%20amurense%20Morton.jpg;
Q481711;Phellodendron amurense;Amur-Korkbaum;P225;wissenschaftlicher_name;Phellodendron amurense;
Q481711;Phellodendron amurense;Amur-Korkbaum;P31;ist_eine;Taxon;
Q481711;Phellodendron amurense;Amur-Korkbaum;P366;verwendung;Farbstoff;
Q481711;Phellodendron amurense;Amur-Korkbaum;P366;verwendung;Heilpflanze;
Q481711;Phellodendron amurense;Amur-Korkbaum;P366;verwendung;Nahrung;
Q481711;Phellodendron amurense;Amur-Korkbaum;P4000;fruchttyp;Steinfrucht;
Q481711;Phellodendron amurense;Amur-Korkbaum;P9714;verbreitungsgebiet;Guangdong;
Q481711;Phellodendron amurense;Amur-Korkbaum;P9714;verbreitungsgebiet;Peking;
Q481711;Phellodendron amurense;Amur-Korkbaum;P9714;verbreitungsgebiet;Tianjin;
Q481711;Phellodendron amurense;Amur-Korkbaum;P9714;verbreitungsgebiet;Volksrepublik China;
Q25662;Juniperus species;Wacholder;P105;taxonomischer_rang;Gattung;
Q25662;Juniperus species;Wacholder;P1420;taxonomische_synonyme;Arceuthos;
Q25662;Juniperus species;Wacholder;P1420;taxonomische_synonyme;Sabina;
Q25662;Juniperus species;Wacholder;P1672;ursprung_von;smell of juniper;
Q25662;Juniperus species;Wacholder;P171;uebergeordnetes_taxon;Cupressoideae;
Q25662;Juniperus species;Wacholder;P18;bild;http://commons.wikimedia.org/wiki/Special:FilePath/Juniperus%20phoenicea%20berries.jpg;
Q25662;Juniperus species;Wacholder;P18;bild;http://commons.wikimedia.org/wiki/Special:FilePath/Western%20juniper%20Juniperus%20occidentalis%20on%20rock.jpg;
Q25662;Juniperus species;Wacholder;P225;wissenschaftlicher_name;Juniperus;
Q25662;Juniperus species;Wacholder;P279;unterklasse_von;Baum;
Q25662;Juniperus species;Wacholder;P31;ist_eine;Taxon;
Q25662;Juniperus species;Wacholder;P366;verwendung;Gewürz;
Q25662;Juniperus species;Wacholder;P427;nomenklatorischer_typ;Gemeiner Wacholder;
Q25662;Juniperus species;Wacholder;P443;aussprache_audiodatei;http://commons.wikimedia.org/wiki/Special:FilePath/De-Wacholder.ogg;
Q161040;Morus nigra;Schwarze Maulbeere;P105;taxonomischer_rang;Art;
Q161040;Morus nigra;Schwarze Maulbeere;P10906;foliage_type;laubabwerfend;
Q161040;Morus nigra;Schwarze Maulbeere;P13478;nomenklatorischer_typ_von;Maulbeere;
Q161040;Morus nigra;Schwarze Maulbeere;P1672;ursprung_von;schwarze Maulbeere;
Q161040;Morus nigra;Schwarze Maulbeere;P171;uebergeordnetes_taxon;Maulbeere;
Q161040;Morus nigra;Schwarze Maulbeere;P18;bild;http://commons.wikimedia.org/wiki/Special:FilePath/Illustration%20Morus%20nigra0.jpg;
Q161040;Morus nigra;Schwarze Maulbeere;P18;bild;http://commons.wikimedia.org/wiki/Special:FilePath/Morus-nigra.JPG;
Q161040;Morus nigra;Schwarze Maulbeere;P225;wissenschaftlicher_name;Morus nigra;
Q161040;Morus nigra;Schwarze Maulbeere;P279;unterklasse_von;Obstbaum;
Q161040;Morus nigra;Schwarze Maulbeere;P31;ist_eine;Taxon;
Q161040;Morus nigra;Schwarze Maulbeere;P366;verwendung;Heilpflanze;
Q157522;Juniperus virginiana;Virginischer Wacholder;P105;taxonomischer_rang;Art;
Q157522;Juniperus virginiana;Virginischer Wacholder;P12763;taxonomisches_synonym_zu;Juniperus virginiana var. virginiana;
Q157522;Juniperus virginiana;Virginischer Wacholder;P141;gefaehrdungsstufe_iucn;nicht gefährdet;
Q157522;Juniperus virginiana;Virginischer Wacholder;P1420;taxonomische_synonyme;Sabina virginiana;
Q157522;Juniperus virginiana;Virginischer Wacholder;P1672;ursprung_von;Juniperus virginiana twig;
Q157522;Juniperus virginiana;Virginischer Wacholder;P1672;ursprung_von;eastern redcedar;
Q157522;Juniperus virginiana;Virginischer Wacholder;P1672;ursprung_von;smell of Virginia cedarwood;
Q157522;Juniperus virginiana;Virginischer Wacholder;P171;uebergeordnetes_taxon;Juniperus sect. Sabina;
Q157522;Juniperus virginiana;Virginischer Wacholder;P18;bild;http://commons.wikimedia.org/wiki/Special:FilePath/2009-10-31%20Eastern%20Juniper%2C%20Gibraltar%20Rock%2C%20Columbia%20County%2C%20Wisconsin.jpg;
Q157522;Juniperus virginiana;Virginischer Wacholder;P181;verbreitungskarte_des_taxons;http://commons.wikimedia.org/wiki/Special:FilePath/Juniperus%20virginiana%20vars%20range%20map%204.png;
Q157522;Juniperus virginiana;Virginischer Wacholder;P225;wissenschaftlicher_name;Juniperus virginiana;
Q157522;Juniperus virginiana;Virginischer Wacholder;P279;unterklasse_von;Nutzpflanze;
Q157522;Juniperus virginiana;Virginischer Wacholder;P31;ist_eine;Taxon;
Q157522;Juniperus virginiana;Virginischer Wacholder;P3648;natureserve_conservation_status;secure;
Q157522;Juniperus virginiana;Virginischer Wacholder;P4214;hoechste_beobachtete_lebensdauer;940.0;
Q157522;Juniperus virginiana;Virginischer Wacholder;P5252;winteransicht;http://commons.wikimedia.org/wiki/Special:FilePath/Juniperus%20virginiana%20-%20Shanze%20Yoell%20-%20608269789.jpeg;
Q157522;Juniperus virginiana;Virginischer Wacholder;P9714;verbreitungsgebiet;Fujian;
Q157522;Juniperus virginiana;Virginischer Wacholder;P9714;verbreitungsgebiet;Volksrepublik China;
Q886464;Malus x purpurea;Purpur-Apfel;P105;taxonomischer_rang;Nothospecies;
Q886464;Malus x purpurea;Purpur-Apfel;P10906;foliage_type;laubabwerfend;
Q886464;Malus x purpurea;Purpur-Apfel;P1531;hybrideltern;Halls Apfel;
Q886464;Malus x purpurea;Purpur-Apfel;P1531;hybrideltern;Malus domestica;
Q886464;Malus x purpurea;Purpur-Apfel;P1531;hybrideltern;Malus toringo;
Q886464;Malus x purpurea;Purpur-Apfel;P171;uebergeordnetes_taxon;Äpfel;
Q886464;Malus x purpurea;Purpur-Apfel;P18;bild;http://commons.wikimedia.org/wiki/Special:FilePath/Malus%20x%20purpurea%20var%20Lemoinei%20RB2.JPG;
Q886464;Malus x purpurea;Purpur-Apfel;P225;wissenschaftlicher_name;Malus × purpurea;
Q886464;Malus x purpurea;Purpur-Apfel;P279;unterklasse_von;Apfel;
Q886464;Malus x purpurea;Purpur-Apfel;P31;ist_eine;hybrid taxon;
Q886464;Malus x purpurea;Purpur-Apfel;P566;basionym;Japanischer Wildapfel;
Q4992558;Malus sargentii;Strauch-Apfel;P105;taxonomischer_rang;Art;
Q4992558;Malus sargentii;Strauch-Apfel;P12766;fungiert_als_basionym_von;Pyrus sargentii;
Q4992558;Malus sargentii;Strauch-Apfel;P171;uebergeordnetes_taxon;Äpfel;
Q4992558;Malus sargentii;Strauch-Apfel;P18;bild;http://commons.wikimedia.org/wiki/Special:FilePath/Malus%20sargentii.jpg;
Q4992558;Malus sargentii;Strauch-Apfel;P225;wissenschaftlicher_name;Malus sargentii;
Q4992558;Malus sargentii;Strauch-Apfel;P31;ist_eine;Taxon;
Q18674606;Malus domestica `Schöner aus Boskoop`;Apfel `Schöner aus Boskoop`;P105;taxonomischer_rang;Art;
Q18674606;Malus domestica `Schöner aus Boskoop`;Apfel `Schöner aus Boskoop`;P10906;foliage_type;laubabwerfend;
Q18674606;Malus domestica `Schöner aus Boskoop`;Apfel `Schöner aus Boskoop`;P1282;openstreetmap_attribut;species=Malus_domestica;
Q18674606;Malus domestica `Schöner aus Boskoop`;Apfel `Schöner aus Boskoop`;P1420;taxonomische_synonyme;Malus communis;
Q18674606;Malus domestica `Schöner aus Boskoop`;Apfel `Schöner aus Boskoop`;P1420;taxonomische_synonyme;Malus dioica;
Q18674606;Malus domestica `Schöner aus Boskoop`;Apfel `Schöner aus Boskoop`;P1420;taxonomische_synonyme;Malus frutescens;
Q18674606;Malus domestica `Schöner aus Boskoop`;Apfel `Schöner aus Boskoop`;P1420;taxonomische_synonyme;Malus paradisiaca;
Q18674606;Malus domestica `Schöner aus Boskoop`;Apfel `Schöner aus Boskoop`;P1420;taxonomische_synonyme;Malus praecox;
Q18674606;Malus domestica `Schöner aus Boskoop`;Apfel `Schöner aus Boskoop`;P1420;taxonomische_synonyme;Malus pumila;
Q18674606;Malus domestica `Schöner aus Boskoop`;Apfel `Schöner aus Boskoop`;P1420;taxonomische_synonyme;Pyrus dioica;
Q18674606;Malus domestica `Schöner aus Boskoop`;Apfel `Schöner aus Boskoop`;P1420;taxonomische_synonyme;Pyrus malus;
Q18674606;Malus domestica `Schöner aus Boskoop`;Apfel `Schöner aus Boskoop`;P1672;ursprung_von;Agredolç;
Q18674606;Malus domestica `Schöner aus Boskoop`;Apfel `Schöner aus Boskoop`;P1672;ursprung_von;Apfel;
Q18674606;Malus domestica `Schöner aus Boskoop`;Apfel `Schöner aus Boskoop`;P1672;ursprung_von;Apfelkernöl;
Q18674606;Malus domestica `Schöner aus Boskoop`;Apfel `Schöner aus Boskoop`;P1672;ursprung_von;Apfelschale;
Q18674606;Malus domestica `Schöner aus Boskoop`;Apfel `Schöner aus Boskoop`;P1672;ursprung_von;apple seed;
Q18674606;Malus domestica `Schöner aus Boskoop`;Apfel `Schöner aus Boskoop`;P1672;ursprung_von;apple wood;
Q18674606;Malus domestica `Schöner aus Boskoop`;Apfel `Schöner aus Boskoop`;P171;uebergeordnetes_taxon;Äpfel;
Q18674606;Malus domestica `Schöner aus Boskoop`;Apfel `Schöner aus Boskoop`;P18;bild;http://commons.wikimedia.org/wiki/Special:FilePath/Tree%20with%20red%20apples%20in%20Barkedal%204.jpg;
Q18674606;Malus domestica `Schöner aus Boskoop`;Apfel `Schöner aus Boskoop`;P225;wissenschaftlicher_name;Malus domestica;
Q18674606;Malus domestica `Schöner aus Boskoop`;Apfel `Schöner aus Boskoop`;P279;unterklasse_von;Obstbaum;
Q18674606;Malus domestica `Schöner aus Boskoop`;Apfel `Schöner aus Boskoop`;P31;ist_eine;Taxon;
Q18674606;Malus domestica `Schöner aus Boskoop`;Apfel `Schöner aus Boskoop`;P366;verwendung;Aufforstung;
Q18674606;Malus domestica `Schöner aus Boskoop`;Apfel `Schöner aus Boskoop`;P366;verwendung;Futtermittel;
Q18674606;Malus domestica `Schöner aus Boskoop`;Apfel `Schöner aus Boskoop`;P366;verwendung;Heilpflanze;
Q18674606;Malus domestica `Schöner aus Boskoop`;Apfel `Schöner aus Boskoop`;P366;verwendung;Nahrung;
Q18674606;Malus domestica `Schöner aus Boskoop`;Apfel `Schöner aus Boskoop`;P566;basionym;Pyrus malus var. domestica;
Q18674606;Malus domestica `Schöner aus Boskoop`;Apfel `Schöner aus Boskoop`;P6800;sequenced_genome_url;https://plants.ensembl.org/Malus_domestica_golden;
Q18674606;Malus domestica `Schöner aus Boskoop`;Apfel `Schöner aus Boskoop`;P694;ersetztes_synonym;Pyrus praecox;
Q18674606;Malus domestica `Schöner aus Boskoop`;Apfel `Schöner aus Boskoop`;P8193;winterhaerte_der_pflanze;4;
Q18674606;Malus domestica `Schöner aus Boskoop`;Apfel `Schöner aus Boskoop`;P9714;verbreitungsgebiet;Europa;
Q18674606;Malus domestica `Schöner aus Boskoop`;Apfel `Schöner aus Boskoop`;P9714;verbreitungsgebiet;Volksrepublik China;
Q18674606;Malus domestica `Ravensberger`;Apfel `Ravensberger`;P105;taxonomischer_rang;Art;
Q18674606;Malus domestica `Ravensberger`;Apfel `Ravensberger`;P10906;foliage_type;laubabwerfend;
Q18674606;Malus domestica `Ravensberger`;Apfel `Ravensberger`;P1282;openstreetmap_attribut;species=Malus_domestica;
Q18674606;Malus domestica `Ravensberger`;Apfel `Ravensberger`;P1420;taxonomische_synonyme;Malus communis;
Q18674606;Malus domestica `Ravensberger`;Apfel `Ravensberger`;P1420;taxonomische_synonyme;Malus dioica;
Q18674606;Malus domestica `Ravensberger`;Apfel `Ravensberger`;P1420;taxonomische_synonyme;Malus frutescens;
Q18674606;Malus domestica `Ravensberger`;Apfel `Ravensberger`;P1420;taxonomische_synonyme;Malus paradisiaca;
Q18674606;Malus domestica `Ravensberger`;Apfel `Ravensberger`;P1420;taxonomische_synonyme;Malus praecox;
Q18674606;Malus domestica `Ravensberger`;Apfel `Ravensberger`;P1420;taxonomische_synonyme;Malus pumila;
Q18674606;Malus domestica `Ravensberger`;Apfel `Ravensberger`;P1420;taxonomische_synonyme;Pyrus dioica;
Q18674606;Malus domestica `Ravensberger`;Apfel `Ravensberger`;P1420;taxonomische_synonyme;Pyrus malus;
Q18674606;Malus domestica `Ravensberger`;Apfel `Ravensberger`;P1672;ursprung_von;Agredolç;
Q18674606;Malus domestica `Ravensberger`;Apfel `Ravensberger`;P1672;ursprung_von;Apfel;
Q18674606;Malus domestica `Ravensberger`;Apfel `Ravensberger`;P1672;ursprung_von;Apfelkernöl;
Q18674606;Malus domestica `Ravensberger`;Apfel `Ravensberger`;P1672;ursprung_von;Apfelschale;
Q18674606;Malus domestica `Ravensberger`;Apfel `Ravensberger`;P1672;ursprung_von;apple seed;
Q18674606;Malus domestica `Ravensberger`;Apfel `Ravensberger`;P1672;ursprung_von;apple wood;
Q18674606;Malus domestica `Ravensberger`;Apfel `Ravensberger`;P171;uebergeordnetes_taxon;Äpfel;
Q18674606;Malus domestica `Ravensberger`;Apfel `Ravensberger`;P18;bild;http://commons.wikimedia.org/wiki/Special:FilePath/Tree%20with%20red%20apples%20in%20Barkedal%204.jpg;
Q18674606;Malus domestica `Ravensberger`;Apfel `Ravensberger`;P225;wissenschaftlicher_name;Malus domestica;
Q18674606;Malus domestica `Ravensberger`;Apfel `Ravensberger`;P279;unterklasse_von;Obstbaum;
Q18674606;Malus domestica `Ravensberger`;Apfel `Ravensberger`;P31;ist_eine;Taxon;
Q18674606;Malus domestica `Ravensberger`;Apfel `Ravensberger`;P366;verwendung;Aufforstung;
Q18674606;Malus domestica `Ravensberger`;Apfel `Ravensberger`;P366;verwendung;Futtermittel;
Q18674606;Malus domestica `Ravensberger`;Apfel `Ravensberger`;P366;verwendung;Heilpflanze;
Q18674606;Malus domestica `Ravensberger`;Apfel `Ravensberger`;P366;verwendung;Nahrung;
Q18674606;Malus domestica `Ravensberger`;Apfel `Ravensberger`;P566;basionym;Pyrus malus var. domestica;
Q18674606;Malus domestica `Ravensberger`;Apfel `Ravensberger`;P6800;sequenced_genome_url;https://plants.ensembl.org/Malus_domestica_golden;
Q18674606;Malus domestica `Ravensberger`;Apfel `Ravensberger`;P694;ersetztes_synonym;Pyrus praecox;
Q18674606;Malus domestica `Ravensberger`;Apfel `Ravensberger`;P8193;winterhaerte_der_pflanze;4;
Q18674606;Malus domestica `Ravensberger`;Apfel `Ravensberger`;P9714;verbreitungsgebiet;Europa;
Q18674606;Malus domestica `Ravensberger`;Apfel `Ravensberger`;P9714;verbreitungsgebiet;Volksrepublik China;
Q18674606;Malus domestica `Holsteiner Cox`;Apfel `Holsteiner Cox`;P105;taxonomischer_rang;Art;
Q18674606;Malus domestica `Holsteiner Cox`;Apfel `Holsteiner Cox`;P10906;foliage_type;laubabwerfend;
Q18674606;Malus domestica `Holsteiner Cox`;Apfel `Holsteiner Cox`;P1282;openstreetmap_attribut;species=Malus_domestica;
Q18674606;Malus domestica `Holsteiner Cox`;Apfel `Holsteiner Cox`;P1420;taxonomische_synonyme;Malus communis;
Q18674606;Malus domestica `Holsteiner Cox`;Apfel `Holsteiner Cox`;P1420;taxonomische_synonyme;Malus dioica;
Q18674606;Malus domestica `Holsteiner Cox`;Apfel `Holsteiner Cox`;P1420;taxonomische_synonyme;Malus frutescens;
Q18674606;Malus domestica `Holsteiner Cox`;Apfel `Holsteiner Cox`;P1420;taxonomische_synonyme;Malus paradisiaca;
Q18674606;Malus domestica `Holsteiner Cox`;Apfel `Holsteiner Cox`;P1420;taxonomische_synonyme;Malus praecox;
Q18674606;Malus domestica `Holsteiner Cox`;Apfel `Holsteiner Cox`;P1420;taxonomische_synonyme;Malus pumila;
Q18674606;Malus domestica `Holsteiner Cox`;Apfel `Holsteiner Cox`;P1420;taxonomische_synonyme;Pyrus dioica;
Q18674606;Malus domestica `Holsteiner Cox`;Apfel `Holsteiner Cox`;P1420;taxonomische_synonyme;Pyrus malus;
Q18674606;Malus domestica `Holsteiner Cox`;Apfel `Holsteiner Cox`;P1672;ursprung_von;Agredolç;
Q18674606;Malus domestica `Holsteiner Cox`;Apfel `Holsteiner Cox`;P1672;ursprung_von;Apfel;
Q18674606;Malus domestica `Holsteiner Cox`;Apfel `Holsteiner Cox`;P1672;ursprung_von;Apfelkernöl;
Q18674606;Malus domestica `Holsteiner Cox`;Apfel `Holsteiner Cox`;P1672;ursprung_von;Apfelschale;
Q18674606;Malus domestica `Holsteiner Cox`;Apfel `Holsteiner Cox`;P1672;ursprung_von;apple seed;
Q18674606;Malus domestica `Holsteiner Cox`;Apfel `Holsteiner Cox`;P1672;ursprung_von;apple wood;
Q18674606;Malus domestica `Holsteiner Cox`;Apfel `Holsteiner Cox`;P171;uebergeordnetes_taxon;Äpfel;
Q18674606;Malus domestica `Holsteiner Cox`;Apfel `Holsteiner Cox`;P18;bild;http://commons.wikimedia.org/wiki/Special:FilePath/Tree%20with%20red%20apples%20in%20Barkedal%204.jpg;
Q18674606;Malus domestica `Holsteiner Cox`;Apfel `Holsteiner Cox`;P225;wissenschaftlicher_name;Malus domestica;
Q18674606;Malus domestica `Holsteiner Cox`;Apfel `Holsteiner Cox`;P279;unterklasse_von;Obstbaum;
Q18674606;Malus domestica `Holsteiner Cox`;Apfel `Holsteiner Cox`;P31;ist_eine;Taxon;
Q18674606;Malus domestica `Holsteiner Cox`;Apfel `Holsteiner Cox`;P366;verwendung;Aufforstung;
Q18674606;Malus domestica `Holsteiner Cox`;Apfel `Holsteiner Cox`;P366;verwendung;Futtermittel;
Q18674606;Malus domestica `Holsteiner Cox`;Apfel `Holsteiner Cox`;P366;verwendung;Heilpflanze;
Q18674606;Malus domestica `Holsteiner Cox`;Apfel `Holsteiner Cox`;P366;verwendung;Nahrung;
Q18674606;Malus domestica `Holsteiner Cox`;Apfel `Holsteiner Cox`;P566;basionym;Pyrus malus var. domestica;
Q18674606;Malus domestica `Holsteiner Cox`;Apfel `Holsteiner Cox`;P6800;sequenced_genome_url;https://plants.ensembl.org/Malus_domestica_golden;
Q18674606;Malus domestica `Holsteiner Cox`;Apfel `Holsteiner Cox`;P694;ersetztes_synonym;Pyrus praecox;
Q18674606;Malus domestica `Holsteiner Cox`;Apfel `Holsteiner Cox`;P8193;winterhaerte_der_pflanze;4;
Q18674606;Malus domestica `Holsteiner Cox`;Apfel `Holsteiner Cox`;P9714;verbreitungsgebiet;Europa;
Q18674606;Malus domestica `Holsteiner Cox`;Apfel `Holsteiner Cox`;P9714;verbreitungsgebiet;Volksrepublik China;
Q15224657;Malus `Royalty`;Zierapfel;P105;taxonomischer_rang;Cultivar;
Q15224657;Malus `Royalty`;Zierapfel;P171;uebergeordnetes_taxon;Äpfel;
Q15224657;Malus `Royalty`;Zierapfel;P18;bild;http://commons.wikimedia.org/wiki/Special:FilePath/Malus%20royalty.jpg;
Q15224657;Malus `Royalty`;Zierapfel;P225;wissenschaftlicher_name;Malus ‘Royalty’;
Q15224657;Malus `Royalty`;Zierapfel;P31;ist_eine;Cultivar;
Q12317600;Laburnum x water.'Vossii';Voss' Goldregen;P105;taxonomischer_rang;Art;
Q12317600;Laburnum x water.'Vossii';Voss' Goldregen;P10906;foliage_type;laubabwerfend;
Q12317600;Laburnum x water.'Vossii';Voss' Goldregen;P171;uebergeordnetes_taxon;Goldregen;
Q12317600;Laburnum x water.'Vossii';Voss' Goldregen;P18;bild;http://commons.wikimedia.org/wiki/Special:FilePath/Laburnum%20%C3%97%20watereri%2C%20fruit%20A.jpg;
Q12317600;Laburnum x water.'Vossii';Voss' Goldregen;P18;bild;http://commons.wikimedia.org/wiki/Special:FilePath/Laburnum%20x%20watereri%20in%20Jardin%20des%20Plantes%20de%20Paris%2002.jpg;
Q12317600;Laburnum x water.'Vossii';Voss' Goldregen;P225;wissenschaftlicher_name;Laburnum ×watereri;
Q12317600;Laburnum x water.'Vossii';Voss' Goldregen;P31;ist_eine;Taxon;
Q50844817;Magnolia hypoleuca;Japanische Großblatt-Magnolie;P105;taxonomischer_rang;Art;
Q50844817;Magnolia hypoleuca;Japanische Großblatt-Magnolie;P171;uebergeordnetes_taxon;Magnolien;
Q50844817;Magnolia hypoleuca;Japanische Großblatt-Magnolie;P18;bild;http://commons.wikimedia.org/wiki/Special:FilePath/Magnolia%20hypoleuca%20%28200705%29.jpg;
Q50844817;Magnolia hypoleuca;Japanische Großblatt-Magnolie;P18;bild;http://commons.wikimedia.org/wiki/Special:FilePath/Magnolia%20hypoleuca%205.JPG;
Q50844817;Magnolia hypoleuca;Japanische Großblatt-Magnolie;P18;bild;http://commons.wikimedia.org/wiki/Special:FilePath/MagnoliaHypoleuca.jpg;
Q50844817;Magnolia hypoleuca;Japanische Großblatt-Magnolie;P225;wissenschaftlicher_name;Magnolia hypoleuca;
Q50844817;Magnolia hypoleuca;Japanische Großblatt-Magnolie;P31;ist_eine;Taxon;
Q161116;Magnolia grandiflora;Immergrüne Magnolie;P105;taxonomischer_rang;Art;
Q161116;Magnolia grandiflora;Immergrüne Magnolie;P10906;foliage_type;Immergrüne Pflanze;
Q161116;Magnolia grandiflora;Immergrüne Magnolie;P13162;referenzabbildung;http://commons.wikimedia.org/wiki/Special:FilePath/Herbier%20Colorie%20de%20l%27Amerique%20%2844029724410%29.jpg;
Q161116;Magnolia grandiflora;Immergrüne Magnolie;P141;gefaehrdungsstufe_iucn;nicht gefährdet;
Q161116;Magnolia grandiflora;Immergrüne Magnolie;P1672;ursprung_von;smell of magnolia flowers;
Q161116;Magnolia grandiflora;Immergrüne Magnolie;P1672;ursprung_von;southern magnolia;
Q161116;Magnolia grandiflora;Immergrüne Magnolie;P171;uebergeordnetes_taxon;Magnolien;
Q161116;Magnolia grandiflora;Immergrüne Magnolie;P18;bild;http://commons.wikimedia.org/wiki/Special:FilePath/Magnolia%20flower%20Duke%20campus.jpg;
Q161116;Magnolia grandiflora;Immergrüne Magnolie;P18;bild;http://commons.wikimedia.org/wiki/Special:FilePath/Magnolia%20grandiflora3.jpg;
Q161116;Magnolia grandiflora;Immergrüne Magnolie;P181;verbreitungskarte_des_taxons;http://commons.wikimedia.org/wiki/Special:FilePath/Magnolia%20grandiflora%20map.png;
Q161116;Magnolia grandiflora;Immergrüne Magnolie;P225;wissenschaftlicher_name;Magnolia grandiflora;
Q161116;Magnolia grandiflora;Immergrüne Magnolie;P31;ist_eine;Taxon;
Q161116;Magnolia grandiflora;Immergrüne Magnolie;P366;verwendung;Aufforstung;
Q161116;Magnolia grandiflora;Immergrüne Magnolie;P366;verwendung;Heilpflanze;
Q161116;Magnolia grandiflora;Immergrüne Magnolie;P366;verwendung;Holz;
Q161116;Magnolia grandiflora;Immergrüne Magnolie;P366;verwendung;Nahrung;
Q161116;Magnolia grandiflora;Immergrüne Magnolie;P4000;fruchttyp;Balgfrucht;
Q161116;Magnolia grandiflora;Immergrüne Magnolie;P9714;verbreitungsgebiet;Autonomes Gebiet Tibet;
Q161116;Magnolia grandiflora;Immergrüne Magnolie;P9714;verbreitungsgebiet;Fujian;
Q161116;Magnolia grandiflora;Immergrüne Magnolie;P9714;verbreitungsgebiet;Guangdong;
Q161116;Magnolia grandiflora;Immergrüne Magnolie;P9714;verbreitungsgebiet;Peking;
Q161116;Magnolia grandiflora;Immergrüne Magnolie;P9714;verbreitungsgebiet;Volksrepublik China;
Q1249099;Magnolia acuminata;Gurken-Magnolie;P105;taxonomischer_rang;Art;
Q1249099;Magnolia acuminata;Gurken-Magnolie;P12766;fungiert_als_basionym_von;Yulania acuminata;
Q1249099;Magnolia acuminata;Gurken-Magnolie;P141;gefaehrdungsstufe_iucn;nicht gefährdet;
Q1249099;Magnolia acuminata;Gurken-Magnolie;P1672;ursprung_von;cucumbertree;
Q1249099;Magnolia acuminata;Gurken-Magnolie;P171;uebergeordnetes_taxon;Magnolien;
Q1249099;Magnolia acuminata;Gurken-Magnolie;P18;bild;http://commons.wikimedia.org/wiki/Special:FilePath/Magnolia%20acuminata.jpg;
Q1249099;Magnolia acuminata;Gurken-Magnolie;P225;wissenschaftlicher_name;Magnolia acuminata;
Q1249099;Magnolia acuminata;Gurken-Magnolie;P31;ist_eine;Taxon;
Q1249099;Magnolia acuminata;Gurken-Magnolie;P4000;fruchttyp;Balgfrucht;
Q1249099;Magnolia acuminata;Gurken-Magnolie;P566;basionym;Magnolia virginiana var. acuminata;
Q476655;Picea breweriana;Siskiyou-Fichte;P105;taxonomischer_rang;Art;
Q476655;Picea breweriana;Siskiyou-Fichte;P141;gefaehrdungsstufe_iucn;gefährdet;
Q476655;Picea breweriana;Siskiyou-Fichte;P171;uebergeordnetes_taxon;Fichten;
Q476655;Picea breweriana;Siskiyou-Fichte;P18;bild;http://commons.wikimedia.org/wiki/Special:FilePath/Picea%20breweriana%20Canyon%20Creek%20Lakes%202.jpg;
Q476655;Picea breweriana;Siskiyou-Fichte;P18;bild;http://commons.wikimedia.org/wiki/Special:FilePath/Picea%20brewerianafullform.JPG;
Q476655;Picea breweriana;Siskiyou-Fichte;P181;verbreitungskarte_des_taxons;http://commons.wikimedia.org/wiki/Special:FilePath/Picea%20breweriana%20levila.jpg;
Q476655;Picea breweriana;Siskiyou-Fichte;P225;wissenschaftlicher_name;Picea breweriana;
Q476655;Picea breweriana;Siskiyou-Fichte;P31;ist_eine;Taxon;
Q476655;Picea breweriana;Siskiyou-Fichte;P3648;natureserve_conservation_status;apparently secure;
Q26745;Acer platanoides 'Lorbergii';Sorte vom Spitz-Ahorn;P105;taxonomischer_rang;Art;
Q26745;Acer platanoides 'Lorbergii';Sorte vom Spitz-Ahorn;P10906;foliage_type;laubabwerfend;
Q26745;Acer platanoides 'Lorbergii';Sorte vom Spitz-Ahorn;P141;gefaehrdungsstufe_iucn;nicht gefährdet;
Q26745;Acer platanoides 'Lorbergii';Sorte vom Spitz-Ahorn;P1672;ursprung_von;Ahornholz;
Q26745;Acer platanoides 'Lorbergii';Sorte vom Spitz-Ahorn;P1672;ursprung_von;Norway maple;
Q26745;Acer platanoides 'Lorbergii';Sorte vom Spitz-Ahorn;P1672;ursprung_von;acerin;
Q26745;Acer platanoides 'Lorbergii';Sorte vom Spitz-Ahorn;P171;uebergeordnetes_taxon;Ahorn;
Q26745;Acer platanoides 'Lorbergii';Sorte vom Spitz-Ahorn;P18;bild;http://commons.wikimedia.org/wiki/Special:FilePath/2020%20year.%20Herbarium.%20Acer%20platanoides.%20img-012.jpg;
Q26745;Acer platanoides 'Lorbergii';Sorte vom Spitz-Ahorn;P18;bild;http://commons.wikimedia.org/wiki/Special:FilePath/Ahornbluete.jpg;
Q26745;Acer platanoides 'Lorbergii';Sorte vom Spitz-Ahorn;P18;bild;http://commons.wikimedia.org/wiki/Special:FilePath/Spitz-Ahorn%28mbo%29.jpg;
Q26745;Acer platanoides 'Lorbergii';Sorte vom Spitz-Ahorn;P181;verbreitungskarte_des_taxons;http://commons.wikimedia.org/wiki/Special:FilePath/Acer%20platanoides%20range.svg;
Q26745;Acer platanoides 'Lorbergii';Sorte vom Spitz-Ahorn;P225;wissenschaftlicher_name;Acer platanoides;
Q26745;Acer platanoides 'Lorbergii';Sorte vom Spitz-Ahorn;P2827;bluetenfarbe;Gelb;
Q26745;Acer platanoides 'Lorbergii';Sorte vom Spitz-Ahorn;P31;ist_eine;Taxon;
Q26745;Acer platanoides 'Lorbergii';Sorte vom Spitz-Ahorn;P3739;bluetenstand;Schirmtraube;
Q26745;Acer platanoides 'Lorbergii';Sorte vom Spitz-Ahorn;P3739;bluetenstand;erect infloresence;
Q26745;Acer platanoides 'Lorbergii';Sorte vom Spitz-Ahorn;P4000;fruchttyp;Flügelnuss;
Q26745;Acer platanoides 'Lorbergii';Sorte vom Spitz-Ahorn;P443;aussprache_audiodatei;http://commons.wikimedia.org/wiki/Special:FilePath/LL-Q150%20%28fra%29-Fabricio%20Cardenas%20%28Culex%29-%C3%A9rable%20plane.wav;
Q26745;Acer platanoides 'Lorbergii';Sorte vom Spitz-Ahorn;P9714;verbreitungsgebiet;Volksrepublik China;
Q2699896;Pterocarya stenoptera;Chinesische Flügelnuß;P105;taxonomischer_rang;Art;
Q2699896;Pterocarya stenoptera;Chinesische Flügelnuß;P10906;foliage_type;laubabwerfend;
Q2699896;Pterocarya stenoptera;Chinesische Flügelnuß;P13162;referenzabbildung;http://commons.wikimedia.org/wiki/Special:FilePath/E%20mei%20zhi%20wu%20tu%20zhi%20%281945%29%20%2821100986639%29.jpg;
Q2699896;Pterocarya stenoptera;Chinesische Flügelnuß;P141;gefaehrdungsstufe_iucn;nicht gefährdet;
Q2699896;Pterocarya stenoptera;Chinesische Flügelnuß;P171;uebergeordnetes_taxon;Flügelnüsse;
Q2699896;Pterocarya stenoptera;Chinesische Flügelnuß;P18;bild;http://commons.wikimedia.org/wiki/Special:FilePath/Laoshan%2C%20Qingdao%2C%20Shandong%2C%20China%20-%20panoramio%20%2830%29.jpg;
Q2699896;Pterocarya stenoptera;Chinesische Flügelnuß;P225;wissenschaftlicher_name;Pterocarya stenoptera;
Q2699896;Pterocarya stenoptera;Chinesische Flügelnuß;P31;ist_eine;Taxon;
Q2699896;Pterocarya stenoptera;Chinesische Flügelnuß;P366;verwendung;Faser;
Q2699896;Pterocarya stenoptera;Chinesische Flügelnuß;P366;verwendung;Futtermittel;
Q2699896;Pterocarya stenoptera;Chinesische Flügelnuß;P366;verwendung;Heilpflanze;
Q2699896;Pterocarya stenoptera;Chinesische Flügelnuß;P366;verwendung;Holz;
Q2699896;Pterocarya stenoptera;Chinesische Flügelnuß;P8193;winterhaerte_der_pflanze;USDA-Klimazone 6;
Q2699896;Pterocarya stenoptera;Chinesische Flügelnuß;P9714;verbreitungsgebiet;Fujian;
Q2699896;Pterocarya stenoptera;Chinesische Flügelnuß;P9714;verbreitungsgebiet;Guangdong;
Q2699896;Pterocarya stenoptera;Chinesische Flügelnuß;P9714;verbreitungsgebiet;Peking;
Q2699896;Pterocarya stenoptera;Chinesische Flügelnuß;P9714;verbreitungsgebiet;Shanghai;
Q2699896;Pterocarya stenoptera;Chinesische Flügelnuß;P9714;verbreitungsgebiet;Volksrepublik China;
Q2699896;Pterocarya stenoptera;Chinesische Flügelnuß;P9714;verbreitungsgebiet;Zhoushan-Inseln;
Q163811;Chamaecyparis nootkatensis;Nootka-Scheinzypresse;P105;taxonomischer_rang;Art;
Q163811;Chamaecyparis nootkatensis;Nootka-Scheinzypresse;P12763;taxonomisches_synonym_zu;Callitropsis nootkatensis;
Q163811;Chamaecyparis nootkatensis;Nootka-Scheinzypresse;P171;uebergeordnetes_taxon;Xanthocyparis;
Q163811;Chamaecyparis nootkatensis;Nootka-Scheinzypresse;P225;wissenschaftlicher_name;Xanthocyparis nootkatensis;
Q163811;Chamaecyparis nootkatensis;Nootka-Scheinzypresse;P31;ist_eine;Synonym;
Q163811;Chamaecyparis nootkatensis;Nootka-Scheinzypresse;P31;ist_eine;Taxon;
Q163811;Chamaecyparis nootkatensis;Nootka-Scheinzypresse;P566;basionym;Cupressus nootkatensis;
Q161360;Chamaecyparis lawsoniana 'Columnaris Glauca';Sorte der Lawsons Scheinzypresse;P105;taxonomischer_rang;Art;
Q161360;Chamaecyparis lawsoniana 'Columnaris Glauca';Sorte der Lawsons Scheinzypresse;P141;gefaehrdungsstufe_iucn;potenziell gefährdet;
Q161360;Chamaecyparis lawsoniana 'Columnaris Glauca';Sorte der Lawsons Scheinzypresse;P1672;ursprung_von;Chamaecyparis lawsoniana wood oil;
Q161360;Chamaecyparis lawsoniana 'Columnaris Glauca';Sorte der Lawsons Scheinzypresse;P171;uebergeordnetes_taxon;Scheinzypressen;
Q161360;Chamaecyparis lawsoniana 'Columnaris Glauca';Sorte der Lawsons Scheinzypresse;P18;bild;http://commons.wikimedia.org/wiki/Special:FilePath/Chamaecyparis%20lawsoniana%20Siskiyou%20NF%203.jpg;
Q161360;Chamaecyparis lawsoniana 'Columnaris Glauca';Sorte der Lawsons Scheinzypresse;P18;bild;http://commons.wikimedia.org/wiki/Special:FilePath/Lawson%27s%20Cypress%2C%20Six%20Rivers%20National%20Forest%2C%20Klamath%2C%20California%201.jpg;
Q161360;Chamaecyparis lawsoniana 'Columnaris Glauca';Sorte der Lawsons Scheinzypresse;P18;bild;http://commons.wikimedia.org/wiki/Special:FilePath/Old%20Growth%20Chamaecyparis%20lawsoniana%20-%20Flickr%20-%20theforestprimeval.jpg;
Q161360;Chamaecyparis lawsoniana 'Columnaris Glauca';Sorte der Lawsons Scheinzypresse;P181;verbreitungskarte_des_taxons;http://commons.wikimedia.org/wiki/Special:FilePath/Chamaecyparis%20lawsoniana%20range%20map%200.png;
Q161360;Chamaecyparis lawsoniana 'Columnaris Glauca';Sorte der Lawsons Scheinzypresse;P183;endemisch_in;Vereinigte Staaten;
Q161360;Chamaecyparis lawsoniana 'Columnaris Glauca';Sorte der Lawsons Scheinzypresse;P225;wissenschaftlicher_name;Chamaecyparis lawsoniana;
Q161360;Chamaecyparis lawsoniana 'Columnaris Glauca';Sorte der Lawsons Scheinzypresse;P31;ist_eine;Taxon;
Q161360;Chamaecyparis lawsoniana 'Columnaris Glauca';Sorte der Lawsons Scheinzypresse;P3648;natureserve_conservation_status;apparently secure;
Q161360;Chamaecyparis lawsoniana 'Columnaris Glauca';Sorte der Lawsons Scheinzypresse;P566;basionym;Cupressus lawsoniana;
Q284462;Acer carpinifolium;Hainbuchen-Ahorn;P105;taxonomischer_rang;Art;
Q284462;Acer carpinifolium;Hainbuchen-Ahorn;P10906;foliage_type;laubabwerfend;
Q284462;Acer carpinifolium;Hainbuchen-Ahorn;P13162;referenzabbildung;http://commons.wikimedia.org/wiki/Special:FilePath/Acer%20carpinifolium%20SZ142.jpg;
Q284462;Acer carpinifolium;Hainbuchen-Ahorn;P141;gefaehrdungsstufe_iucn;nicht gefährdet;
Q284462;Acer carpinifolium;Hainbuchen-Ahorn;P171;uebergeordnetes_taxon;Ahorn;
Q284462;Acer carpinifolium;Hainbuchen-Ahorn;P18;bild;http://commons.wikimedia.org/wiki/Special:FilePath/Hornbeam%20Maple%20Acer%20carpinifolium%20Tree%203264px.jpg;
Q284462;Acer carpinifolium;Hainbuchen-Ahorn;P181;verbreitungskarte_des_taxons;http://commons.wikimedia.org/wiki/Special:FilePath/Map%20genus%20Acer.png;
Q284462;Acer carpinifolium;Hainbuchen-Ahorn;P225;wissenschaftlicher_name;Acer carpinifolium;
Q284462;Acer carpinifolium;Hainbuchen-Ahorn;P31;ist_eine;Taxon;
Q284462;Acer carpinifolium;Hainbuchen-Ahorn;P3739;bluetenstand;Traube;
Q284462;Acer carpinifolium;Hainbuchen-Ahorn;P4000;fruchttyp;Flügelnuss;
Q61105;Cedrus libani;Libanon-Zeder;P105;taxonomischer_rang;Art;
Q61105;Cedrus libani;Libanon-Zeder;P10906;foliage_type;Immergrüne Pflanze;
Q61105;Cedrus libani;Libanon-Zeder;P12766;fungiert_als_basionym_von;Cedrus libani f. glauca;
Q61105;Cedrus libani;Libanon-Zeder;P141;gefaehrdungsstufe_iucn;gefährdet;
Q61105;Cedrus libani;Libanon-Zeder;P1672;ursprung_von;Lebanon cedar;
Q61105;Cedrus libani;Libanon-Zeder;P171;uebergeordnetes_taxon;Zedern;
Q61105;Cedrus libani;Libanon-Zeder;P18;bild;http://commons.wikimedia.org/wiki/Special:FilePath/C%C3%A8dre%20du%20Liban%20Barouk%202005.jpg;
Q61105;Cedrus libani;Libanon-Zeder;P18;bild;http://commons.wikimedia.org/wiki/Special:FilePath/Lebanese%20Cedar%20Larousse%20Extracted.png;
Q61105;Cedrus libani;Libanon-Zeder;P18;bild;http://commons.wikimedia.org/wiki/Special:FilePath/Libanonzeder.jpg;
Q61105;Cedrus libani;Libanon-Zeder;P225;wissenschaftlicher_name;Cedrus libani;
Q61105;Cedrus libani;Libanon-Zeder;P31;ist_eine;Taxon;
Q156944;Acer pseudoplatanus 'Erectum';Bergahorn 'Erectum';P105;taxonomischer_rang;Art;
Q156944;Acer pseudoplatanus 'Erectum';Bergahorn 'Erectum';P10906;foliage_type;laubabwerfend;
Q156944;Acer pseudoplatanus 'Erectum';Bergahorn 'Erectum';P141;gefaehrdungsstufe_iucn;nicht gefährdet;
Q156944;Acer pseudoplatanus 'Erectum';Bergahorn 'Erectum';P1672;ursprung_von;Ahornholz;
Q156944;Acer pseudoplatanus 'Erectum';Bergahorn 'Erectum';P171;uebergeordnetes_taxon;Ahorn;
Q156944;Acer pseudoplatanus 'Erectum';Bergahorn 'Erectum';P18;bild;http://commons.wikimedia.org/wiki/Special:FilePath/ID%201211%20Bergahorn%200011.jpg;
Q156944;Acer pseudoplatanus 'Erectum';Bergahorn 'Erectum';P181;verbreitungskarte_des_taxons;http://commons.wikimedia.org/wiki/Special:FilePath/Acer%20pseudoplatanus%20range.svg;
Q156944;Acer pseudoplatanus 'Erectum';Bergahorn 'Erectum';P225;wissenschaftlicher_name;Acer pseudoplatanus;
Q156944;Acer pseudoplatanus 'Erectum';Bergahorn 'Erectum';P279;unterklasse_von;Baum;
Q156944;Acer pseudoplatanus 'Erectum';Bergahorn 'Erectum';P2827;bluetenfarbe;Grün;
Q156944;Acer pseudoplatanus 'Erectum';Bergahorn 'Erectum';P31;ist_eine;Taxon;
Q156944;Acer pseudoplatanus 'Erectum';Bergahorn 'Erectum';P3739;bluetenstand;Rispe;
Q156944;Acer pseudoplatanus 'Erectum';Bergahorn 'Erectum';P3739;bluetenstand;Traube;
Q156944;Acer pseudoplatanus 'Erectum';Bergahorn 'Erectum';P3739;bluetenstand;pendulous infloresence;
Q156944;Acer pseudoplatanus 'Erectum';Bergahorn 'Erectum';P4000;fruchttyp;Flügelnuss;
Q4085300;Betula pendula 'Youngii';Trauerbirke;P105;taxonomischer_rang;Cultivar;
Q4085300;Betula pendula 'Youngii';Trauerbirke;P171;uebergeordnetes_taxon;Hänge-Birke;
Q4085300;Betula pendula 'Youngii';Trauerbirke;P18;bild;http://commons.wikimedia.org/wiki/Special:FilePath/Betula%20pendula%20%27Youngii%27%2001-10-2005%2014.43.36.JPG;
Q4085300;Betula pendula 'Youngii';Trauerbirke;P225;wissenschaftlicher_name;Betula pendula 'Youngii';
Q4085300;Betula pendula 'Youngii';Trauerbirke;P31;ist_eine;Taxon;
Q10431433;Betula pendula 'Purpurea';Purpurbirke;P105;taxonomischer_rang;Cultivar;
Q10431433;Betula pendula 'Purpurea';Purpurbirke;P171;uebergeordnetes_taxon;Hänge-Birke;
Q10431433;Betula pendula 'Purpurea';Purpurbirke;P18;bild;http://commons.wikimedia.org/wiki/Special:FilePath/Betula%20pendula%20Purpurea%20kz2.jpg;
Q10431433;Betula pendula 'Purpurea';Purpurbirke;P225;wissenschaftlicher_name;Betula pendula 'Purpurea';
Q10431433;Betula pendula 'Purpurea';Purpurbirke;P31;ist_eine;Taxon;
Q130467801;Sorbus aucuparia 'Fastigiata';Säuleneberesche;P105;taxonomischer_rang;Cultivar;
Q130467801;Sorbus aucuparia 'Fastigiata';Säuleneberesche;P171;uebergeordnetes_taxon;Eberesche;
Q130467801;Sorbus aucuparia 'Fastigiata';Säuleneberesche;P225;wissenschaftlicher_name;Sorbus aucuparia 'Fastigiata';
Q130467801;Sorbus aucuparia 'Fastigiata';Säuleneberesche;P31;ist_eine;Taxon;
Q1425070;Pseudotsuga macrocarpa;Großfrüchtige Douglasie;P105;taxonomischer_rang;Art;
Q1425070;Pseudotsuga macrocarpa;Großfrüchtige Douglasie;P141;gefaehrdungsstufe_iucn;potenziell gefährdet;
Q1425070;Pseudotsuga macrocarpa;Großfrüchtige Douglasie;P171;uebergeordnetes_taxon;Douglasien;
Q1425070;Pseudotsuga macrocarpa;Großfrüchtige Douglasie;P18;bild;http://commons.wikimedia.org/wiki/Special:FilePath/Bigcone%20Douglas-fir%20at%20mtbaldy.jpg;
Q1425070;Pseudotsuga macrocarpa;Großfrüchtige Douglasie;P181;verbreitungskarte_des_taxons;http://commons.wikimedia.org/wiki/Special:FilePath/Pseudotsuga%20macrocarpa%20range%20map.jpg;
Q1425070;Pseudotsuga macrocarpa;Großfrüchtige Douglasie;P225;wissenschaftlicher_name;Pseudotsuga macrocarpa;
Q1425070;Pseudotsuga macrocarpa;Großfrüchtige Douglasie;P31;ist_eine;Taxon;
Q1425070;Pseudotsuga macrocarpa;Großfrüchtige Douglasie;P3648;natureserve_conservation_status;apparently secure;
Q1425070;Pseudotsuga macrocarpa;Großfrüchtige Douglasie;P566;basionym;Abies macrocarpa;
Q190545;Prunus x blireana;Gefülltblühende Kirsch-Pflaume;P105;taxonomischer_rang;Gattung;
Q190545;Prunus x blireana;Gefülltblühende Kirsch-Pflaume;P1672;ursprung_von;Arabinsäure;
Q190545;Prunus x blireana;Gefülltblühende Kirsch-Pflaume;P1672;ursprung_von;Bittermandelöl;
Q190545;Prunus x blireana;Gefülltblühende Kirsch-Pflaume;P1672;ursprung_von;Kirschbaumholz;
Q190545;Prunus x blireana;Gefülltblühende Kirsch-Pflaume;P1672;ursprung_von;Prunus wood;
Q190545;Prunus x blireana;Gefülltblühende Kirsch-Pflaume;P171;uebergeordnetes_taxon;Amygdaleae;
Q190545;Prunus x blireana;Gefülltblühende Kirsch-Pflaume;P18;bild;http://commons.wikimedia.org/wiki/Special:FilePath/.00%203019%20Japanische%20Bl%C3%BCtenkirsche%20%28Prunus%20serrulata%29.jpg;
Q190545;Prunus x blireana;Gefülltblühende Kirsch-Pflaume;P18;bild;http://commons.wikimedia.org/wiki/Special:FilePath/Fr%C3%BChling%20bl%C3%BChender%20Kirschenbaum.jpg;
Q190545;Prunus x blireana;Gefülltblühende Kirsch-Pflaume;P18;bild;http://commons.wikimedia.org/wiki/Special:FilePath/Prunus-domestica.JPG;
Q190545;Prunus x blireana;Gefülltblühende Kirsch-Pflaume;P225;wissenschaftlicher_name;Prunus;
Q190545;Prunus x blireana;Gefülltblühende Kirsch-Pflaume;P279;unterklasse_von;Baum;
Q190545;Prunus x blireana;Gefülltblühende Kirsch-Pflaume;P279;unterklasse_von;Laubbaum;
Q190545;Prunus x blireana;Gefülltblühende Kirsch-Pflaume;P31;ist_eine;Taxon;
Q190545;Prunus x blireana;Gefülltblühende Kirsch-Pflaume;P4000;fruchttyp;Steinfrucht;
Q190545;Prunus x blireana;Gefülltblühende Kirsch-Pflaume;P427;nomenklatorischer_typ;Pflaume;
Q3269605;Prunus incisa;Fuji-Kirsche;P105;taxonomischer_rang;Art;
Q3269605;Prunus incisa;Fuji-Kirsche;P141;gefaehrdungsstufe_iucn;keine ausreichenden Daten;
Q3269605;Prunus incisa;Fuji-Kirsche;P171;uebergeordnetes_taxon;Prunus subg. Cerasus;
Q3269605;Prunus incisa;Fuji-Kirsche;P18;bild;http://commons.wikimedia.org/wiki/Special:FilePath/Prunus%20incisa.jpg;
Q3269605;Prunus incisa;Fuji-Kirsche;P225;wissenschaftlicher_name;Prunus incisa;
Q3269605;Prunus incisa;Fuji-Kirsche;P31;ist_eine;Taxon;
Q158746;Tilia cordata 'Erecta';Sorte der Winter-Linde;P105;taxonomischer_rang;Art;
Q158746;Tilia cordata 'Erecta';Sorte der Winter-Linde;P10906;foliage_type;laubabwerfend;
Q158746;Tilia cordata 'Erecta';Sorte der Winter-Linde;P1282;openstreetmap_attribut;species=Tilia_cordata;
Q158746;Tilia cordata 'Erecta';Sorte der Winter-Linde;P141;gefaehrdungsstufe_iucn;nicht gefährdet;
Q158746;Tilia cordata 'Erecta';Sorte der Winter-Linde;P1672;ursprung_von;Lindenblüte;
Q158746;Tilia cordata 'Erecta';Sorte der Winter-Linde;P171;uebergeordnetes_taxon;Linde;
Q158746;Tilia cordata 'Erecta';Sorte der Winter-Linde;P18;bild;http://commons.wikimedia.org/wiki/Special:FilePath/Tilia%20cordata%2C%20Lipa2009.jpg;
Q158746;Tilia cordata 'Erecta';Sorte der Winter-Linde;P181;verbreitungskarte_des_taxons;http://commons.wikimedia.org/wiki/Special:FilePath/Tilia%20cordata%20range.svg;
Q158746;Tilia cordata 'Erecta';Sorte der Winter-Linde;P225;wissenschaftlicher_name;Tilia cordata;
Q158746;Tilia cordata 'Erecta';Sorte der Winter-Linde;P279;unterklasse_von;Nutzpflanze;
Q158746;Tilia cordata 'Erecta';Sorte der Winter-Linde;P31;ist_eine;Taxon;
Q158746;Tilia cordata 'Erecta';Sorte der Winter-Linde;P366;verwendung;Gemüse;
Q158746;Tilia cordata 'Erecta';Sorte der Winter-Linde;P3739;bluetenstand;cyme;
Q158746;Tilia cordata 'Erecta';Sorte der Winter-Linde;P3739;bluetenstand;erect infloresence;
Q158746;Tilia cordata 'Erecta';Sorte der Winter-Linde;P3739;bluetenstand;staminodeless florets or flower;
Q158746;Tilia cordata 'Erecta';Sorte der Winter-Linde;P4000;fruchttyp;Nüsschen;
Q158746;Tilia cordata 'Erecta';Sorte der Winter-Linde;P462;farbe;Orange;
Q158746;Tilia cordata 'Erecta';Sorte der Winter-Linde;P5252;winteransicht;http://commons.wikimedia.org/wiki/Special:FilePath/Berlin%20Schillerpark%20lub%202026-02-20%20img01jpg%2005.jpg;
Q158746;Tilia cordata 'Erecta';Sorte der Winter-Linde;P8193;winterhaerte_der_pflanze;3b;
Q131517;Prunus cerasus;Sauer-Kirsche;P105;taxonomischer_rang;Art;
Q131517;Prunus cerasus;Sauer-Kirsche;P10906;foliage_type;laubabwerfend;
Q131517;Prunus cerasus;Sauer-Kirsche;P1349;ploidiegrad;Tetraploidie;
Q131517;Prunus cerasus;Sauer-Kirsche;P1349;ploidiegrad;allopolyploidy;
Q131517;Prunus cerasus;Sauer-Kirsche;P1672;ursprung_von;Kirschsaft;
Q131517;Prunus cerasus;Sauer-Kirsche;P1672;ursprung_von;Sauerkirsche;
Q131517;Prunus cerasus;Sauer-Kirsche;P171;uebergeordnetes_taxon;Prunus;
Q131517;Prunus cerasus;Sauer-Kirsche;P18;bild;http://commons.wikimedia.org/wiki/Special:FilePath/Prunus%20cerasus%20-%20K%C3%B6hler%E2%80%93s%20Medizinal-Pflanzen-113.jpg;
Q131517;Prunus cerasus;Sauer-Kirsche;P225;wissenschaftlicher_name;Prunus cerasus;
Q131517;Prunus cerasus;Sauer-Kirsche;P279;unterklasse_von;Kirsche;
Q131517;Prunus cerasus;Sauer-Kirsche;P279;unterklasse_von;Obstbaum;
Q131517;Prunus cerasus;Sauer-Kirsche;P31;ist_eine;Heilpflanze;
Q131517;Prunus cerasus;Sauer-Kirsche;P31;ist_eine;Taxon;
Q131517;Prunus cerasus;Sauer-Kirsche;P366;verwendung;Obst;
Q131517;Prunus cerasus;Sauer-Kirsche;P4000;fruchttyp;Steinfrucht;
Q131517;Prunus cerasus;Sauer-Kirsche;P8193;winterhaerte_der_pflanze;3;
Q146951;Prunus cerasifera 'Atropurpurea';Sorte der Kirsch-Pflaume;P105;taxonomischer_rang;Art;
Q146951;Prunus cerasifera 'Atropurpurea';Sorte der Kirsch-Pflaume;P10906;foliage_type;laubabwerfend;
Q146951;Prunus cerasifera 'Atropurpurea';Sorte der Kirsch-Pflaume;P141;gefaehrdungsstufe_iucn;keine ausreichenden Daten;
Q146951;Prunus cerasifera 'Atropurpurea';Sorte der Kirsch-Pflaume;P1420;taxonomische_synonyme;Prunus myrobalana;
Q146951;Prunus cerasifera 'Atropurpurea';Sorte der Kirsch-Pflaume;P1672;ursprung_von;cherry plum;
Q146951;Prunus cerasifera 'Atropurpurea';Sorte der Kirsch-Pflaume;P171;uebergeordnetes_taxon;Prunus;
Q146951;Prunus cerasifera 'Atropurpurea';Sorte der Kirsch-Pflaume;P18;bild;http://commons.wikimedia.org/wiki/Special:FilePath/20140317Prunus%20cerasifera%20Hockenheimer%20Rheinbogen5.jpg;
Q146951;Prunus cerasifera 'Atropurpurea';Sorte der Kirsch-Pflaume;P18;bild;http://commons.wikimedia.org/wiki/Special:FilePath/20160313Prunus%20cerasifera4.jpg;
Q146951;Prunus cerasifera 'Atropurpurea';Sorte der Kirsch-Pflaume;P18;bild;http://commons.wikimedia.org/wiki/Special:FilePath/Mirabellen%20am%20Baum%20HD.JPG;
Q146951;Prunus cerasifera 'Atropurpurea';Sorte der Kirsch-Pflaume;P225;wissenschaftlicher_name;Prunus cerasifera;
Q146951;Prunus cerasifera 'Atropurpurea';Sorte der Kirsch-Pflaume;P279;unterklasse_von;Obstbaum;
Q146951;Prunus cerasifera 'Atropurpurea';Sorte der Kirsch-Pflaume;P31;ist_eine;Taxon;
Q146951;Prunus cerasifera 'Atropurpurea';Sorte der Kirsch-Pflaume;P366;verwendung;Heilpflanze;
Q146951;Prunus cerasifera 'Atropurpurea';Sorte der Kirsch-Pflaume;P366;verwendung;Obst;
Q146951;Prunus cerasifera 'Atropurpurea';Sorte der Kirsch-Pflaume;P4000;fruchttyp;Steinfrucht;
Q146951;Prunus cerasifera 'Atropurpurea';Sorte der Kirsch-Pflaume;P8193;winterhaerte_der_pflanze;5;
Q146951;Prunus cerasifera 'Atropurpurea';Sorte der Kirsch-Pflaume;P9714;verbreitungsgebiet;Autonomes Gebiet Tibet;
Q146951;Prunus cerasifera 'Atropurpurea';Sorte der Kirsch-Pflaume;P9714;verbreitungsgebiet;Xinjiang;
Q146951;Prunus cerasifera 'Atropurpurea';Sorte der Kirsch-Pflaume;P973;beschrieben_in_url;https://www.gardendesign.com/trees/purple-leaf-plum.html;
Q37453;Prunus armeniaca;Kultur-Aprikose;P105;taxonomischer_rang;Art;
Q37453;Prunus armeniaca;Kultur-Aprikose;P141;gefaehrdungsstufe_iucn;keine ausreichenden Daten;
Q37453;Prunus armeniaca;Kultur-Aprikose;P1672;ursprung_von;Aprikose;
Q37453;Prunus armeniaca;Kultur-Aprikose;P1672;ursprung_von;Aprikosenkern;
Q37453;Prunus armeniaca;Kultur-Aprikose;P1672;ursprung_von;Aprikosenkernöl;
Q37453;Prunus armeniaca;Kultur-Aprikose;P1672;ursprung_von;Aprikosensaft;
Q37453;Prunus armeniaca;Kultur-Aprikose;P1672;ursprung_von;Armeniacae Semen;
Q37453;Prunus armeniaca;Kultur-Aprikose;P1672;ursprung_von;apricot blossom;
Q37453;Prunus armeniaca;Kultur-Aprikose;P1672;ursprung_von;apricot wood;
Q37453;Prunus armeniaca;Kultur-Aprikose;P1672;ursprung_von;smell of apricot blossom;
Q37453;Prunus armeniaca;Kultur-Aprikose;P1672;ursprung_von;smell of apricot fruit;
Q37453;Prunus armeniaca;Kultur-Aprikose;P171;uebergeordnetes_taxon;Prunus;
Q37453;Prunus armeniaca;Kultur-Aprikose;P18;bild;http://commons.wikimedia.org/wiki/Special:FilePath/Apricots.jpg;
Q37453;Prunus armeniaca;Kultur-Aprikose;P225;wissenschaftlicher_name;Prunus armeniaca;
Q37453;Prunus armeniaca;Kultur-Aprikose;P279;unterklasse_von;Obstbaum;
Q37453;Prunus armeniaca;Kultur-Aprikose;P31;ist_eine;Taxon;
Q37453;Prunus armeniaca;Kultur-Aprikose;P3648;natureserve_conservation_status;secure;
Q37453;Prunus armeniaca;Kultur-Aprikose;P366;verwendung;Heilpflanze;
Q37453;Prunus armeniaca;Kultur-Aprikose;P366;verwendung;Obst;
Q37453;Prunus armeniaca;Kultur-Aprikose;P4000;fruchttyp;Steinfrucht;
Q37453;Prunus armeniaca;Kultur-Aprikose;P443;aussprache_audiodatei;http://commons.wikimedia.org/wiki/Special:FilePath/LL-Q150%20%28fra%29-Guilhelma-abricotier.wav;
Q37453;Prunus armeniaca;Kultur-Aprikose;P443;aussprache_audiodatei;http://commons.wikimedia.org/wiki/Special:FilePath/LL-Q7026%20%28cat%29-Millars-albercoquer.wav;
Q37453;Prunus armeniaca;Kultur-Aprikose;P443;aussprache_audiodatei;http://commons.wikimedia.org/wiki/Special:FilePath/Q37453-ar.ogg;
Q37453;Prunus armeniaca;Kultur-Aprikose;P6000;wasserfussabdruck;1287.0;
Q37453;Prunus armeniaca;Kultur-Aprikose;P8193;winterhaerte_der_pflanze;5;
Q37453;Prunus armeniaca;Kultur-Aprikose;P9714;verbreitungsgebiet;Autonomes Gebiet Tibet;
Q37453;Prunus armeniaca;Kultur-Aprikose;P9714;verbreitungsgebiet;Xinjiang;
Q6565319;Syringa vulgaris;Garten-Flieder;P105;taxonomischer_rang;Art;
Q6565319;Syringa vulgaris;Garten-Flieder;P10906;foliage_type;laubabwerfend;
Q6565319;Syringa vulgaris;Garten-Flieder;P141;gefaehrdungsstufe_iucn;nicht gefährdet;
Q6565319;Syringa vulgaris;Garten-Flieder;P1672;ursprung_von;smell of lilac;
Q6565319;Syringa vulgaris;Garten-Flieder;P171;uebergeordnetes_taxon;Flieder;
Q6565319;Syringa vulgaris;Garten-Flieder;P18;bild;http://commons.wikimedia.org/wiki/Special:FilePath/Lilac%20Larousse%20Extracted.png;
Q6565319;Syringa vulgaris;Garten-Flieder;P18;bild;http://commons.wikimedia.org/wiki/Special:FilePath/Syringa%20vulgaris%20Bulgaria%201.jpg;
Q6565319;Syringa vulgaris;Garten-Flieder;P18;bild;http://commons.wikimedia.org/wiki/Special:FilePath/Syringa%20vulgaris%20Bulgaria%206.jpg;
Q6565319;Syringa vulgaris;Garten-Flieder;P18;bild;http://commons.wikimedia.org/wiki/Special:FilePath/Syringa%20vulgaris%2C%20Jela%C5%A1ni%C4%8Dka%20klisura%2C%20Ni%C5%A1%2C%20Srbija.jpg;
Q6565319;Syringa vulgaris;Garten-Flieder;P225;wissenschaftlicher_name;Syringa vulgaris;
Q6565319;Syringa vulgaris;Garten-Flieder;P2713;schnittansicht;http://commons.wikimedia.org/wiki/Special:FilePath/Leaf%20stalk%20%28255%2024%29%20Cross-section%20Syringa%20vulgaris.jpg;
Q6565319;Syringa vulgaris;Garten-Flieder;P31;ist_eine;Taxon;
Q6565319;Syringa vulgaris;Garten-Flieder;P366;verwendung;Heilpflanze;
Q6565319;Syringa vulgaris;Garten-Flieder;P4000;fruchttyp;Kapselfrucht;
Q6565319;Syringa vulgaris;Garten-Flieder;P5555;schematische_darstellung;http://commons.wikimedia.org/wiki/Special:FilePath/Syringa%20vulgaris%20flowerdiagram.png;
Q6565319;Syringa vulgaris;Garten-Flieder;P8193;winterhaerte_der_pflanze;3;
Q6565319;Syringa vulgaris;Garten-Flieder;P9714;verbreitungsgebiet;Autonomes Gebiet Tibet;
Q6565319;Syringa vulgaris;Garten-Flieder;P9714;verbreitungsgebiet;Peking;
Q6565319;Syringa vulgaris;Garten-Flieder;P9714;verbreitungsgebiet;Volksrepublik China;
Q158482;Diospyros kaki;Kakipflaume;P105;taxonomischer_rang;Art;
Q158482;Diospyros kaki;Kakipflaume;P10906;foliage_type;laubabwerfend;
Q158482;Diospyros kaki;Kakipflaume;P141;gefaehrdungsstufe_iucn;nicht gefährdet;
Q158482;Diospyros kaki;Kakipflaume;P1672;ursprung_von;Kaki;
Q158482;Diospyros kaki;Kakipflaume;P171;uebergeordnetes_taxon;Diospyros;
Q158482;Diospyros kaki;Kakipflaume;P18;bild;http://commons.wikimedia.org/wiki/Special:FilePath/Caquier%20a%20la%20Ribera.jpg;
Q158482;Diospyros kaki;Kakipflaume;P18;bild;http://commons.wikimedia.org/wiki/Special:FilePath/Kaki%2020041002.jpg;
Q158482;Diospyros kaki;Kakipflaume;P225;wissenschaftlicher_name;Diospyros kaki;
Q158482;Diospyros kaki;Kakipflaume;P31;ist_eine;Taxon;
Q158482;Diospyros kaki;Kakipflaume;P366;verwendung;Aufforstung;
Q158482;Diospyros kaki;Kakipflaume;P366;verwendung;Baustoff;
Q158482;Diospyros kaki;Kakipflaume;P366;verwendung;Futtermittel;
Q158482;Diospyros kaki;Kakipflaume;P366;verwendung;Heilpflanze;
Q158482;Diospyros kaki;Kakipflaume;P366;verwendung;Holz;
Q158482;Diospyros kaki;Kakipflaume;P366;verwendung;Nahrung;
Q158482;Diospyros kaki;Kakipflaume;P4000;fruchttyp;Beere;
Q158482;Diospyros kaki;Kakipflaume;P443;aussprache_audiodatei;http://commons.wikimedia.org/wiki/Special:FilePath/LL-Q150%20%28fra%29-Guilhelma-plaqueminier.wav;
Q158482;Diospyros kaki;Kakipflaume;P9714;verbreitungsgebiet;Autonomes Gebiet Tibet;
Q158482;Diospyros kaki;Kakipflaume;P9714;verbreitungsgebiet;Guangdong;
Q158482;Diospyros kaki;Kakipflaume;P9714;verbreitungsgebiet;Peking;
Q158482;Diospyros kaki;Kakipflaume;P9714;verbreitungsgebiet;Volksrepublik China;
Q149115;Cunninghamia lanceolata;Spießtanne;P105;taxonomischer_rang;Art;
Q149115;Cunninghamia lanceolata;Spießtanne;P141;gefaehrdungsstufe_iucn;nicht gefährdet;
Q149115;Cunninghamia lanceolata;Spießtanne;P171;uebergeordnetes_taxon;Cunninghamia;
Q149115;Cunninghamia lanceolata;Spießtanne;P18;bild;http://commons.wikimedia.org/wiki/Special:FilePath/Cunninghamia.jpg;
Q149115;Cunninghamia lanceolata;Spießtanne;P225;wissenschaftlicher_name;Cunninghamia lanceolata;
Q149115;Cunninghamia lanceolata;Spießtanne;P31;ist_eine;Taxon;
Q149115;Cunninghamia lanceolata;Spießtanne;P366;verwendung;Aufforstung;
Q149115;Cunninghamia lanceolata;Spießtanne;P366;verwendung;Baustoff;
Q149115;Cunninghamia lanceolata;Spießtanne;P366;verwendung;Bierbrauen;
Q149115;Cunninghamia lanceolata;Spießtanne;P366;verwendung;Heilpflanze;
Q149115;Cunninghamia lanceolata;Spießtanne;P366;verwendung;Holz;
Q149115;Cunninghamia lanceolata;Spießtanne;P366;verwendung;Nahrung;
Q149115;Cunninghamia lanceolata;Spießtanne;P4214;hoechste_beobachtete_lebensdauer;660.0;
Q149115;Cunninghamia lanceolata;Spießtanne;P566;basionym;Pinus lanceolata;
Q149115;Cunninghamia lanceolata;Spießtanne;P9714;verbreitungsgebiet;Autonomes Gebiet Tibet;
Q149115;Cunninghamia lanceolata;Spießtanne;P9714;verbreitungsgebiet;Fujian;
Q149115;Cunninghamia lanceolata;Spießtanne;P9714;verbreitungsgebiet;Guangdong;
Q149115;Cunninghamia lanceolata;Spießtanne;P9714;verbreitungsgebiet;Volksrepublik China;
Q149115;Cunninghamia lanceolata;Spießtanne;P9714;verbreitungsgebiet;Zhoushan-Inseln;
Q1281102;Crataegus oxyacantha 'Paul's Scarlet';Rotdorn;P105;taxonomischer_rang;Cultivar;
Q1281102;Crataegus oxyacantha 'Paul's Scarlet';Rotdorn;P171;uebergeordnetes_taxon;Zweigriffeliger Weißdorn;
Q1281102;Crataegus oxyacantha 'Paul's Scarlet';Rotdorn;P18;bild;http://commons.wikimedia.org/wiki/Special:FilePath/Rotdorn%20%28Crataegus%20laevigata%20%27Paul%27s%20Scarlet%27%29-hms%281%29.jpg;
Q1281102;Crataegus oxyacantha 'Paul's Scarlet';Rotdorn;P225;wissenschaftlicher_name;Crataegus laevigata ʽPaul's Scarlet’;
Q1281102;Crataegus oxyacantha 'Paul's Scarlet';Rotdorn;P31;ist_eine;Cultivar;
Q179729;Taxus species;Eibe;P105;taxonomischer_rang;Art;
Q179729;Taxus species;Eibe;P10906;foliage_type;Immergrüne Pflanze;
Q179729;Taxus species;Eibe;P12766;fungiert_als_basionym_von;Taxus canadensis var. adpressa;
Q179729;Taxus species;Eibe;P1325;externe_daten;https://www.gbif.org/dataset/93725bf2-6ada-47f9-bd5e-0e679e3d245e;
Q179729;Taxus species;Eibe;P13696;taxon_aspect_image;http://commons.wikimedia.org/wiki/Special:FilePath/Taxus%20baccata%20bark%20Siemianowice%202.jpg;
Q179729;Taxus species;Eibe;P141;gefaehrdungsstufe_iucn;nicht gefährdet;
Q179729;Taxus species;Eibe;P1672;ursprung_von;Eibenholz;
Q179729;Taxus species;Eibe;P171;uebergeordnetes_taxon;Eiben;
Q179729;Taxus species;Eibe;P18;bild;http://commons.wikimedia.org/wiki/Special:FilePath/Taxus%20baccata%20tree.jpg;
Q179729;Taxus species;Eibe;P181;verbreitungskarte_des_taxons;http://commons.wikimedia.org/wiki/Special:FilePath/Taxus%20baccata%20range.svg;
Q179729;Taxus species;Eibe;P225;wissenschaftlicher_name;Taxus baccata;
Q179729;Taxus species;Eibe;P31;ist_eine;Taxon;
Q179729;Taxus species;Eibe;P366;verwendung;Heilpflanze;
Q179729;Taxus species;Eibe;P5841;gefaehrdungsstatus_in_der_rote_liste_der_gefaehrdeten_arten_der_tschechischen_republik;gefährdet;
Q179729;Taxus species;Eibe;P8193;winterhaerte_der_pflanze;USDA-Klimazone 6;
Q179729;Taxus species;Eibe;P8592;luftbild;http://commons.wikimedia.org/wiki/Special:FilePath/Coed%20yw%20Owrtyn%2C%20Wrecsam%20-%20Overton%20yew%20trees%2C%20Overton%20conservation%20area%2Cnr%20Wrexham%2C%20Wales%20-%2020%20trees%20up%20to%202%2C000%20years%20old%2001.jpg;
Q179729;Taxus species;Eibe;P9714;verbreitungsgebiet;Myanmar;
Q179729;Taxus species;Eibe;P989;audiodatei_eines_gesprochenen_texts;http://commons.wikimedia.org/wiki/Special:FilePath/Als-Iibe-Artikel.ogg;
Q3002196;Crataegus coccinea;Scharlach-Weißdorn;P105;taxonomischer_rang;Art;
Q3002196;Crataegus coccinea;Scharlach-Weißdorn;P10906;foliage_type;laubabwerfend;
Q3002196;Crataegus coccinea;Scharlach-Weißdorn;P12766;fungiert_als_basionym_von;Mespilus coccinea;
Q3002196;Crataegus coccinea;Scharlach-Weißdorn;P141;gefaehrdungsstufe_iucn;nicht gefährdet;
Q3002196;Crataegus coccinea;Scharlach-Weißdorn;P171;uebergeordnetes_taxon;Weißdorne;
Q3002196;Crataegus coccinea;Scharlach-Weißdorn;P18;bild;http://commons.wikimedia.org/wiki/Special:FilePath/Crataegus%20pedicellata.jpg;
Q3002196;Crataegus coccinea;Scharlach-Weißdorn;P225;wissenschaftlicher_name;Crataegus coccinea;
Q3002196;Crataegus coccinea;Scharlach-Weißdorn;P31;ist_eine;Taxon;
Q124969;Corylus species;Hasel;P105;taxonomischer_rang;Art;
Q124969;Corylus species;Hasel;P10906;foliage_type;laubabwerfend;
Q124969;Corylus species;Hasel;P13696;taxon_aspect_image;http://commons.wikimedia.org/wiki/Special:FilePath/Corylus%20avellana%20bark%20Siemianowice.jpg;
Q124969;Corylus species;Hasel;P141;gefaehrdungsstufe_iucn;nicht gefährdet;
Q124969;Corylus species;Hasel;P1672;ursprung_von;Haselnuss;
Q124969;Corylus species;Hasel;P1672;ursprung_von;hazelnut oil;
Q124969;Corylus species;Hasel;P1672;ursprung_von;hazelnut scent;
Q124969;Corylus species;Hasel;P171;uebergeordnetes_taxon;Hasel;
Q124969;Corylus species;Hasel;P18;bild;http://commons.wikimedia.org/wiki/Special:FilePath/Corylus%20avellana%20shrub.jpg;
Q124969;Corylus species;Hasel;P181;verbreitungskarte_des_taxons;http://commons.wikimedia.org/wiki/Special:FilePath/Corylus%20avellana%20range.svg;
Q124969;Corylus species;Hasel;P225;wissenschaftlicher_name;Corylus avellana;
Q124969;Corylus species;Hasel;P2670;enthaelt_elemente_von;Wild Food;
Q124969;Corylus species;Hasel;P279;unterklasse_von;Nutzpflanze;
Q124969;Corylus species;Hasel;P31;ist_eine;Taxon;
Q124969;Corylus species;Hasel;P366;verwendung;Nuss;
Q124969;Corylus species;Hasel;P4000;fruchttyp;Nussfrucht;
Q124969;Corylus species;Hasel;P443;aussprache_audiodatei;http://commons.wikimedia.org/wiki/Special:FilePath/LL-Q150%20%28fra%29-Guilhelma-Corylus%20avellana.wav;
Q124969;Corylus species;Hasel;P527;besteht_aus;Corylus avellana var. avellana;
Q124969;Corylus species;Hasel;P527;besteht_aus;Corylus avellana var. pontica;
Q124969;Corylus species;Hasel;P527;besteht_aus;Corylus avellana ʽHeterophylla’;
Q124969;Corylus species;Hasel;P527;besteht_aus;Corylus avellana ʽKataloński’;
Q124969;Corylus species;Hasel;P527;besteht_aus;Corylus avellana ʽRed Baron’;
Q124969;Corylus species;Hasel;P527;besteht_aus;Corylus avellana ʽRosita’;
Q124969;Corylus species;Hasel;P527;besteht_aus;Korkenzieherhasel;
Q124969;Corylus species;Hasel;P8193;winterhaerte_der_pflanze;4;
Q87599757;Cladrastis lutea;Amerikanisches Gelbholz;P105;taxonomischer_rang;Art;
Q87599757;Cladrastis lutea;Amerikanisches Gelbholz;P10906;foliage_type;laubabwerfend;
Q87599757;Cladrastis lutea;Amerikanisches Gelbholz;P171;uebergeordnetes_taxon;Cladrastis;
Q87599757;Cladrastis lutea;Amerikanisches Gelbholz;P225;wissenschaftlicher_name;Cladrastis lutea;
Q87599757;Cladrastis lutea;Amerikanisches Gelbholz;P31;ist_eine;Taxon;
Q149622;Populus x canadensis 'Serotina';Serotina-Hybrig-Pappel;P105;taxonomischer_rang;Nothospecies;
Q149622;Populus x canadensis 'Serotina';Serotina-Hybrig-Pappel;P1531;hybrideltern;Kanadische Schwarz-Pappel;
Q149622;Populus x canadensis 'Serotina';Serotina-Hybrig-Pappel;P1531;hybrideltern;Schwarz-Pappel;
Q149622;Populus x canadensis 'Serotina';Serotina-Hybrig-Pappel;P171;uebergeordnetes_taxon;Pappeln;
Q149622;Populus x canadensis 'Serotina';Serotina-Hybrig-Pappel;P18;bild;http://commons.wikimedia.org/wiki/Special:FilePath/20140316Pappel2.jpg;
Q149622;Populus x canadensis 'Serotina';Serotina-Hybrig-Pappel;P18;bild;http://commons.wikimedia.org/wiki/Special:FilePath/Populier%20Populus%20canadensis.jpg;
Q149622;Populus x canadensis 'Serotina';Serotina-Hybrig-Pappel;P225;wissenschaftlicher_name;Populus × canadensis;
Q149622;Populus x canadensis 'Serotina';Serotina-Hybrig-Pappel;P31;ist_eine;hybrid taxon;
Q149622;Populus x canadensis 'Serotina';Serotina-Hybrig-Pappel;P9714;verbreitungsgebiet;Volksrepublik China;
Q1306148;Populus lasiocarpa;Chinesische Großblatt-Pappel;P105;taxonomischer_rang;Art;
Q1306148;Populus lasiocarpa;Chinesische Großblatt-Pappel;P171;uebergeordnetes_taxon;Pappeln;
Q1306148;Populus lasiocarpa;Chinesische Großblatt-Pappel;P18;bild;http://commons.wikimedia.org/wiki/Special:FilePath/Populus%20lasiocarpa.jpg;
Q1306148;Populus lasiocarpa;Chinesische Großblatt-Pappel;P225;wissenschaftlicher_name;Populus lasiocarpa;
Q1306148;Populus lasiocarpa;Chinesische Großblatt-Pappel;P31;ist_eine;Taxon;
Q1306148;Populus lasiocarpa;Chinesische Großblatt-Pappel;P366;verwendung;Heilpflanze;
Q1306148;Populus lasiocarpa;Chinesische Großblatt-Pappel;P9714;verbreitungsgebiet;Peking;
Q1306148;Populus lasiocarpa;Chinesische Großblatt-Pappel;P9714;verbreitungsgebiet;Volksrepublik China;
Q130533394;Tilia americana 'Nova';Sorte der Amerikanischen Linde;P105;taxonomischer_rang;Cultivar;
Q130533394;Tilia americana 'Nova';Sorte der Amerikanischen Linde;P171;uebergeordnetes_taxon;Amerikanische Linde;
Q130533394;Tilia americana 'Nova';Sorte der Amerikanischen Linde;P225;wissenschaftlicher_name;Tilia americana 'Nova';
Q130533394;Tilia americana 'Nova';Sorte der Amerikanischen Linde;P31;ist_eine;Taxon;
Q460523;Pinus ponderosa;Gelb-Kiefer;P105;taxonomischer_rang;Art;
Q460523;Pinus ponderosa;Gelb-Kiefer;P141;gefaehrdungsstufe_iucn;nicht gefährdet;
Q460523;Pinus ponderosa;Gelb-Kiefer;P1672;ursprung_von;ponderosa pine;
Q460523;Pinus ponderosa;Gelb-Kiefer;P171;uebergeordnetes_taxon;Pinus sect. Pseudostrobus;
Q460523;Pinus ponderosa;Gelb-Kiefer;P18;bild;http://commons.wikimedia.org/wiki/Special:FilePath/Pinus%20ponderosa%208144t.jpg;
Q460523;Pinus ponderosa;Gelb-Kiefer;P18;bild;http://commons.wikimedia.org/wiki/Special:FilePath/Pinus%20ponderosa%20benthamiana%20San%20Gorgonio.jpg;
Q460523;Pinus ponderosa;Gelb-Kiefer;P18;bild;http://commons.wikimedia.org/wiki/Special:FilePath/Pinus%20ponderosa%20brachyptera%20tree.jpg;
Q460523;Pinus ponderosa;Gelb-Kiefer;P18;bild;http://commons.wikimedia.org/wiki/Special:FilePath/Pinus%20ponderosa%20subsp.%20scopulorum%2C%20Dinosaur%20Ridge%2C%20Denver%2C%20Colorado%202017-09-30%201730.jpg;
Q460523;Pinus ponderosa;Gelb-Kiefer;P181;verbreitungskarte_des_taxons;http://commons.wikimedia.org/wiki/Special:FilePath/Pinus%20ponderosa%20subspecies%20range%20map.png;
Q460523;Pinus ponderosa;Gelb-Kiefer;P225;wissenschaftlicher_name;Pinus ponderosa;
Q460523;Pinus ponderosa;Gelb-Kiefer;P279;unterklasse_von;Nutzpflanze;
Q460523;Pinus ponderosa;Gelb-Kiefer;P279;unterklasse_von;evergreen tree;
Q460523;Pinus ponderosa;Gelb-Kiefer;P31;ist_eine;Taxon;
Q460523;Pinus ponderosa;Gelb-Kiefer;P3648;natureserve_conservation_status;secure;
Q460523;Pinus ponderosa;Gelb-Kiefer;P4214;hoechste_beobachtete_lebensdauer;929.0;
Q460523;Pinus ponderosa;Gelb-Kiefer;P9714;verbreitungsgebiet;Volksrepublik China;
Q2532563;Sorbus hybrida;Nordische Mehlbeere;P105;taxonomischer_rang;Art;
Q2532563;Sorbus hybrida;Nordische Mehlbeere;P12766;fungiert_als_basionym_von;Ariosorbus hybrida;
Q2532563;Sorbus hybrida;Nordische Mehlbeere;P141;gefaehrdungsstufe_iucn;nicht gefährdet;
Q2532563;Sorbus hybrida;Nordische Mehlbeere;P171;uebergeordnetes_taxon;Mehlbeeren;
Q2532563;Sorbus hybrida;Nordische Mehlbeere;P18;bild;http://commons.wikimedia.org/wiki/Special:FilePath/Sorbus%20hybrida1.jpg;
Q2532563;Sorbus hybrida;Nordische Mehlbeere;P225;wissenschaftlicher_name;Sorbus hybrida;
Q2532563;Sorbus hybrida;Nordische Mehlbeere;P31;ist_eine;Taxon;
